Id,Sales
1,4411.689
2,8397.766
3,12429.471
4,8158.1562
5,9413.41
6,7038.645
7,8992.733
8,9301.058
9,4790.619
10,6352.2363
11,7902.865
12,10476.833
13,7722.5415
14,8636.27
15,5975.703
16,5181.537
17,6474.7876
18,12400.769
19,12842.832
20,12268.552
21,9306.702
22,4865.765
23,6830.529
24,4401.8696
25,10252.579
26,12754.322
27,11925.084
28,7480.3525
29,5482.114
30,5437.0264
31,5224.5264
32,11908.955
33,7498.0464
34,6335.457
35,4890.221
36,8669.149
37,4169.275
38,9827.643
39,5194.4385
40,7799.6157
41,6521.303
42,7019.531
43,9693.247
44,7672.448
45,6646.875
46,8021.929
47,7466.816
48,12794.906
49,7430.0225
50,11415.342
51,10222.213
52,9799.143
53,7302.6787
54,10197.751
55,4560.916
56,5631.7686
57,7206.8433
58,7749.2812
59,9790.258
60,9649.772
61,7538.735
62,9808.428
63,8004.5645
64,10007.741
65,4407.2686
66,16460.574
67,5407.3604
68,6352.836
69,11489.453
70,5110.1016
71,6391.583
72,6788.8945
73,8497.352
74,6624.5576
75,4863.7466
76,8212.148
77,8713.923
78,8503.861
79,6366.2476
80,9840.502
81,14113.291
82,8143.401
83,5865.5386
84,7852.5684
85,7890.6035
86,6212.472
87,7747.9507
88,4430.232
89,10097.415
90,7229.1904
91,8281.351
92,8829.189
93,5342.292
94,5672.7754
95,5330.269
96,10044.997
97,8888.683
98,5197.7144
99,5399.5107
100,7219.2476
101,6838.1685
102,6026.067
103,7563.972
104,7072.6772
105,9524.774
106,5944.2827
107,5352.115
108,7771.5605
109,8261.855
110,8083.2656
111,9714.9795
112,9568.845
113,5415.9033
114,9783.416
115,6798.965
116,6681.052
117,10421.67
118,6700.2227
119,13109.601
120,9453.25
121,8063.1685
122,6605.4526
123,9259.016
124,8982.087
125,7249.532
126,4476.001
127,6494.7104
128,10439.527
129,6296.648
130,5164.6714
131,10018.704
132,7330.3135
133,6407.6978
134,6843.969
135,6209.522
136,8938.562
137,8892.201
138,6705.465
139,6321.055
140,5732.483
141,7554.6494
142,4215.6772
143,7909.599
144,6447.671
145,10323.867
146,8551.598
147,7211.0854
148,14601.183
149,6830.1313
150,5942.877
151,13838.896
152,7734.9775
153,9589.859
154,10069.188
155,6239.171
156,7791.8306
157,5921.0312
158,8648.98
159,14671.034
160,6954.0435
161,3374.0022
162,5781.757
163,10089.357
164,10662.946
165,6138.332
166,7037.0137
167,5480.906
168,5359.927
169,3922.6455
170,5925.042
171,7431.355
172,8509.6875
173,8193.302
174,7479.6035
175,8519.685
176,10134.986
177,9003.624
178,4921.438
179,13632.829
180,11874.771
181,6005.4785
182,8218.809
183,6169.9536
184,7942.1206
185,4023.9746
186,7307.9673
187,6040.1367
188,13118.605
189,8229.21
190,9468.734
191,9883.714
192,6380.095
193,10407.754
194,26468.041
195,10236.848
196,6004.608
197,3699.0007
198,6291.047
199,10026.515
200,5992.9243
201,13319.136
202,22459.514
203,4298.909
204,6486.9404
205,11658.23
206,5084.299
207,9387.91
208,6921.757
209,9271.299
210,4614.061
211,6582.3076
212,6297.855
213,8969.956
214,9924.598
215,7246.795
216,7201.765
217,8071.217
218,5250.93
219,6672.69
220,8137.4766
221,5347.349
222,6799.9375
223,8957.089
224,7795.607
225,7866.1294
226,8278.665
227,9723.285
228,8585.891
229,10049.339
230,9810.224
231,6777.9795
232,4301.641
233,6823.275
234,7777.3296
235,6333.898
236,5011.4688
237,11391.969
238,7289.8667
239,10849.272
240,8994.655
241,6203.803
242,5754.3413
243,5333.5493
244,12376.806
245,5471.942
246,8952.861
247,24615.77
248,8398.807
249,6712.312
250,5998.769
251,5576.449
252,8522.7
253,4794.729
254,6760.3403
255,13621.418
256,5745.8403
257,14034.673
258,20926.836
259,6079.1045
260,8318.906
261,6585.0015
262,8135.195
263,6849.69
264,11350.128
265,8403.126
266,11936.805
267,4701.0474
268,9235.898
269,6089.6143
270,9339.131
271,7705.163
272,7052.1387
273,7324.8203
274,5464.2905
275,10563.595
276,11526.639
277,7317.551
278,14270.897
279,8051.9478
280,10924.3545
281,6536.074
282,5001.4116
283,6333.493
284,11866.585
285,7812.794
286,9892.211
287,7598.181
288,10835.983
289,5331.3623
290,9979.68
291,8602.735
292,4208.8745
293,20293.13
294,25868.65
295,7387.5317
296,8262.479
297,10818.532
298,13009.583
299,14184.839
300,5743.632
301,8422.126
302,7273.8574
303,10277.221
304,4683.14
305,6307.4375
306,6114.9395
307,6282.7715
308,9678.992
309,6489.744
310,5358.49
311,8245.435
312,4583.7046
313,5477.305
314,7348.374
315,6914.1357
316,11558.389
317,9469.728
318,7589.6997
319,7659.7256
320,7857.8057
321,14964.724
322,7626.701
323,5674.0093
324,4941.6187
325,11661.389
326,5325.421
327,8374.817
328,3604.4805
329,5965.526
330,8575.26
331,6507.6206
332,4880.64
333,9179.736
334,11704.299
335,16538.28
336,6384.442
337,10717.188
338,3825.414
339,5738.627
340,7907.057
341,5002.8237
342,12164.423
343,5457.0815
344,6342.483
345,10460.099
346,12973.601
347,10718.804
348,6570.86
349,5784.0513
350,8489.259
351,9849.977
352,6873.283
353,5020.593
354,8809.145
355,11559.193
356,5242.7773
357,7019.082
358,10167.11
359,9313.361
360,17376.041
361,7577.107
362,16470.248
363,6926.492
364,5855.415
365,4150.3906
366,8054.5825
367,6342.592
368,5913.925
369,10079.019
370,5185.532
371,5311.161
372,8707.675
373,4489.959
374,8775.19
375,8049.7593
376,8676.453
377,10455.172
378,6432.069
379,11724.901
380,7182.941
381,6056.423
382,5821.5894
383,4966.9766
384,14065.909
385,7470.2354
386,5608.2246
387,7947.4707
388,10229.898
389,8715.867
390,6864.766
391,9912.025
392,6952.08
393,4854.9907
394,5107.709
395,9244.218
396,7025.4985
397,7862.964
398,6235.0483
399,5884.5356
400,5391.554
401,6090.079
402,8833.569
403,8065.6294
404,13359.135
405,11940.368
406,9731.857
407,9095.781
408,6107.694
409,14857.722
410,14125.842
411,7968.5947
412,10858.237
413,9414.057
414,7871.796
415,4685.987
416,14153.298
417,6771.847
418,8761.668
419,6430.0815
420,2920.785
421,13704.634
422,6283.8564
423,5291.869
424,5834.408
425,6307.2573
426,8095.827
427,8788.458
428,8649.649
429,6435.561
430,4695.84
431,4907.2583
432,4224.1064
433,8290.937
434,21111.32
435,5211.2324
436,6652.437
437,8199.454
438,6380.923
439,4910.414
440,6039.33
441,4810.355
442,8422.793
443,8326.583
444,4129.567
445,11514.059
446,5616.3135
447,5859.8013
448,14644.515
449,8780.893
450,13184.156
451,6706.047
452,7343.7847
453,5517.84
454,5971.84
455,25953.31
456,11224.305
457,7629.088
458,5980.852
459,5926.9077
460,7401.7227
461,5269.2085
462,12052.519
463,6733.8066
464,5529.7896
465,8031.8975
466,5226.864
467,7562.5728
468,9206.242
469,7066.096
470,8681.743
471,4866.8423
472,6025.6416
473,6735.7275
474,11634.1045
475,9527.682
476,8939.192
477,4453.187
478,8346.2295
479,7568.562
480,5611.7886
481,8359.16
482,8286.359
483,6840.7847
484,7857.618
485,7082.209
486,6044.2114
487,5970.4214
488,10148.3545
489,6483.6743
490,6381.319
491,9240.348
492,6521.8755
493,5681.618
494,13717.619
495,6086.107
496,3826.5237
497,9389.97
498,8784.788
499,13744.702
500,5447.523
501,7417.0654
502,6558.2617
503,9369.197
504,6425.753
505,9321.769
506,3659.4463
507,5990.021
508,7006.8613
509,5964.6157
510,5736.8755
511,8472.757
512,8598.199
513,8219.437
514,9636.693
515,7862.364
516,10559.757
517,4584.343
518,6934.8745
519,7643.378
520,9179.526
521,9614.036
522,4357.4106
523,9666.206
524,6800.359
525,8276.652
526,5951.647
527,5111.423
528,8835.011
529,6876.188
530,11035.927
531,7691.77
532,6750.862
533,9889.7295
534,7866.7295
535,7084.0464
536,8722.1875
537,6789.5747
538,12086.339
539,12414.543
540,10104.322
541,5541.9873
542,5697.992
543,4674.986
544,0.0
545,8741.993
546,5449.6436
547,11001.52
548,4553.5566
549,5592.797
550,6623.97
551,10749.394
552,5973.623
553,5431.33
554,6057.347
555,5712.217
556,5095.281
557,8452.312
558,9249.351
559,9339.896
560,9393.804
561,7810.872
562,6987.7734
563,5477.4355
564,6161.626
565,12281.055
566,10731.642
567,9137.998
568,17017.72
569,5972.637
570,4522.019
571,7499.3267
572,10754.727
573,10270.528
574,9510.468
575,9630.372
576,9703.19
577,8267.681
578,7483.25
579,6793.0723
580,5754.759
581,4772.225
582,4809.7676
583,5687.8975
584,9316.685
585,23513.408
586,8986.577
587,6814.6504
588,8338.774
589,5037.171
590,7710.1694
591,4909.028
592,10262.715
593,6834.5234
594,7644.982
595,20039.375
596,10955.981
597,5935.252
598,8577.804
599,4761.322
600,6048.9346
601,6512.924
602,8350.274
603,5323.999
604,5035.7056
605,5966.3
606,5618.8105
607,8053.023
608,8204.594
609,4786.435
610,9199.527
611,11720.262
612,7076.5503
613,5758.778
614,5105.7993
615,9441.698
616,5208.668
617,12596.151
618,5567.3076
619,6096.8794
620,8199.931
621,6310.2056
622,4666.316
623,4977.482
624,6617.636
625,14415.436
626,13171.826
627,6933.8096
628,5220.516
629,8073.665
630,10180.336
631,5040.646
632,6536.0054
633,7333.824
634,13624.472
635,9350.896
636,7732.3145
637,7710.2065
638,5254.3823
639,11159.9795
640,6339.6763
641,18576.885
642,7487.2407
643,6109.4067
644,6557.38
645,4394.1714
646,7368.3066
647,23996.176
648,4274.967
649,6255.015
650,11136.63
651,6710.968
652,9205.688
653,9279.278
654,7258.5894
655,4881.092
656,4114.9077
657,13386.391
658,7423.067
659,9822.807
660,9327.051
661,5360.9136
662,7464.11
663,7474.9395
664,4234.927
665,10233.47
666,9321.039
667,5012.468
668,9685.457
669,7714.3623
670,5962.642
671,12637.606
672,8271.42
673,8526.814
674,5488.6123
675,5224.8203
676,8454.142
677,0.0
678,10728.438
679,4659.4976
680,7861.839
681,5563.3423
682,6167.5
683,7324.373
684,8416.272
685,7100.2407
686,10191.129
687,6754.5005
688,8416.7705
689,6549.8726
690,11045.763
691,13932.938
692,9425.745
693,3586.857
694,6656.5503
695,8562.461
696,4233.695
697,12601.042
698,5828.318
699,8220.142
700,15885.022
701,8433.871
702,4203.354
703,10051.495
704,11790.863
705,6764.8877
706,12127.631
707,9834.534
708,6321.555
709,7064.0205
710,8461.241
711,5765.5054
712,6728.998
713,9410.933
714,5373.118
715,8582.968
716,8925.578
717,7887.0894
718,8396.38
719,7405.5923
720,8749.017
721,5562.1113
722,7942.7495
723,8019.221
724,7884.57
725,8585.293
726,8745.829
727,13348.055
728,7199.9106
729,5588.9736
730,7414.229
731,8478.65
732,7823.853
733,5299.4863
734,5310.077
735,10046.952
736,7703.5537
737,7803.4326
738,9234.049
739,6011.4277
740,7950.4956
741,5665.0806
742,3444.3806
743,7917.849
744,7549.7656
745,7420.023
746,11874.646
747,10578.153
748,5673.9927
749,9091.332
750,5001.5405
751,3376.272
752,7834.711
753,14997.786
754,8858.738
755,8612.005
756,4777.203
757,8254.972
758,10738.553
759,7045.7583
760,9340.841
761,5425.422
762,6021.9814
763,5761.481
764,7229.287
765,6205.022
766,5887.455
767,5522.7896
768,5535.1245
769,7073.453
770,8155.503
771,5574.8164
772,7930.736
773,8599.446
774,7317.7393
775,5151.3237
776,10761.509
777,8117.515
778,5570.6597
779,3963.6145
780,11786.95
781,7177.3936
782,5847.2056
783,8655.665
784,11398.87
785,8633.141
786,7060.659
787,10239.826
788,10454.064
789,16180.049
790,6047.4985
791,5940.264
792,5756.032
793,7894.9097
794,5897.3467
795,10278.574
796,10673.997
797,5925.387
798,4443.949
799,6509.3467
800,10491.862
801,5505.5273
802,8746.905
803,4237.0605
804,7802.2866
805,9588.981
806,7666.501
807,9966.191
808,7105.478
809,4655.2993
810,7212.991
811,8375.456
812,10210.081
813,7909.343
814,10203.997
815,7211.299
816,5256.924
817,12550.894
818,4687.8735
819,12388.687
820,6204.4126
821,5177.219
822,8272.761
823,7204.4443
824,7820.593
825,9943.537
826,4575.8936
827,5558.2236
828,8886.732
829,9262.204
830,12338.136
831,6321.1694
832,7466.6235
833,6374.712
834,7768.6187
835,6002.615
836,12714.909
837,10761.058
838,17365.951
839,4589.0464
840,6694.5435
841,1.7912652
842,13456.794
843,5900.1265
844,12366.918
845,7129.007
846,6517.3174
847,5343.0156
848,5072.765
849,6188.927
850,7010.4175
851,4411.344
852,5670.5464
853,10385.522
854,8085.5635
855,27080.287
856,7791.667
857,4466.5327
858,8684.542
859,12913.395
860,8574.744
861,9769.02
862,7206.795
863,9284.439
864,9627.011
865,4989.3086
866,6637.536
867,7932.673
868,10786.983
869,8024.929
870,8738.2
871,6038.9214
872,5431.8325
873,6506.727
874,12854.105
875,13068.317
876,12733.429
877,9468.328
878,5075.674
879,6844.1587
880,4697.1167
881,10610.609
882,12919.801
883,12276.9795
884,7538.9937
885,5780.742
886,5593.6987
887,5295.404
888,12346.246
889,7626.4106
890,6334.369
891,5009.0312
892,8964.576
893,4365.124
894,9810.532
895,5209.026
896,8070.57
897,6668.1855
898,7254.7617
899,9642.394
900,7956.9214
901,6838.24
902,8388.191
903,7550.061
904,13072.119
905,7448.762
906,11762.895
907,10520.892
908,9924.209
909,7385.489
910,10475.154
911,4841.612
912,5843.9604
913,7499.005
914,7751.336
915,9894.277
916,9661.266
917,7807.2446
918,9828.073
919,8231.989
920,10275.389
921,4594.245
922,17110.566
923,5655.3354
924,6557.286
925,11878.86
926,5174.8003
927,6501.801
928,7049.603
929,8585.76
930,6583.978
931,4947.783
932,8277.244
933,8768.564
934,8778.64
935,6565.3594
936,10083.172
937,14269.7
938,8416.048
939,5946.4097
940,7865.9414
941,8085.139
942,6196.458
943,7769.026
944,4647.876
945,10206.8
946,7477.8843
947,8406.894
948,9374.954
949,5565.3965
950,5743.468
951,5438.7173
952,10086.558
953,9244.932
954,5280.282
955,5511.044
956,7341.2285
957,6836.349
958,6339.0293
959,7828.7124
960,7380.0947
961,9759.827
962,6009.0425
963,5541.818
964,7788.435
965,8546.241
966,8622.665
967,9686.769
968,9672.754
969,5503.805
970,9883.195
971,7151.529
972,6908.1636
973,10404.855
974,6854.834
975,13635.898
976,9496.437
977,8173.663
978,6523.2627
979,9582.2705
980,9003.916
981,7618.98
982,4690.763
983,6732.837
984,10805.766
985,6375.186
986,5394.0127
987,10364.949
988,7578.6606
989,6612.809
990,6939.215
991,6550.0225
992,9273.483
993,8933.865
994,7059.6763
995,6364.2686
996,6009.53
997,7675.0903
998,4372.7295
999,8203.584
1000,6589.0605
1001,10379.491
1002,8812.321
1003,7442.4917
1004,14762.802
1005,7088.602
1006,5873.41
1007,14378.637
1008,7850.187
1009,9580.826
1010,10397.882
1011,6163.278
1012,7786.2217
1013,6085.132
1014,9001.006
1015,15147.2295
1016,7042.3315
1017,3392.9097
1018,5948.0034
1019,10212.507
1020,10723.927
1021,6414.3633
1022,7160.47
1023,5576.4277
1024,5708.0938
1025,4111.4233
1026,6161.1616
1027,7442.087
1028,8477.429
1029,8430.999
1030,7767.7666
1031,8548.482
1032,10089.867
1033,9066.93
1034,5007.1157
1035,13986.647
1036,12055.91
1037,6200.5493
1038,8481.312
1039,6298.666
1040,8088.3403
1041,3992.412
1042,7760.5312
1043,6142.0864
1044,13442.107
1045,8333.407
1046,9573.419
1047,10181.676
1048,6374.6206
1049,10606.39
1050,27321.52
1051,10319.644
1052,6293.4116
1053,3721.099
1054,6345.865
1055,10359.691
1056,6113.598
1057,12802.938
1058,22137.375
1059,4419.4014
1060,6786.4536
1061,11832.15
1062,5229.258
1063,9768.898
1064,7117.5312
1065,9617.595
1066,4334.424
1067,6688.5503
1068,6433.9897
1069,9275.014
1070,10094.661
1071,7130.9106
1072,7233.17
1073,8322.716
1074,5328.1543
1075,6832.138
1076,8273.195
1077,5485.6914
1078,6776.9453
1079,9312.615
1080,8034.112
1081,8064.568
1082,8500.594
1083,10024.822
1084,8649.1455
1085,10410.892
1086,10065.061
1087,7014.5845
1088,4297.2407
1089,7019.6777
1090,8000.8853
1091,6383.273
1092,5190.3623
1093,11800.909
1094,7347.085
1095,11204.688
1096,9228.405
1097,6180.008
1098,5979.358
1099,5419.381
1100,12450.21
1101,5563.2944
1102,9225.166
1103,25297.93
1104,8399.568
1105,7022.497
1106,5975.435
1107,5829.986
1108,8793.992
1109,4985.836
1110,6999.647
1111,14097.511
1112,5753.9956
1113,13573.383
1114,21452.484
1115,6004.293
1116,8589.093
1117,6800.56
1118,8420.785
1119,7072.212
1120,11434.727
1121,8360.763
1122,12350.015
1123,4932.0684
1124,9567.924
1125,6032.0474
1126,9615.237
1127,7709.118
1128,7236.655
1129,7313.769
1130,5278.0366
1131,10706.849
1132,11915.192
1133,7292.6206
1134,14764.224
1135,8109.15
1136,11102.798
1137,6730.0376
1138,5208.7725
1139,6421.2437
1140,12000.009
1141,7810.8047
1142,9922.373
1143,7639.442
1144,10972.431
1145,5265.7617
1146,10344.161
1147,8907.515
1148,4206.571
1149,21030.074
1150,26553.879
1151,7463.747
1152,8369.18
1153,11046.437
1154,13459.554
1155,14685.691
1156,6049.46
1157,8759.972
1158,7341.838
1159,10271.508
1160,4889.344
1161,6587.992
1162,6181.346
1163,6535.962
1164,10028.379
1165,6737.263
1166,5622.386
1167,8220.573
1168,4785.6274
1169,5565.805
1170,7389.5825
1171,7059.279
1172,11575.024
1173,9610.534
1174,7884.412
1175,7622.927
1176,7862.806
1177,15476.526
1178,7929.0645
1179,5931.098
1180,5037.2383
1181,11827.558
1182,5503.842
1183,8491.534
1184,3673.412
1185,6216.8765
1186,8957.747
1187,6563.681
1188,4814.39
1189,9242.922
1190,11920.876
1191,17086.709
1192,6503.9287
1193,10979.276
1194,4007.197
1195,5783.77
1196,8001.58
1197,5081.453
1198,12560.306
1199,5729.7554
1200,6551.472
1201,10864.349
1202,13405.491
1203,10741.359
1204,6760.437
1205,6134.2524
1206,9056.636
1207,9857.053
1208,7144.8267
1209,4988.728
1210,8911.475
1211,12004.221
1212,5246.8
1213,7350.0566
1214,10131.353
1215,9706.458
1216,18140.074
1217,7671.007
1218,17097.273
1219,7104.224
1220,5932.3936
1221,4356.1143
1222,8299.901
1223,6480.843
1224,5963.29
1225,10379.105
1226,5250.79
1227,5582.5854
1228,8758.075
1229,4632.7515
1230,9044.456
1231,8057.587
1232,9020.687
1233,10629.926
1234,6478.321
1235,12028.7705
1236,7411.853
1237,6162.2256
1238,5799.0996
1239,5137.701
1240,14549.888
1241,7599.181
1242,5881.5225
1243,8220.188
1244,10572.132
1245,9035.618
1246,7087.1484
1247,10304.871
1248,7116.9473
1249,4686.0044
1250,5217.2803
1251,9286.901
1252,7359.899
1253,8074.0425
1254,6376.111
1255,5933.3896
1256,5564.51
1257,5993.999
1258,8937.812
1259,8402.028
1260,13585.415
1261,12387.954
1262,9769.084
1263,9379.015
1264,6316.7695
1265,15431.027
1266,14496.311
1267,8167.0703
1268,11248.46
1269,9736.082
1270,8095.796
1271,4917.5903
1272,14590.812
1273,6889.699
1274,9127.31
1275,6663.608
1276,2974.5132
1277,14214.999
1278,6327.238
1279,5285.392
1280,6053.9624
1281,6379.633
1282,8387.359
1283,9097.187
1284,8741.275
1285,6562.0664
1286,4772.3984
1287,5129.3037
1288,4401.2817
1289,8390.0
1290,20554.373
1291,5439.324
1292,6672.6455
1293,8509.963
1294,6629.3237
1295,5006.027
1296,6020.471
1297,5034.2266
1298,8436.405
1299,8356.848
1300,4314.0923
1301,11591.33
1302,6000.7603
1303,6049.229
1304,15117.644
1305,8871.887
1306,13643.99
1307,7114.1514
1308,7585.871
1309,5587.481
1310,6111.324
1311,26760.621
1312,11410.563
1313,7635.399
1314,6257.5273
1315,5891.033
1316,7624.3594
1317,5521.6675
1318,12594.001
1319,6940.1216
1320,5672.158
1321,7996.6895
1322,5209.3237
1323,7762.6113
1324,9477.02
1325,7150.553
1326,8634.523
1327,5077.4604
1328,6169.171
1329,6890.067
1330,11689.483
1331,9850.935
1332,8917.333
1333,4726.885
1334,8398.03
1335,7807.252
1336,5841.486
1337,8661.4795
1338,8606.019
1339,7078.488
1340,7947.4253
1341,7274.135
1342,6130.012
1343,6003.136
1344,10445.035
1345,6479.73
1346,6576.183
1347,9417.99
1348,6535.7686
1349,5994.0674
1350,13993.1455
1351,6296.2637
1352,3885.5972
1353,9722.821
1354,8971.171
1355,14243.321
1356,5684.54
1357,7668.951
1358,6770.5103
1359,9659.174
1360,6487.151
1361,9436.927
1362,3694.3
1363,6118.9014
1364,7192.388
1365,6031.662
1366,5994.159
1367,8513.39
1368,8710.906
1369,8414.908
1370,9968.91
1371,7949.882
1372,10688.657
1373,4542.104
1374,7408.1357
1375,7957.627
1376,9166.228
1377,9909.794
1378,4598.213
1379,9357.641
1380,7018.64
1381,8430.693
1382,6051.1855
1383,5282.9673
1384,8986.911
1385,7200.838
1386,11237.276
1387,7654.7954
1388,6999.994
1389,10049.904
1390,8178.576
1391,7210.597
1392,8999.486
1393,7189.8433
1394,12534.816
1395,12702.559
1396,10390.595
1397,5723.0586
1398,5824.494
1399,4890.254
1400,0.0
1401,9030.922
1402,5458.831
1403,11486.45
1404,4626.626
1405,5603.952
1406,6902.506
1407,11131.564
1408,5877.064
1409,5496.6333
1410,6194.3364
1411,5899.828
1412,5198.6616
1413,8717.838
1414,9491.447
1415,9602.7
1416,9412.09
1417,7912.3384
1418,6984.5146
1419,5638.3906
1420,6097.5947
1421,12539.874
1422,11096.182
1423,9563.225
1424,16683.807
1425,6256.644
1426,4619.6895
1427,7827.5703
1428,10871.947
1429,10417.695
1430,9518.082
1431,9611.79
1432,9848.2295
1433,8521.172
1434,7472.252
1435,6867.045
1436,6033.0024
1437,4778.794
1438,4994.7085
1439,5971.2646
1440,9452.862
1441,24388.797
1442,9248.662
1443,6988.813
1444,8665.934
1445,5061.653
1446,7730.7363
1447,4991.5938
1448,10458.901
1449,6896.4316
1450,7943.5146
1451,20581.66
1452,10551.29
1453,6199.4673
1454,8983.646
1455,4854.889
1456,6243.3022
1457,6756.5693
1458,8408.329
1459,5436.3213
1460,4962.97
1461,6183.1978
1462,5641.7476
1463,8360.738
1464,8277.126
1465,4843.007
1466,9156.52
1467,12120.057
1468,7052.697
1469,5840.533
1470,5209.816
1471,9820.783
1472,5386.799
1473,13070.237
1474,5649.448
1475,6126.2944
1476,8508.064
1477,6335.155
1478,4749.4556
1479,4937.2036
1480,6867.687
1481,14760.774
1482,13711.093
1483,6939.427
1484,5429.947
1485,8299.45
1486,10389.792
1487,5159.3486
1488,6642.28
1489,7603.6187
1490,14032.424
1491,9645.393
1492,8008.093
1493,8043.9185
1494,5447.8345
1495,11592.436
1496,6474.0586
1497,19196.32
1498,7602.4653
1499,6092.0312
1500,6758.683
1501,4450.308
1502,7622.665
1503,24368.684
1504,4478.4995
1505,6246.5903
1506,11541.115
1507,6808.2446
1508,9478.646
1509,9383.139
1510,7330.062
1511,4918.613
1512,4171.3
1513,13745.738
1514,7685.844
1515,10125.634
1516,9351.512
1517,5542.3784
1518,7571.3926
1519,7564.0156
1520,4281.782
1521,10567.565
1522,9651.144
1523,5218.6143
1524,9832.161
1525,7719.0435
1526,5915.1265
1527,12660.227
1528,8238.218
1529,8775.107
1530,5619.282
1531,5241.6475
1532,8747.948
1533,0.0
1534,11031.255
1535,4905.138
1536,8099.0396
1537,5799.509
1538,6242.8735
1539,7542.4243
1540,8749.492
1541,7061.9727
1542,10246.596
1543,7027.221
1544,8689.97
1545,6833.324
1546,11454.353
1547,14286.927
1548,9754.169
1549,3610.7026
1550,6850.448
1551,8866.972
1552,4395.4414
1553,12759.433
1554,5947.0503
1555,8509.176
1556,16279.5625
1557,8727.8545
1558,4381.9116
1559,10579.838
1560,12195.066
1561,6861.5977
1562,12495.498
1563,9958.989
1564,6391.8755
1565,7287.8438
1566,8836.814
1567,6179.642
1568,6956.2456
1569,9461.692
1570,5639.4287
1571,8687.972
1572,9013.807
1573,8197.757
1574,8507.82
1575,7661.5303
1576,9017.7705
1577,5584.0283
1578,8269.692
1579,8340.651
1580,8175.2305
1581,8847.728
1582,8775.827
1583,13700.426
1584,7312.618
1585,5829.324
1586,7401.779
1587,8543.07
1588,7952.46
1589,5459.3
1590,5530.433
1591,10329.6875
1592,7445.58
1593,8147.0366
1594,9380.159
1595,6073.251
1596,8226.659
1597,5699.128
1598,3608.3716
1599,8008.154
1600,7614.694
1601,7600.3555
1602,12240.384
1603,10873.762
1604,5878.174
1605,9420.46
1606,5112.564
1607,3542.1636
1608,7971.2095
1609,15478.475
1610,9189.224
1611,8973.67
1612,5065.024
1613,8539.242
1614,11101.485
1615,7213.658
1616,9479.406
1617,5633.7617
1618,6230.78
1619,6037.591
1620,7428.2583
1621,6440.117
1622,6219.219
1623,5523.88
1624,5735.0425
1625,7292.3145
1626,8519.425
1627,5710.479
1628,8204.03
1629,8724.608
1630,7592.458
1631,5350.4663
1632,10865.706
1633,8399.104
1634,5595.6997
1635,4156.98
1636,12303.06
1637,7142.074
1638,5947.476
1639,8833.115
1640,11699.299
1641,8939.551
1642,7177.921
1643,10534.738
1644,10648.454
1645,16787.33
1646,6348.384
1647,6012.58
1648,5744.8755
1649,8184.3115
1650,5945.831
1651,10619.153
1652,11008.783
1653,6066.037
1654,4637.292
1655,6610.3623
1656,10987.688
1657,5684.4043
1658,8811.893
1659,4454.5083
1660,7740.8965
1661,9710.394
1662,7950.4126
1663,10257.948
1664,7387.4824
1665,4697.448
1666,7280.0835
1667,8700.137
1668,10354.6045
1669,8185.7793
1670,10229.011
1671,7343.7637
1672,5448.209
1673,13039.495
1674,4939.465
1675,12793.32
1676,6233.847
1677,5156.4263
1678,8404.376
1679,7440.916
1680,8147.9536
1681,10268.922
1682,4787.892
1683,5789.273
1684,8983.175
1685,9486.434
1686,12713.745
1687,6270.696
1688,7695.248
1689,6674.4854
1690,7802.8745
1691,6278.3804
1692,12851.434
1693,11115.109
1694,17927.613
1695,4621.8843
1696,6894.5967
1697,1.6046748
1698,13989.676
1699,6195.471
1700,12522.21
1701,7368.0254
1702,6550.966
1703,5458.914
1704,5146.682
1705,6408.0522
1706,7353.072
1707,4515.6655
1708,5974.176
1709,10609.142
1710,8348.579
1711,27931.895
1712,7772.569
1713,4783.642
1714,9453.5205
1715,14079.626
1716,9526.864
1717,10636.862
1718,7811.2144
1719,10093.217
1720,10467.863
1721,5501.0547
1722,7316.9995
1723,8408.594
1724,11764.454
1725,8742.969
1726,9391.52
1727,6551.1533
1728,6000.148
1729,7001.6167
1730,13955.548
1731,13879.768
1732,13874.884
1733,10151.442
1734,5591.8315
1735,7268.254
1736,5306.057
1737,11483.8
1738,13788.135
1739,13206.306
1740,8059.0703
1741,6462.54
1742,6069.203
1743,5656.6733
1744,13382.42
1745,8140.1235
1746,6756.466
1747,5428.0103
1748,9746.246
1749,4825.0513
1750,10500.582
1751,5570.3037
1752,8788.492
1753,7201.923
1754,7908.7617
1755,10202.693
1756,8706.77
1757,7524.066
1758,9246.599
1759,8056.0806
1760,13957.744
1761,7952.21
1762,12831.984
1763,11377.744
1764,10607.371
1765,7919.2466
1766,11302.553
1767,5444.775
1768,6394.2905
1769,8228.975
1770,8188.098
1771,10621.21
1772,10308.725
1773,8623.4375
1774,10491.512
1775,8943.098
1776,11089.981
1777,5038.473
1778,18494.4
1779,6264.927
1780,7173.246
1781,12903.742
1782,5599.1704
1783,6961.5425
1784,7709.0444
1785,9105.668
1786,6872.005
1787,5325.6646
1788,8869.061
1789,9323.5205
1790,9565.742
1791,7203.4346
1792,10907.895
1793,15183.649
1794,9157.883
1795,6393.7656
1796,8349.933
1797,8764.701
1798,6573.0664
1799,8258.413
1800,5137.309
1801,10929.294
1802,8151.8403
1803,9023.768
1804,10442.236
1805,6123.747
1806,6134.007
1807,5875.5
1808,10773.195
1809,10107.35
1810,5674.0957
1811,5929.0107
1812,7895.128
1813,7270.3545
1814,7017.636
1815,8550.325
1816,8136.3125
1817,10560.119
1818,6509.514
1819,6057.6704
1820,8361.13
1821,9312.829
1822,9647.95
1823,10270.293
1824,10283.379
1825,5916.407
1826,10456.259
1827,7935.2456
1828,7543.0
1829,11046.921
1830,7413.3027
1831,14794.98
1832,10081.999
1833,8829.164
1834,6890.593
1835,10395.601
1836,9578.269
1837,8464.962
1838,5205.4546
1839,7333.5586
1840,11895.719
1841,6836.4404
1842,5946.324
1843,11283.059
1844,8269.779
1845,7202.4175
1846,7431.717
1847,7286.537
1848,10070.447
1849,9525.165
1850,7837.08
1851,6823.3267
1852,6649.5063
1853,8218.613
1854,4774.174
1855,8950.591
1856,7155.691
1857,11122.692
1858,9598.744
1859,8112.2524
1860,15638.479
1861,7849.85
1862,6195.944
1863,15561.098
1864,8407.8
1865,10163.959
1866,11315.68
1867,6409.2563
1868,8332.017
1869,6629.937
1870,9816.279
1871,16413.857
1872,7362.4546
1873,3627.1802
1874,6451.0913
1875,10879.415
1876,11403.578
1877,7087.642
1878,7661.3037
1879,5997.0356
1880,6369.6064
1881,4536.605
1882,6760.1533
1883,7888.5264
1884,9038.815
1885,9190.24
1886,8505.273
1887,8988.875
1888,10639.49
1889,9672.8
1890,5380.4775
1891,15081.094
1892,12953.2
1893,6768.3535
1894,9201.94
1895,6785.936
1896,8691.411
1897,4191.242
1898,8690.193
1899,6600.773
1900,14429.384
1901,8893.516
1902,10314.782
1903,11030.612
1904,6731.9507
1905,11472.031
1906,28938.385
1907,10835.746
1908,6935.0396
1909,3970.0964
1910,6737.276
1911,11230.193
1912,6623.3257
1913,12849.7295
1914,22986.559
1915,4756.687
1916,7526.3413
1917,12585.032
1918,5684.795
1919,10633.718
1920,7763.774
1921,10431.297
1922,4362.8926
1923,7208.1216
1924,6932.976
1925,10092.206
1926,10854.209
1927,7488.648
1928,7707.0303
1929,9053.846
1930,5711.1543
1931,7410.5312
1932,8883.894
1933,5941.2334
1934,7220.8315
1935,10223.324
1936,8793.724
1937,8829.224
1938,9244.721
1939,10992.583
1940,9275.491
1941,11333.837
1942,10906.927
1943,7642.9624
1944,4562.0605
1945,7618.624
1946,8713.158
1947,6842.1157
1948,5677.7773
1949,12825.671
1950,7770.5156
1951,12022.783
1952,10014.023
1953,6570.264
1954,6584.65
1955,5824.1997
1956,13254.419
1957,5968.816
1958,10009.449
1959,26746.996
1960,8930.603
1961,7734.734
1962,6319.1924
1963,6441.7695
1964,9623.927
1965,5451.4526
1966,7647.2573
1967,15237.456
1968,6074.5195
1969,13609.861
1970,22878.537
1971,6317.541
1972,9364.087
1973,7423.874
1974,9167.696
1975,7698.067
1976,12111.448
1977,8797.197
1978,13388.778
1979,5450.7144
1980,10365.997
1981,6392.9
1982,10448.871
1983,8175.1523
1984,7840.3994
1985,7712.854
1986,5384.7646
1987,11453.413
1988,12914.935
1989,7797.436
1990,16008.167
1991,8727.03
1992,11892.112
1993,7304.434
1994,5741.2275
1995,6916.1274
1996,12968.998
1997,8354.832
1998,10464.33
1999,8200.134
2000,11701.933
2001,5553.592
2002,11281.638
2003,9660.676
2004,4453.493
2005,22666.457
2006,28063.96
2007,8037.538
2008,8931.267
2009,11847.135
2010,14607.34
2011,15870.258
2012,6738.6836
2013,9602.096
2014,7820.3687
2015,10929.69
2016,5375.353
2017,7231.749
2018,6607.1226
2019,7175.71
2020,10938.158
2021,7449.9985
2022,6239.165
2023,8741.926
2024,5296.121
2025,6044.05
2026,7927.2344
2027,7599.399
2028,12324.164
2029,10285.645
2030,8627.9375
2031,8076.923
2032,8424.384
2033,16681.93
2034,8642.64
2035,6558.762
2036,5410.3784
2037,12577.389
2038,5985.2407
2039,9051.222
2040,3935.8728
2041,6831.2715
2042,9863.298
2043,7009.3213
2044,5002.156
2045,9887.447
2046,12775.444
2047,18455.055
2048,6877.4937
2049,11880.345
2050,4416.392
2051,6227.452
2052,8579.113
2053,5516.5293
2054,13609.484
2055,6388.1943
2056,7128.021
2057,11798.163
2058,14521.606
2059,11414.83
2060,7360.938
2061,6874.6733
2062,10175.162
2063,10582.664
2064,7784.8477
2065,5196.48
2066,9537.838
2067,13129.157
2068,5629.62
2069,8116.261
2070,10778.931
2071,10603.507
2072,19664.207
2073,8198.007
2074,18432.38
2075,7689.4004
2076,6345.8955
2077,4814.289
2078,9019.663
2079,7003.066
2080,6376.737
2081,11241.789
2082,5597.91
2083,6198.604
2084,9316.444
2085,5024.397
2086,9831.036
2087,8642.8955
2088,9910.796
2089,11346.772
2090,6955.6484
2091,12961.072
2092,8072.325
2093,6729.781
2094,6105.1313
2095,5594.1895
2096,15795.436
2097,8201.714
2098,6584.9077
2099,8958.114
2100,11414.481
2101,9817.655
2102,7735.8184
2103,11191.946
2104,7709.706
2105,4800.6416
2106,5625.793
2107,9772.532
2108,8090.8096
2109,8773.634
2110,6883.347
2111,6330.063
2112,6056.2437
2113,6257.6943
2114,9561.482
2115,9129.87
2116,14546.488
2117,13389.723
2118,10370.497
2119,10076.308
2120,6867.4053
2121,16677.793
2122,15670.429
2123,8849.12
2124,12260.633
2125,10579.596
2126,8889.675
2127,5460.758
2128,15682.181
2129,7412.5317
2130,10017.214
2131,7292.6416
2132,3188.092
2133,15399.021
2134,6727.4385
2135,5649.491
2136,6603.6826
2137,6922.483
2138,9143.961
2139,9928.176
2140,9401.728
2141,7068.9004
2142,5112.7734
2143,5648.069
2144,4840.18
2145,8962.55
2146,20984.094
2147,5995.114
2148,7036.9736
2149,9265.058
2150,7283.035
2151,5387.1436
2152,6392.918
2153,5559.7085
2154,9021.452
2155,8782.677
2156,4747.3447
2157,12487.396
2158,6786.9004
2159,6589.978
2160,16509.912
2161,9394.198
2162,14763.6045
2163,7998.4746
2164,8310.69
2165,6003.039
2166,6649.0625
2167,28301.076
2168,12253.852
2169,8091.419
2170,6923.051
2171,6279.722
2172,8366.395
2173,6110.246
2174,13832.299
2175,7585.994
2176,6148.311
2177,8392.481
2178,5494.8457
2179,8466.536
2180,10365.522
2181,7697.2007
2182,9152.644
2183,5587.401
2184,6697.6665
2185,7443.358
2186,12528.732
2187,10668.022
2188,9492.57
2189,5329.2573
2190,8925.638
2191,8503.294
2192,6400.746
2193,9433.228
2194,9359.1045
2195,7737.088
2196,8527.627
2197,7891.1978
2198,6585.8433
2199,6384.314
2200,11330.421
2201,6862.3374
2202,7185.2637
2203,10111.64
2204,6978.941
2205,6675.071
2206,15010.866
2207,6866.449
2208,4165.419
2209,10606.369
2210,9672.976
2211,15564.942
2212,6268.8896
2213,8349.598
2214,7383.4463
2215,10479.881
2216,6864.8447
2217,10069.035
2218,3947.6946
2219,6601.642
2220,7738.261
2221,6533.587
2222,6630.146
2223,9156.756
2224,9432.58
2225,9173.461
2226,10879.239
2227,8589.667
2228,11457.565
2229,4723.1255
2230,8326.178
2231,8732.593
2232,9776.289
2233,10775.733
2234,5136.3096
2235,9499.372
2236,7651.759
2237,9021.736
2238,6512.7124
2239,5769.213
2240,9664.694
2241,7932.461
2242,12047.887
2243,8144.4263
2244,7652.759
2245,10677.123
2246,8986.886
2247,7808.7637
2248,9748.068
2249,8037.0625
2250,13589.433
2251,13709.419
2252,11278.755
2253,6254.305
2254,6292.433
2255,5434.8384
2256,0.0
2257,9822.788
2258,5762.218
2259,12579.008
2260,4958.248
2261,5934.6973
2262,7594.87
2263,12057.428
2264,6198.4795
2265,5879.9067
2266,6669.3496
2267,6458.9165
2268,5604.952
2269,9469.06
2270,10252.735
2271,10430.053
2272,10039.605
2273,8440.035
2274,7385.059
2275,6154.343
2276,6425.6426
2277,13346.247
2278,12065.665
2279,10447.027
2280,17073.742
2281,6921.3936
2282,4972.1055
2283,8634.17
2284,11585.373
2285,11170.202
2286,10163.106
2287,10203.909
2288,10524.766
2289,9271.874
2290,7948.4336
2291,7323.465
2292,6713.9
2293,5055.8335
2294,5467.0327
2295,6630.4937
2296,10068.123
2297,26118.086
2298,10105.836
2299,7636.8413
2300,9501.094
2301,5451.6504
2302,8176.8213
2303,5343.7085
2304,11378.753
2305,7385.559
2306,8680.178
2307,21870.047
2308,10586.51
2309,6787.7163
2310,9965.593
2311,5238.4634
2312,6831.584
2313,7383.8403
2314,8976.264
2315,5857.7837
2316,5239.248
2317,6794.3945
2318,6014.8687
2319,9152.687
2320,8824.652
2321,5207.9575
2322,9751.77
2323,13177.958
2324,7390.393
2325,6276.8955
2326,5608.915
2327,10680.79
2328,5874.279
2329,14145.605
2330,6131.5093
2331,6506.82
2332,9308.335
2333,6785.5996
2334,5091.1514
2335,5150.6997
2336,7542.1943
2337,15869.562
2338,15010.379
2339,7417.1855
2340,5971.6914
2341,9089.919
2342,11180.211
2343,5560.3716
2344,7167.2554
2345,8299.435
2346,14999.417
2347,10470.999
2348,8736.325
2349,8883.809
2350,5961.584
2351,12589.042
2352,7031.834
2353,20663.656
2354,8161.3003
2355,6472.4287
2356,7361.942
2357,4745.7827
2358,8361.201
2359,25573.014
2360,4968.6826
2361,6575.5684
2362,12492.995
2363,7277.9937
2364,10402.95
2365,10018.504
2366,7844.8955
2367,5208.504
2368,4477.5728
2369,14960.499
2370,8467.029
2371,11007.313
2372,9894.192
2373,6052.64
2374,8125.6025
2375,8068.438
2376,4588.0
2377,11469.68
2378,10399.448
2379,5803.504
2380,10516.748
2381,8205.0
2382,6114.181
2383,13462.571
2384,8761.116
2385,9456.46
2386,6078.4956
2387,5601.8843
2388,9535.964
2389,0.0
2390,12010.887
2391,5474.4272
2392,8790.328
2393,6382.8525
2394,6703.118
2395,8193.208
2396,9533.618
2397,7408.6304
2398,10910.693
2399,7703.4067
2400,9417.7295
2401,7519.417
2402,12485.384
2403,15428.1875
2404,10606.1875
2405,3849.167
2406,7470.0786
2407,9656.245
2408,4797.5474
2409,13641.18
2410,6408.627
2411,9282.395
2412,17469.408
2413,9459.987
2414,4846.875
2415,11639.987
2416,13229.615
2417,7358.7056
2418,13563.38
2419,10602.102
2420,6835.0386
2421,7925.0044
2422,9730.54
2423,6989.4
2424,7598.8623
2425,10082.277
2426,6253.118
2427,9374.131
2428,9535.801
2429,8983.0205
2430,9085.368
2431,8345.466
2432,9786.748
2433,5783.1523
2434,9072.613
2435,9084.865
2436,8932.051
2437,9608.463
2438,9383.211
2439,14779.58
2440,7873.628
2441,6420.227
2442,7854.973
2443,9028.864
2444,8563.507
2445,5921.4883
2446,6111.365
2447,11257.282
2448,7575.38
2449,9095.686
2450,10014.95
2451,6510.7188
2452,8979.654
2453,6049.506
2454,4009.1814
2455,8547.741
2456,8078.441
2457,8208.546
2458,13359.3
2459,11762.412
2460,6422.3647
2461,10223.002
2462,5594.238
2463,3950.6367
2464,8537.792
2465,16612.912
2466,9965.631
2467,9851.949
2468,5698.6006
2469,9322.089
2470,12072.191
2471,7786.1025
2472,10259.495
2473,6180.6445
2474,6816.659
2475,6695.469
2476,8039.838
2477,7090.2046
2478,6942.2534
2479,5860.2373
2480,6350.092
2481,7916.543
2482,9382.575
2483,6167.8647
2484,8945.547
2485,9328.769
2486,8289.6875
2487,5883.9463
2488,11571.205
2489,9133.676
2490,5946.625
2491,4613.0576
2492,13404.11
2493,7539.7847
2494,6368.4766
2495,9517.827
2496,12657.1
2497,9692.147
2498,7714.6787
2499,11453.086
2500,11391.327
2501,18036.516
2502,7038.45
2503,6463.6436
2504,6022.625
2505,8889.353
2506,6353.666
2507,11564.486
2508,11946.132
2509,6563.387
2510,5113.539
2511,7167.727
2512,12007.896
2513,6191.678
2514,9388.868
2515,4941.1377
2516,8151.405
2517,10474.515
2518,8646.605
2519,11152.105
2520,8080.9683
2521,4982.123
2522,7804.393
2523,9471.507
2524,11028.771
2525,8888.36
2526,10988.433
2527,7970.244
2528,5930.357
2529,14128.227
2530,5482.8564
2531,13866.906
2532,6643.731
2533,5495.1914
2534,9045.1455
2535,8131.332
2536,8897.835
2537,11107.543
2538,5266.254
2539,6378.3125
2540,9737.828
2541,10251.21
2542,13724.229
2543,6610.7407
2544,8375.544
2545,7402.386
2546,8379.403
2547,6940.7173
2548,13742.959
2549,12045.531
2550,19098.238
2551,4900.686
2552,7455.138
2553,1.6140699
2554,15139.416
2555,6863.8623
2556,13401.911
2557,8044.2485
2558,7036.2417
2559,5892.764
2560,5514.9404
2561,6998.9995
2562,8133.628
2563,4872.4067
2564,6650.648
2565,11340.281
2566,9068.737
2567,29589.31
2568,8254.939
2569,5692.5757
2570,11353.44
2571,16987.188
2572,11667.652
2573,12596.692
2574,9355.009
2575,12123.132
2576,12463.683
2577,6844.6875
2578,8852.336
2579,10420.547
2580,14348.95
2581,10441.11
2582,11809.962
2583,8285.925
2584,7083.7427
2585,8880.344
2586,16719.934
2587,16126.529
2588,16442.844
2589,12462.161
2590,6766.2686
2591,9041.627
2592,6215.0264
2593,13548.344
2594,17344.434
2595,15653.625
2596,9894.599
2597,7930.1914
2598,7225.613
2599,7047.936
2600,15845.56
2601,9990.736
2602,8530.027
2603,6499.2715
2604,11708.105
2605,5754.402
2606,13513.629
2607,7006.8677
2608,10411.487
2609,9020.851
2610,9693.22
2611,12945.024
2612,10483.06
2613,9392.308
2614,11157.936
2615,9725.158
2616,17642.738
2617,10108.767
2618,15584.609
2619,13579.586
2620,12859.072
2621,9601.464
2622,13358.562
2623,6398.7866
2624,7653.569
2625,9882.639
2626,10222.427
2627,13763.054
2628,13118.28
2629,10669.62
2630,13134.831
2631,10546.089
2632,13191.678
2633,5994.628
2634,21868.21
2635,7634.671
2636,8572.34
2637,15223.612
2638,7014.4375
2639,8285.245
2640,9406.679
2641,11188.648
2642,8466.965
2643,6468.0103
2644,11194.198
2645,11560.461
2646,11498.409
2647,8993.128
2648,12965.98
2649,19070.117
2650,10970.871
2651,7864.989
2652,10558.1455
2653,10473.615
2654,8375.089
2655,10445.1045
2656,6129.889
2657,13559.229
2658,9773.101
2659,11259.773
2660,12076.844
2661,7317.369
2662,7600.5225
2663,7241.882
2664,13648.077
2665,11758.621
2666,6871.1006
2667,7077.158
2668,9931.264
2669,9168.029
2670,8426.73
2671,10190.925
2672,9585.707
2673,12801.058
2674,8228.817
2675,7190.481
2676,10562.557
2677,11226.8955
2678,11498.409
2679,13042.095
2680,12592.248
2681,7286.495
2682,12512.385
2683,9616.467
2684,9167.294
2685,13983.78
2686,9202.563
2687,17458.549
2688,12727.576
2689,11222.484
2690,8780.365
2691,12280.234
2692,12098.021
2693,10044.0205
2694,6046.806
2695,8789.355
2696,14585.97
2697,8524.578
2698,7175.9014
2699,13419.28
2700,9826.79
2701,8475.125
2702,8888.42
2703,8842.885
2704,11919.887
2705,11744.521
2706,9420.757
2707,8674.468
2708,7989.683
2709,10108.179
2710,5614.878
2711,10867.364
2712,9088.35
2713,13964.068
2714,11363.114
2715,9626.451
2716,19645.648
2717,9703.885
2718,8102.2925
2719,18333.832
2720,10026.658
2721,12835.827
2722,13362.053
2723,7914.391
2724,10599.22
2725,7887.0894
2726,11719.681
2727,19481.197
2728,7445.161
2729,4468.7617
2730,7748.8745
2731,13513.152
2732,14202.274
2733,8942.492
2734,9080.049
2735,7218.497
2736,7479.4966
2737,5357.9023
2738,8093.9663
2739,9819.069
2740,11663.279
2741,11104.196
2742,10211.065
2743,11008.216
2744,13508.14
2745,12001.382
2746,6702.242
2747,17869.643
2748,16016.246
2749,8189.4966
2750,10842.207
2751,8354.378
2752,10682.675
2753,5161.928
2754,10579.273
2755,8207.982
2756,17119.152
2757,10531.915
2758,13188.369
2759,13215.314
2760,8412.332
2761,14504.595
2762,31941.59
2763,13316.545
2764,8352.227
2765,4901.8687
2766,8051.08
2767,13469.507
2768,7722.1733
2769,13851.468
2770,26331.527
2771,5557.773
2772,9393.473
2773,14764.52
2774,6846.0913
2775,12605.453
2776,9550.847
2777,12376.7705
2778,4597.064
2779,9057.776
2780,8729.395
2781,12115.526
2782,13736.302
2783,9666.713
2784,9583.596
2785,10717.516
2786,7111.1865
2787,8923.765
2788,10721.625
2789,7333.7754
2790,9075.348
2791,12233.696
2792,10687.321
2793,10855.814
2794,11287.009
2795,13388.663
2796,11746.179
2797,12360.138
2798,13191.602
2799,9177.758
2800,5712.9688
2801,9212.575
2802,10515.304
2803,8394.618
2804,6771.13
2805,15098.782
2806,9496.845
2807,12520.681
2808,12103.365
2809,8297.962
2810,8024.975
2811,7118.0674
2812,16368.335
2813,7315.457
2814,12012.238
2815,29929.662
2816,11390.643
2817,9337.438
2818,7996.255
2819,7735.5234
2820,11627.072
2821,6477.759
2822,9375.356
2823,18007.451
2824,7495.272
2825,14200.812
2826,26316.113
2827,8063.6143
2828,11305.507
2829,9072.354
2830,11030.938
2831,9153.359
2832,15287.413
2833,10977.329
2834,15912.468
2835,6401.662
2836,12286.608
2837,8269.029
2838,12226.919
2839,10248.336
2840,9404.14
2841,9562.997
2842,6005.765
2843,14072.377
2844,15413.2295
2845,10190.439
2846,18816.752
2847,11083.7
2848,14256.572
2849,9005.935
2850,6997.3906
2851,8640.711
2852,16688.484
2853,10617.139
2854,12750.686
2855,10539.301
2856,14624.485
2857,7170.4277
2858,13536.1
2859,11430.605
2860,5502.1357
2861,26640.047
2862,31327.559
2863,10101.952
2864,11067.855
2865,14118.487
2866,17260.39
2867,18773.338
2868,8251.051
2869,11526.485
2870,9595.44
2871,13687.183
2872,6422.818
2873,8710.258
2874,7991.7485
2875,8444.068
2876,13060.081
2877,9293.007
2878,7571.9414
2879,11210.407
2880,6207.402
2881,7607.9785
2882,10107.831
2883,9103.853
2884,15521.67
2885,12797.347
2886,10366.1455
2887,10254.466
2888,10742.537
2889,19672.498
2890,10381.175
2891,7972.9355
2892,6716.7373
2893,15093.757
2894,7131.8833
2895,11131.946
2896,4750.928
2897,8199.759
2898,11780.825
2899,8751.044
2900,6184.2827
2901,12590.351
2902,15729.005
2903,21669.072
2904,7208.211
2905,13956.426
2906,5201.98
2907,8005.611
2908,10561.912
2909,6927.4565
2910,16036.039
2911,7832.8877
2912,8518.108
2913,13962.804
2914,17192.389
2915,13769.33
2916,8866.861
2917,8336.373
2918,12234.91
2919,13552.363
2920,9226.971
2921,6371.873
2922,11436.603
2923,15782.485
2924,7270.618
2925,9824.24
2926,13667.916
2927,12605.826
2928,23334.691
2929,9800.114
2930,21607.018
2931,9539.939
2932,7593.3706
2933,5705.1763
2934,10664.137
2935,8646.646
2936,7880.4575
2937,13439.863
2938,6935.681
2939,7566.5483
2940,11581.849
2941,5936.803
2942,11593.563
2943,11186.023
2944,11774.568
2945,13920.042
2946,8912.095
2947,15473.353
2948,9569.356
2949,8556.95
2950,7603.8794
2951,6568.729
2952,18711.4
2953,9956.7
2954,8227.962
2955,10692.542
2956,13483.619
2957,11681.492
2958,9344.833
2959,13284.616
2960,9213.683
2961,5267.5146
2962,6843.4927
2963,11956.402
2964,9673.059
2965,10789.37
2966,8645.401
2967,7639.945
2968,7332.985
2969,7857.371
2970,12011.86
2971,9978.166
2972,18028.055
2973,15927.241
2974,12859.525
2975,10720.122
2976,8190.66
2977,19627.951
2978,18777.975
2979,10986.379
2980,14546.904
2981,12747.05
2982,10947.708
2983,6581.7617
2984,18242.506
2985,9340.922
2986,11943.648
2987,8638.387
2988,3657.677
2989,18529.959
2990,8367.831
2991,7146.0264
2992,7872.6665
2993,8805.827
2994,10966.948
2995,11916.477
2996,11530.96
2997,8485.592
2998,6281.9565
2999,6751.1064
3000,5774.7515
3001,11109.133
3002,23483.4
3003,7277.7437
3004,8684.459
3005,10983.885
3006,8896.239
3007,6475.479
3008,8125.959
3009,6637.853
3010,11319.08
3011,10732.092
3012,5570.527
3013,15774.615
3014,8129.4863
3015,7952.24
3016,17970.135
3017,11030.023
3018,17480.76
3019,9910.531
3020,10102.425
3021,7544.7485
3022,8321.716
3023,31407.852
3024,15404.456
3025,10082.826
3026,8470.777
3027,8116.47
3028,10411.467
3029,7337.8545
3030,16902.568
3031,9211.661
3032,7508.259
3033,10488.62
3034,6869.993
3035,10307.122
3036,12570.816
3037,9746.952
3038,11558.079
3039,6661.8794
3040,7930.9175
3041,9347.962
3042,15735.742
3043,12638.354
3044,12024.445
3045,6254.001
3046,11214.3955
3047,10072.032
3048,7665.631
3049,11200.916
3050,11119.128
3051,9320.417
3052,10347.9795
3053,9510.051
3054,8266.972
3055,7961.317
3056,13432.56
3057,8402.484
3058,8733.393
3059,12718.984
3060,8714.87
3061,8081.6543
3062,18649.062
3063,8263.124
3064,4949.978
3065,12624.704
3066,11565.666
3067,18482.709
3068,7476.6504
3069,10044.825
3070,8772.069
3071,12401.525
3072,8470.066
3073,12453.273
3074,4840.67
3075,7969.8184
3076,9552.896
3077,8292.052
3078,8036.204
3079,11625.83
3080,11886.362
3081,11234.329
3082,13041.46
3083,10799.048
3084,14217.778
3085,5724.871
3086,9966.173
3087,10371.338
3088,12722.988
3089,12901.982
3090,6206.709
3091,10371.753
3092,9542.178
3093,10715.798
3094,7870.264
3095,6998.8657
3096,12151.053
3097,9511.23
3098,14803.153
3099,10321.465
3100,9153.787
3101,12992.794
3102,10765.051
3103,9909.02
3104,11634.149
3105,9816.251
3106,16094.309
3107,17010.273
3108,13538.837
3109,7627.865
3110,7780.0747
3111,6370.8765
3112,0.0
3113,11696.376
3114,7071.9688
3115,14949.004
3116,6020.873
3117,7277.0635
3118,8849.964
3119,14406.625
3120,8029.2705
3121,7198.6816
3122,8282.606
3123,7829.101
3124,6842.8926
3125,11566.593
3126,12275.34
3127,12487.372
3128,12832.67
3129,10367.322
3130,9213.946
3131,7421.672
3132,8186.7085
3133,15703.434
3134,14531.581
3135,11430.998
3136,18372.918
3137,8426.457
3138,5979.272
3139,10502.044
3140,14220.409
3141,14030.002
3142,12739.6
3143,12818.565
3144,12908.383
3145,10959.774
3146,10104.554
3147,9030.879
3148,8377.709
3149,6129.7314
3150,6488.896
3151,8110.728
3152,12324.963
3153,29854.03
3154,12393.827
3155,9446.868
3156,11470.664
3157,7041.4717
3158,10305.972
3159,6584.625
3160,14346.733
3161,9390.856
3162,10509.93
3163,25188.055
3164,11426.137
3165,8045.1846
3166,12142.932
3167,6470.9043
3168,8275.87
3169,8849.584
3170,11280.304
3171,7030.0903
3172,6741.48
3173,8164.0483
3174,7341.215
3175,11053.6455
3176,10965.274
3177,6250.4824
3178,12387.611
3179,15578.293
3180,9086.858
3181,7772.858
3182,6950.535
3183,12684.036
3184,6967.0693
3185,16690.969
3186,7768.0186
3187,8362.087
3188,11241.457
3189,8607.816
3190,6141.278
3191,6394.662
3192,9513.87
3193,18683.92
3194,17850.904
3195,9456.063
3196,7195.6196
3197,11036.727
3198,13179.63
3199,6619.985
3200,9035.644
3201,9947.455
3202,17657.973
3203,12508.555
3204,10567.394
3205,10928.805
3206,7094.6494
3207,14879.035
3208,8583.885
3209,24034.47
3210,10262.832
3211,8194.7705
3212,8878.15
3213,5654.478
3214,10160.829
3215,31858.322
3216,6013.045
3217,8059.7236
3218,14823.625
3219,8724.634
3220,12890.261
3221,12025.467
3222,9772.141
3223,6465.0493
3224,5354.209
3225,17919.613
3226,10460.917
3227,13093.881
3228,11842.255
3229,7204.472
3230,9926.141
3231,9591.131
3232,5555.7695
3233,13727.501
3234,11025.175
3235,7209.504
3236,12888.393
3237,10386.166
3238,6263.7256
3239,17131.975
3240,11113.202
3241,11307.384
3242,7279.2295
3243,7141.713
3244,11638.744
3245,0.0
3246,14626.605
3247,6664.86
3248,10413.413
3249,7650.9927
3250,8514.355
3251,9688.968
3252,11327.99
3253,9272.731
3254,13532.408
3255,9014.313
3256,11258.045
3257,8927.877
3258,14823.271
3259,18469.018
3260,12657.172
3261,4597.121
3262,8886.631
3263,11574.804
3264,5641.387
3265,17255.453
3266,8005.725
3267,11068.552
3268,20488.906
3269,11177.641
3270,5822.2
3271,13864.314
3272,15853.238
3273,8819.637
3274,16198.5
3275,12694.965
3276,8621.086
3277,9414.864
3278,11732.452
3279,8360.284
3280,9048.218
3281,12329.325
3282,7641.4316
3283,11555.258
3284,11650.616
3285,10772.147
3286,11250.885
3287,10024.669
3288,11593.144
3289,5844.573
3290,10701.489
3291,10855.431
3292,10853.371
3293,11360.752
3294,11858.982
3295,17461.33
3296,9728.108
3297,7652.014
3298,9970.604
3299,11079.1875
3300,10331.925
3301,7098.1353
3302,7559.5366
3303,13528.266
3304,8374.777
3305,11238.68
3306,12312.427
3307,8229.822
3308,10817.129
3309,7483.3
3310,4767.284
3311,10720.398
3312,9906.619
3313,9806.342
3314,16123.223
3315,14104.76
3316,7648.4243
3317,12243.794
3318,6914.828
3319,4570.7983
3320,10563.816
3321,19319.375
3322,11884.243
3323,11855.013
3324,6729.8257
3325,11109.026
3326,14422.834
3327,9363.373
3328,12811.88
3329,7496.037
3330,8195.803
3331,7950.2686
3332,9512.945
3333,8461.596
3334,8487.251
3335,7412.4824
3336,7878.406
3337,9492.036
3338,11359.614
3339,7700.63
3340,10717.822
3341,11121.292
3342,9904.663
3343,7018.7607
3344,14376.1
3345,10907.821
3346,7374.3247
3347,5549.393
3348,16027.722
3349,9534.118
3350,7656.57
3351,11958.455
3352,15071.935
3353,11464.08
3354,9259.36
3355,13731.665
3356,13516.529
3357,21206.143
3358,8579.072
3359,7996.178
3360,7438.468
3361,10520.722
3362,8007.3057
3363,13952.233
3364,14284.76
3365,8019.0684
3366,6207.0405
3367,8951.0
3368,13035.144
3369,7433.3047
3370,11685.504
3371,5737.2856
3372,10337.9375
3373,12874.547
3374,10404.538
3375,13384.169
3376,9924.143
3377,6157.813
3378,9717.981
3379,11242.1
3380,12959.058
3381,10669.315
3382,14059.015
3383,10163.64
3384,7065.0786
3385,16668.125
3386,6426.66
3387,16372.816
3388,8406.621
3389,7091.2666
3390,10920.6455
3391,9828.317
3392,10658.798
3393,13207.805
3394,6247.395
3395,7712.2144
3396,12618.408
3397,12303.013
3398,16049.151
3399,8451.643
3400,10022.04
3401,9071.142
3402,10584.279
3403,8482.589
3404,17008.293
3405,14396.475
3406,21986.514
3407,6007.375
3408,8902.622
3409,6.0798044
3410,15946.925
3411,8312.323
3412,16648.727
3413,9569.804
3414,9035.738
3415,7248.067
3416,6619.89
3417,8518.246
3418,9575.629
3419,5813.765
3420,8137.7637
3421,13323.062
3422,10900.968
3423,32547.38
3424,10480.79
3425,0.0
3426,0.0
3427,0.0
3428,0.0
3429,0.0
3430,0.0
3431,0.0
3432,0.0
3433,0.0
3434,0.0
3435,0.0
3436,0.0
3437,0.0
3438,0.0
3439,0.0
3440,0.0
3441,0.0
3442,0.0
3443,0.017462287
3444,0.0
3445,0.0
3446,0.0
3447,0.0
3448,0.0
3449,0.0
3450,0.0
3451,0.0
3452,0.0
3453,0.0
3454,0.0
3455,0.0
3456,0.0
3457,0.0
3458,0.0
3459,0.0
3460,0.0
3461,0.0
3462,0.0
3463,0.0
3464,0.0
3465,0.0
3466,0.0
3467,0.0
3468,0.0
3469,0.0
3470,0.0
3471,0.0011121253
3472,0.0
3473,0.0
3474,0.0
3475,0.0
3476,0.0
3477,0.0
3478,0.0
3479,0.0
3480,0.0
3481,0.0
3482,0.0
3483,0.0
3484,0.0
3485,0.0
3486,0.0
3487,0.0
3488,0.0
3489,0.0
3490,0.0
3491,0.0
3492,0.0
3493,0.0
3494,0.0
3495,0.0
3496,0.0
3497,0.0
3498,0.0
3499,0.0
3500,0.0
3501,0.0
3502,0.0
3503,0.0
3504,0.0
3505,0.0
3506,0.0
3507,0.0
3508,0.0
3509,0.0
3510,0.0
3511,0.0
3512,0.0
3513,0.0
3514,0.0
3515,0.0
3516,3610.1172
3517,0.0
3518,0.0
3519,0.0
3520,0.0
3521,0.0
3522,0.0
3523,0.0
3524,0.0
3525,0.0
3526,0.0
3527,0.0
3528,0.0
3529,0.0
3530,0.0
3531,0.0
3532,0.0
3533,0.0
3534,0.0
3535,0.0
3536,0.0
3537,0.0
3538,0.0
3539,0.0
3540,0.0
3541,0.0
3542,0.0
3543,0.0
3544,0.0
3545,0.0
3546,0.0
3547,0.0
3548,0.0
3549,0.0
3550,0.0
3551,0.0
3552,0.0
3553,0.0
3554,0.0
3555,0.0
3556,0.0
3557,0.0
3558,0.0
3559,0.0
3560,0.0
3561,0.0
3562,0.0
3563,0.0
3564,0.0
3565,0.0
3566,0.0
3567,0.0
3568,0.0
3569,0.0
3570,0.0
3571,0.0
3572,0.01714407
3573,0.0
3574,0.0
3575,0.0
3576,0.0
3577,0.0
3578,0.0
3579,0.0
3580,0.0
3581,0.0
3582,0.0
3583,0.0
3584,2494.8494
3585,0.0
3586,0.0
3587,0.0
3588,0.0
3589,0.0
3590,0.0
3591,0.0
3592,0.0
3593,0.0
3594,0.0
3595,0.0
3596,0.0
3597,0.0
3598,0.0
3599,0.0
3600,0.0
3601,0.0
3602,0.0
3603,0.0
3604,0.0
3605,0.0
3606,0.0
3607,0.0
3608,0.0
3609,0.0
3610,0.0
3611,0.0
3612,0.0
3613,0.0
3614,0.0
3615,0.0
3616,0.0
3617,0.0
3618,0.051369555
3619,0.0
3620,0.0
3621,0.0
3622,0.0
3623,0.0
3624,0.0
3625,13585.558
3626,28547.764
3627,0.0
3628,0.0
3629,0.0059360517
3630,0.0
3631,0.0
3632,0.0
3633,0.0
3634,1875.4581
3635,0.0
3636,0.0
3637,0.0
3638,0.0
3639,0.0
3640,0.0
3641,0.0
3642,0.0
3643,0.0
3644,0.0
3645,0.0
3646,0.0
3647,0.0
3648,0.0
3649,0.0
3650,0.0
3651,0.0
3652,0.0
3653,4651.2466
3654,0.0
3655,0.0
3656,0.0
3657,0.0
3658,0.0
3659,0.0
3660,0.0
3661,0.0
3662,0.0
3663,4874.8335
3664,0.0
3665,0.0
3666,0.0
3667,0.0
3668,0.00833629
3669,0.0
3670,0.0
3671,0.01597344
3672,0.0
3673,0.0
3674,0.0
3675,0.0
3676,0.0
3677,0.0
3678,0.0
3679,0.0
3680,0.0
3681,10724.551
3682,0.0
3683,0.0
3684,0.0
3685,0.0
3686,0.0
3687,0.0
3688,0.0
3689,0.0
3690,0.0
3691,0.0
3692,0.0
3693,0.0
3694,0.0
3695,0.0
3696,0.0
3697,0.0
3698,6399.5317
3699,0.0
3700,0.0
3701,0.0
3702,0.0
3703,0.0
3704,0.0
3705,0.0
3706,0.0
3707,0.0
3708,0.0
3709,0.0
3710,0.0
3711,0.0
3712,0.0
3713,0.0
3714,0.0
3715,0.0
3716,0.0
3717,0.013022081
3718,0.03804607
3719,0.0
3720,0.0
3721,0.0
3722,0.0
3723,0.0
3724,0.0
3725,0.0
3726,0.0
3727,0.0
3728,0.0
3729,0.0
3730,0.0
3731,0.0
3732,0.0
3733,0.0
3734,0.0
3735,0.0
3736,0.0
3737,0.0
3738,0.0
3739,0.0
3740,0.0
3741,0.0
3742,0.0
3743,0.0
3744,0.0
3745,0.0
3746,0.0
3747,0.0
3748,0.0
3749,0.0
3750,0.0
3751,0.0
3752,0.0
3753,0.0
3754,0.0
3755,0.0
3756,0.0
3757,0.0
3758,0.0
3759,0.0
3760,2243.166
3761,0.0
3762,0.0
3763,0.0
3764,0.0
3765,0.0
3766,0.0
3767,0.0
3768,0.0
3769,0.0
3770,0.0
3771,0.0
3772,0.0
3773,0.0
3774,4416.797
3775,0.0
3776,0.0
3777,0.0
3778,0.0
3779,0.0
3780,0.0
3781,0.0
3782,0.0
3783,0.0
3784,0.0
3785,0.0
3786,0.0
3787,0.0
3788,0.0
3789,0.0
3790,0.0
3791,0.0
3792,0.0
3793,0.0
3794,0.0
3795,0.0
3796,0.0
3797,0.0
3798,0.0
3799,0.0
3800,0.0
3801,0.0
3802,0.0
3803,0.0
3804,0.0
3805,0.0
3806,0.0
3807,0.0
3808,0.0
3809,0.0
3810,0.0
3811,0.0
3812,0.0
3813,0.0
3814,0.0
3815,0.0
3816,0.0
3817,5838.706
3818,0.0
3819,0.0
3820,0.0
3821,0.0
3822,0.0
3823,0.0
3824,0.0
3825,0.0
3826,0.0
3827,2900.2778
3828,0.0
3829,0.0
3830,0.0
3831,4249.304
3832,0.0
3833,0.0
3834,0.0
3835,0.0
3836,0.0
3837,0.0
3838,0.0
3839,0.0
3840,0.0011183312
3841,0.0
3842,0.0
3843,0.0
3844,0.0
3845,0.0
3846,0.0
3847,0.0
3848,0.0
3849,0.0
3850,0.0
3851,0.0
3852,0.0
3853,0.0
3854,0.0
3855,0.0
3856,0.0
3857,0.0
3858,24863.438
3859,0.0
3860,0.0
3861,0.0
3862,0.0
3863,0.0
3864,0.0
3865,0.0
3866,0.0
3867,0.0
3868,0.0
3869,0.0
3870,0.0
3871,0.0
3872,9125.107
3873,0.0
3874,0.0
3875,0.0
3876,0.0
3877,0.0
3878,0.0
3879,0.026633672
3880,0.0
3881,0.0
3882,0.0
3883,0.0
3884,0.0
3885,0.0
3886,0.0
3887,0.0
3888,0.0
3889,0.0
3890,0.0
3891,0.0
3892,0.0
3893,0.0
3894,0.0
3895,0.0
3896,0.0
3897,0.0
3898,0.0
3899,0.0
3900,0.0
3901,0.0
3902,0.0
3903,0.0
3904,0.0
3905,0.0
3906,0.0
3907,0.0
3908,0.0
3909,0.0
3910,0.0
3911,0.0
3912,0.0
3913,0.0
3914,0.0
3915,0.0
3916,0.0
3917,0.0
3918,0.0
3919,0.0
3920,0.0
3921,0.0
3922,0.0
3923,0.0
3924,0.0
3925,0.0
3926,0.0
3927,0.0
3928,0.0
3929,0.0
3930,0.0
3931,0.0
3932,0.0
3933,0.0
3934,0.0
3935,0.0
3936,0.0
3937,0.0
3938,0.0
3939,0.0
3940,0.0
3941,0.0
3942,0.0
3943,0.0
3944,0.0
3945,0.0
3946,0.0
3947,10203.676
3948,0.0
3949,0.0
3950,0.0
3951,0.0
3952,0.0
3953,0.0
3954,0.0
3955,0.0
3956,0.0
3957,0.0
3958,0.0
3959,0.0
3960,0.0
3961,0.0
3962,0.0
3963,0.0
3964,0.0
3965,0.0
3966,0.0
3967,0.0
3968,0.0
3969,0.0
3970,0.0
3971,0.0
3972,0.0
3973,0.0
3974,0.0
3975,0.0
3976,0.0
3977,0.0
3978,0.0
3979,0.0
3980,0.0
3981,0.0
3982,0.0
3983,0.0
3984,0.0
3985,0.0
3986,0.0
3987,0.0
3988,0.0
3989,0.0
3990,0.0
3991,3549.6392
3992,14781.455
3993,0.0
3994,0.0
3995,0.0
3996,0.0
3997,0.0
3998,0.0
3999,0.0
4000,0.0
4001,0.0
4002,0.0
4003,0.0
4004,0.0
4005,0.0
4006,0.0
4007,0.0
4008,0.0
4009,0.0
4010,0.0
4011,0.0
4012,0.0
4013,0.0
4014,0.0
4015,0.0
4016,0.0
4017,0.0
4018,0.0
4019,0.0
4020,11021.579
4021,0.0
4022,0.0
4023,0.0
4024,0.0
4025,0.0
4026,0.0
4027,0.0
4028,0.0
4029,0.0
4030,0.0
4031,0.0
4032,0.0
4033,0.0
4034,0.0
4035,0.0
4036,0.0
4037,0.0
4038,0.0
4039,0.0
4040,0.0
4041,0.0
4042,0.0
4043,0.0
4044,0.0
4045,0.0
4046,0.0
4047,0.0
4048,0.0
4049,0.0
4050,0.0
4051,0.0
4052,0.0
4053,0.0
4054,0.031298757
4055,0.0
4056,0.0
4057,0.0
4058,0.0
4059,0.0
4060,0.0
4061,0.0
4062,0.0
4063,0.0
4064,0.0
4065,0.0
4066,0.0
4067,0.0
4068,0.0
4069,0.0
4070,0.0
4071,0.078345075
4072,0.0
4073,0.0
4074,0.0
4075,0.0
4076,0.0
4077,0.0
4078,0.0
4079,0.0
4080,0.0
4081,0.0
4082,0.0
4083,0.0
4084,0.0
4085,0.0
4086,0.0
4087,0.0
4088,0.0
4089,0.0
4090,3642.9995
4091,0.0
4092,0.0
4093,0.0
4094,2720.854
4095,0.0
4096,0.0
4097,0.0
4098,0.0
4099,0.0
4100,0.0
4101,0.0
4102,0.0
4103,0.0
4104,0.0
4105,0.0
4106,0.0
4107,0.0
4108,0.0
4109,0.0
4110,0.0
4111,0.0
4112,0.0
4113,0.0
4114,0.0
4115,0.0
4116,0.0
4117,0.0
4118,0.0
4119,0.0
4120,0.0
4121,0.0
4122,0.0
4123,0.0
4124,0.0
4125,0.0
4126,0.0
4127,0.0
4128,0.0
4129,0.0
4130,0.0
4131,0.0
4132,0.0
4133,0.0
4134,0.0
4135,0.0
4136,0.0
4137,0.0
4138,0.0
4139,0.0
4140,0.0
4141,0.0
4142,0.0
4143,0.0
4144,0.0
4145,2569.4976
4146,0.0
4147,0.0
4148,0.0
4149,0.0
4150,0.0
4151,0.0
4152,0.0
4153,0.0
4154,0.0
4155,0.0
4156,0.0
4157,0.0
4158,0.0
4159,0.0
4160,8968.022
4161,0.0
4162,0.0
4163,0.0
4164,0.0
4165,0.0
4166,0.0
4167,0.0
4168,0.0
4169,0.0
4170,0.0
4171,0.0
4172,0.0
4173,0.0
4174,0.0
4175,0.0
4176,0.0
4177,0.0048185675
4178,0.0
4179,0.0
4180,0.0
4181,0.0
4182,0.0
4183,0.0
4184,0.0
4185,0.0
4186,0.0
4187,0.0
4188,0.0
4189,0.0
4190,0.0
4191,0.0
4192,0.0
4193,0.0
4194,0.0
4195,0.0
4196,0.0
4197,0.0
4198,0.0
4199,0.0
4200,0.0
4201,0.0
4202,0.0
4203,0.0
4204,0.0
4205,0.0
4206,0.0
4207,0.0
4208,0.0
4209,0.0
4210,0.0
4211,0.0
4212,0.0
4213,0.0
4214,0.0
4215,0.0
4216,0.0
4217,0.0
4218,0.0
4219,0.0
4220,0.0
4221,0.0
4222,0.0
4223,0.0
4224,4254.2485
4225,0.0
4226,0.0
4227,0.0
4228,0.0
4229,0.0
4230,0.0
4231,0.0
4232,0.0
4233,0.0
4234,0.0
4235,0.0
4236,0.002116055
4237,0.0
4238,0.0
4239,0.0
4240,0.0
4241,0.0
4242,0.0
4243,0.0
4244,0.0
4245,0.0
4246,0.0
4247,0.0
4248,0.0
4249,0.0
4250,0.0
4251,0.0
4252,0.0
4253,0.0
4254,0.0
4255,0.0
4256,0.0
4257,0.0
4258,0.0
4259,0.0
4260,0.006526696
4261,0.0
4262,0.01834664
4263,0.0
4264,0.0
4265,11756.243
4266,6235.036
4267,0.0
4268,0.0
4269,0.0
4270,0.0
4271,0.0
4272,0.0
4273,0.0
4274,0.0
4275,0.0
4276,0.0
4277,0.0
4278,0.0
4279,0.055877645
4280,0.0
4281,4418.651
4282,5282.877
4283,9643.571
4284,4098.9043
4285,7350.435
4286,6381.6597
4287,7367.0977
4288,7623.6978
4289,2770.5305
4290,3993.4404
4291,7454.029
4292,7861.891
4293,5480.6704
4294,8017.34
4295,6631.0312
4296,2920.1328
4297,5680.1553
4298,10002.816
4299,13705.0
4300,9898.884
4301,8333.232
4302,3032.0312
4303,6209.4805
4304,1362.076
4305,9117.539
4306,11061.776
4307,10892.436
4308,7197.6587
4309,2684.5654
4310,4544.986
4311,4812.0347
4312,10385.066
4313,5942.089
4314,5832.2163
4315,4358.0845
4316,6998.4053
4317,2300.9685
4318,8190.332
4319,4626.966
4320,5211.575
4321,5609.081
4322,3531.8086
4323,10303.318
4324,4978.2134
4325,4998.841
4326,5254.989
4327,8157.876
4328,9946.516
4329,6436.3467
4330,8515.85
4331,9308.309
4332,10790.749
4333,8154.305
4334,7974.023
4335,1583.7821
4336,4008.2407
4337,5384.883
4338,6294.708
4339,7360.657
4340,10016.077
4341,4626.1274
4342,9664.989
4343,6824.583
4344,7444.1953
4345,2701.6384
4346,15280.635
4347,3124.0154
4348,4731.2964
4349,9852.532
4350,4651.748
4351,6815.3916
4352,3398.1118
4353,6980.439
4354,5860.802
4355,4935.631
4356,6496.284
4357,8375.337
4358,7051.9976
4359,3812.7217
4360,9070.554
4361,13472.873
4362,6500.009
4363,3797.0237
4364,7410.305
4365,7310.3584
4366,4812.094
4367,7775.1343
4368,2246.3455
4369,9511.5205
4370,5716.2393
4371,7010.772
4372,8116.362
4373,3415.1438
4374,4845.2476
4375,4188.025
4376,10098.378
4377,6745.423
4378,5125.1465
4379,5249.002
4380,6645.55
4381,6722.5957
4382,3061.971
4383,5725.696
4384,4766.002
4385,8649.08
4386,6099.45
4387,3919.2231
4388,7156.8174
4389,4650.936
4390,3897.3052
4391,8526.7
4392,8843.509
4393,4459.538
4394,10263.85
4395,3927.1309
4396,3595.0818
4397,10558.326
4398,5363.921
4399,10719.989
4400,8336.723
4401,6200.5493
4402,6455.1475
4403,7598.022
4404,8665.677
4405,4255.872
4406,1933.8411
4407,4973.704
4408,5741.3423
4409,5666.0264
4410,3089.5378
4411,8301.097
4412,5920.523
4413,3902.186
4414,7083.5938
4415,3168.351
4416,7540.6978
4417,8457.521
4418,2635.6514
4419,6143.182
4420,2419.814
4421,6557.805
4422,2566.3496
4423,4413.7515
4424,5017.357
4425,9773.353
4426,7182.0093
4427,5834.0356
4428,15228.535
4429,4355.823
4430,4833.481
4431,12889.253
4432,7967.956
4433,9544.481
4434,8312.308
4435,5760.135
4436,7945.8716
4437,4312.434
4438,6451.0664
4439,12814.152
4440,5483.6826
4441,2508.322
4442,3487.0056
4443,9084.051
4444,10303.849
4445,3584.962
4446,7574.39
4447,5237.1294
4448,2114.7559
4449,2046.3712
4450,4197.64
4451,6533.1133
4452,8037.561
4453,7250.155
4454,5551.055
4455,7699.9985
4456,9204.319
4457,8455.416
4458,3809.424
4459,12319.698
4460,11244.781
4461,3986.232
4462,7280.6943
4463,5230.2354
4464,7044.925
4465,3551.163
4466,3418.0186
4467,5025.9644
4468,12729.203
4469,8804.139
4470,8788.727
4471,8685.13
4472,5144.5474
4473,8199.571
4474,25455.729
4475,8040.2983
4476,3660.4275
4477,3142.125
4478,6853.6113
4479,8765.964
4480,3451.334
4481,9645.227
4482,20596.72
4483,3235.1387
4484,3460.7761
4485,13125.239
4486,3976.2705
4487,7598.79
4488,3969.2747
4489,6914.8613
4490,0.0
4491,5946.1313
4492,4538.929
4493,6431.701
4494,8956.047
4495,6548.3296
4496,6676.1597
4497,6574.038
4498,4625.488
4499,6201.957
4500,8635.948
4501,4196.731
4502,6687.1084
4503,6104.5254
4504,5931.6074
4505,6346.428
4506,6237.963
4507,6646.729
4508,6671.729
4509,9495.785
4510,8854.92
4511,5070.8057
4512,4166.4956
4513,4263.332
4514,6805.0503
4515,6999.981
4516,2836.1704
4517,9451.248
4518,6288.875
4519,10353.33
4520,8057.2715
4521,5734.2656
4522,3530.8315
4523,2949.002
4524,12364.382
4525,4674.54
4526,7641.9053
4527,23220.139
4528,7968.625
4529,4324.57
4530,5629.905
4531,3189.7988
4532,6893.564
4533,3145.541
4534,5275.832
4535,11904.322
4536,5634.267
4537,10232.553
4538,18521.512
4539,6326.8276
4540,6804.096
4541,4993.3555
4542,5807.0205
4543,5841.207
4544,10677.316
4545,7620.1064
4546,10356.333
4547,2551.3262
4548,7112.591
4549,5787.44
4550,6779.9126
4551,7160.6274
4552,5721.776
4553,7187.8687
4554,5022.485
4555,9869.179
4556,9353.385
4557,6516.4717
4558,12011.917
4559,7700.821
4560,12036.85
4561,3882.2886
4562,3275.903
4563,5460.1694
4564,10045.256
4565,8039.746
4566,8761.083
4567,7396.1475
4568,9798.685
4569,4943.938
4570,8178.2954
4571,7160.2515
4572,4134.281
4573,17996.771
4574,24646.426
4575,6264.879
4576,7401.115
4577,10708.115
4578,11614.637
4579,12347.118
4580,3042.6797
4581,6159.1934
4582,6649.9375
4583,10278.446
4584,2720.5713
4585,4184.607
4586,6576.1265
4587,3961.9966
4588,7466.766
4589,4021.2234
4590,2835.3074
4591,7892.726
4592,1992.3127
4593,5172.747
4594,7351.9077
4595,6551.372
4596,12046.956
4597,8734.842
4598,5434.4546
4599,8046.052
4600,7405.197
4601,13924.078
4602,5602.985
4603,3348.22
4604,4239.341
4605,12581.336
4606,4091.9387
4607,7505.545
4608,2826.089
4609,4267.8403
4610,6107.3154
4611,6185.616
4612,4663.593
4613,7887.413
4614,10850.887
4615,14384.055
4616,4575.9897
4617,9322.204
4618,2092.6138
4619,4481.833
4620,7341.9497
4621,4767.944
4622,11350.582
4623,2831.5635
4624,5250.104
4625,8261.777
4626,11384.202
4627,11649.294
4628,5185.4287
4629,2411.623
4630,9227.278
4631,8910.99
4632,5432.309
4633,4716.2197
4634,9682.298
4635,8903.667
4636,4941.9907
4637,4205.961
4638,10055.935
4639,6599.621
4640,14989.206
4641,8074.2656
4642,15910.677
4643,5142.6533
4644,5902.153
4645,2333.85
4646,7081.027
4647,5333.595
4648,5880.288
4649,7916.3843
4650,4640.9917
4651,2708.8506
4652,8382.001
4653,3348.4019
4654,7538.4185
4655,7534.8887
4656,6137.1377
4657,9229.637
4658,5303.0767
4659,11098.5205
4660,5877.081
4661,5639.31
4662,5642.9155
4663,3240.2288
4664,10837.927
4665,8127.7417
4666,2778.592
4667,6307.504
4668,7980.6274
4669,6875.113
4670,4864.2153
4671,7288.1357
4672,6478.772
4673,4508.9507
4674,5044.547
4675,8345.458
4676,4610.612
4677,5196.3164
4678,4933.612
4679,6420.6006
4680,3318.409
4681,5530.3276
4682,7838.5005
4683,6510.433
4684,12878.869
4685,8705.374
4686,9147.651
4687,8788.685
4688,4613.6035
4689,13540.58
4690,11586.124
4691,6307.618
4692,8483.561
4693,7334.5796
4694,5907.43
4695,2528.788
4696,13057.541
4697,6156.48
4698,6232.551
4699,4060.8618
4700,2117.7341
4701,12028.334
4702,5548.1704
4703,5395.67
4704,4300.398
4705,6127.113
4706,6408.4434
4707,6349.7163
4708,8651.027
4709,6430.425
4710,3969.267
4711,3182.261
4712,2400.0715
4713,6471.676
4714,18016.537
4715,3225.3179
4716,6160.028
4717,6622.0117
4718,4018.6658
4719,4483.6416
4720,6337.2217
4721,2842.0723
4722,8740.084
4723,7248.696
4724,2042.2058
4725,10053.288
4726,2037.2693
4727,4287.901
4728,16000.153
4729,9163.046
4730,11555.621
4731,2701.6616
4732,6126.1367
4733,4808.341
4734,4657.449
4735,23945.31
4736,10402.544
4737,6488.079
4738,3714.226
4739,5869.675
4740,5238.7183
4741,2899.2227
4742,8714.03
4743,5397.806
4744,4861.395
4745,6848.1616
4746,4894.6685
4747,6138.42
4748,7143.5254
4749,5303.9976
4750,7622.251
4751,3055.8835
4752,4527.2847
4753,5472.6626
4754,10854.996
4755,7833.3286
4756,9223.151
4757,1487.7075
4758,8253.838
4759,6446.49
4760,3836.9775
4761,6237.1655
4762,5879.7275
4763,5210.248
4764,8499.426
4765,6538.462
4766,5495.511
4767,5575.284
4768,8810.179
4769,5971.9194
4770,5576.369
4771,7171.8506
4772,5480.1216
4773,2467.413
4774,13457.23
4775,4648.9756
4776,3543.6438
4777,7651.4087
4778,8736.408
4779,10648.027
4780,3330.9941
4781,5296.722
4782,5139.9023
4783,8548.042
4784,5368.1436
4785,8663.884
4786,2845.4336
4787,5536.651
4788,5235.2666
4789,5245.944
4790,3216.208
4791,8578.598
4792,7720.126
4793,5914.1504
4794,7601.204
4795,8353.342
4796,9928.943
4797,4067.7085
4798,2946.454
4799,5521.409
4800,7507.3564
4801,8064.176
4802,1769.4198
4803,7029.6343
4804,4876.3076
4805,7956.701
4806,5807.2583
4807,3822.8276
4808,8239.672
4809,4405.4653
4810,10171.5625
4811,6715.1167
4812,5401.968
4813,8561.293
4814,5704.8984
4815,5872.374
4816,7515.4307
4817,3341.65
4818,10717.393
4819,9984.173
4820,8722.5205
4821,4213.908
4822,4610.748
4823,1783.667
4824,2261.4739
4825,6890.731
4826,5142.4277
4827,7537.1025
4828,3775.7927
4829,4110.063
4830,4301.071
4831,9291.446
4832,5815.6396
4833,4803.8667
4834,4759.4463
4835,4623.322
4836,4507.2437
4837,5212.1567
4838,8057.594
4839,8615.989
4840,9027.322
4841,6839.108
4842,5793.1895
4843,4301.6
4844,5422.5815
4845,13106.225
4846,7771.3086
4847,8039.163
4848,14231.48
4849,3622.1873
4850,4355.6406
4851,4996.343
4852,10071.638
4853,9499.716
4854,9389.316
4855,10012.133
4856,8837.228
4857,6935.9194
4858,7612.1304
4859,5986.2627
4860,2919.0898
4861,4084.7942
4862,3322.584
4863,3139.3594
4864,8407.68
4865,21790.162
4866,6672.022
4867,3441.4182
4868,6174.169
4869,4543.33
4870,5478.512
4871,2335.8103
4872,6479.792
4873,5612.672
4874,4431.593
4875,19345.021
4876,9626.212
4877,4177.077
4878,3669.556
4879,3788.7888
4880,5119.655
4881,5104.67
4882,7822.734
4883,4793.755
4884,4993.794
4885,4201.3936
4886,6229.7695
4887,5964.8545
4888,7782.5464
4889,3448.9214
4890,9175.088
4891,9562.55
4892,5956.5425
4893,4763.8477
4894,4054.572
4895,6766.7397
4896,3594.0154
4897,11410.28
4898,4674.772
4899,3737.681
4900,6249.606
4901,6147.285
4902,4667.2686
4903,3753.5273
4904,4410.086
4905,12743.671
4906,9259.254
4907,6465.7275
4908,3668.4114
4909,5902.896
4910,9670.808
4911,4699.0747
4912,5567.4194
4913,5923.9175
4914,12739.745
4915,8022.251
4916,4537.873
4917,3847.5332
4918,3618.1365
4919,8514.924
4920,6158.4004
4921,15504.611
4922,6051.3584
4923,6181.9414
4924,5072.0054
4925,3250.3743
4926,5678.584
4927,23839.262
4928,2011.8337
4929,5781.9004
4930,8311.626
4931,7132.3257
4932,7158.4897
4933,10670.78
4934,6552.8467
4935,4664.3223
4936,3587.3394
4937,10211.095
4938,5003.1006
4939,8233.072
4940,10538.296
4941,3538.03
4942,6442.7407
4943,7811.1177
4944,4359.502
4945,8327.973
4946,7658.856
4947,2696.1604
4948,9031.267
4949,7116.961
4950,5862.2554
4951,13097.69
4952,8556.306
4953,7317.6626
4954,5001.426
4955,4548.412
4956,5034.1978
4957,0.78995764
4958,8123.595
4959,2196.0732
4960,7112.8145
4961,3434.6685
4962,4894.655
4963,6443.306
4964,5350.262
4965,5900.858
4966,9727.997
4967,4607.1475
4968,7198.5854
4969,4499.6274
4970,9048.261
4971,11757.981
4972,8098.9546
4973,3361.5818
4974,5156.2
4975,6770.394
4976,2620.065
4977,11935.268
4978,5061.46
4979,6831.1543
4980,14011.455
4981,7419.0815
4982,1941.5529
4983,6337.542
4984,9513.344
4985,7085.844
4986,10482.54
4987,10506.783
4988,6168.059
4989,6165.4414
4990,5105.4194
4991,2015.5122
4992,5226.829
4993,9345.778
4994,2433.2588
4995,8591.444
4996,7921.6113
4997,6028.361
4998,7644.938
4999,5578.497
5000,7966.4287
5001,5635.616
5002,4306.4365
5003,5373.0103
5004,4249.0366
5005,7561.383
5006,8574.94
5007,11840.391
5008,6414.2227
5009,3438.55
5010,7377.484
5011,7105.5386
5012,8242.037
5013,3181.3262
5014,3163.8718
5015,8282.891
5016,6448.1997
5017,3677.0898
5018,8168.0596
5019,5069.49
5020,6261.2827
5021,5473.1113
5022,1332.128
5023,6364.2383
5024,6663.436
5025,7065.025
5026,9297.918
5027,9891.116
5028,4315.4463
5029,6903.783
5030,3685.859
5031,1104.5156
5032,6721.4927
5033,13567.378
5034,5923.3076
5035,5851.3228
5036,1817.9537
5037,6261.253
5038,9115.252
5039,6301.1597
5040,9762.732
5041,3757.07
5042,4854.699
5043,3206.209
5044,6728.568
5045,4121.248
5046,2758.1423
5047,5180.0596
5048,3313.272
5049,5726.6465
5050,5451.3433
5051,4475.425
5052,5933.3955
5053,9169.752
5054,5799.553
5055,3266.4229
5056,9825.655
5057,6670.9463
5058,5220.4414
5059,1915.7225
5060,9055.063
5061,6940.386
5062,6055.926
5063,7386.475
5064,10494.395
5065,7347.4634
5066,7325.484
5067,8712.311
5068,10536.939
5069,13407.153
5070,3538.408
5071,5110.4478
5072,5290.234
5073,6680.8037
5074,4046.072
5075,8876.449
5076,8948.465
5077,5363.3735
5078,2334.9592
5079,6521.26
5080,9547.631
5081,3924.618
5082,8253.278
5083,1970.8438
5084,7607.6445
5085,9272.28
5086,5322.567
5087,8673.45
5088,3517.2637
5089,4010.0574
5090,6654.3916
5091,6595.1597
5092,11356.3
5093,5975.287
5094,9232.859
5095,5920.511
5096,3406.4531
5097,11325.182
5098,2222.048
5099,11274.668
5100,5038.0117
5101,4873.611
5102,8869.264
5103,5546.218
5104,5145.499
5105,8512.837
5106,2613.3384
5107,3118.1677
5108,7823.9946
5109,7029.601
5110,11076.282
5111,6208.521
5112,6344.703
5113,3943.8215
5114,7915.803
5115,3264.5693
5116,12769.135
5117,8708.663
5118,16513.611
5119,4300.3774
5120,5644.137
5121,9756.737
5122,13209.354
5123,3399.1365
5124,12068.162
5125,5626.018
5126,6300.463
5127,4461.6143
5128,5230.904
5129,3910.977
5130,4418.1787
5131,3546.4
5132,2842.5293
5133,10346.864
5134,5933.605
5135,25102.178
5136,8026.2383
5137,3652.75
5138,6170.4775
5139,10153.814
5140,6218.4185
5141,7339.7725
5142,5785.326
5143,6990.813
5144,7099.232
5145,3404.4585
5146,4724.3916
5147,6048.277
5148,7727.662
5149,5821.5005
5150,6784.499
5151,4478.897
5152,3874.6895
5153,5147.8604
5154,9302.362
5155,10166.315
5156,9026.591
5157,7248.212
5158,3748.6929
5159,5643.12
5160,3151.1184
5161,8007.932
5162,9721.431
5163,9188.934
5164,5734.4463
5165,4075.111
5166,4138.278
5167,4155.9253
5168,8960.687
5169,5333.351
5170,5125.073
5171,3705.4106
5172,6693.9434
5173,3240.5596
5174,7685.6685
5175,4163.4126
5176,5896.9814
5177,4832.1855
5178,5808.865
5179,8186.896
5180,5826.795
5181,4924.3306
5182,6101.6963
5183,6055.14
5184,9906.534
5185,5394.8257
5186,8446.268
5187,8011.049
5188,8084.5303
5189,6370.378
5190,7506.5615
5191,3254.8206
5192,4669.197
5193,5567.7803
5194,6431.762
5195,7811.9746
5196,7999.6035
5197,5409.207
5198,7956.671
5199,6125.161
5200,7381.672
5201,3461.4663
5202,13036.163
5203,4062.4543
5204,4904.829
5205,8784.318
5206,3821.3547
5207,4853.282
5208,5035.019
5209,6692.839
5210,5158.084
5211,3845.5188
5212,6423.596
5213,6746.1626
5214,6484.4287
5215,4769.827
5216,7958.4395
5217,11154.851
5218,6657.128
5219,5200.566
5220,6122.0186
5221,6440.8237
5222,5076.468
5223,6302.0435
5224,3414.8865
5225,8200.079
5226,5936.3506
5227,6025.877
5228,8690.757
5229,4134.076
5230,4224.4893
5231,3906.8008
5232,8174.131
5233,6519.3315
5234,3984.814
5235,4258.4507
5236,5521.5884
5237,5388.022
5238,4524.038
5239,5751.1533
5240,5220.4014
5241,7863.879
5242,4538.1714
5243,4194.3457
5244,6187.168
5245,6304.6167
5246,5716.288
5247,7528.725
5248,7534.5728
5249,4082.1921
5250,8286.186
5251,5158.9946
5252,4950.658
5253,9024.154
5254,4906.1724
5255,10195.437
5256,7552.049
5257,6184.554
5258,5719.0044
5259,7242.1997
5260,7036.712
5261,5204.784
5262,3282.4348
5263,5085.405
5264,7467.293
5265,4833.762
5266,3858.177
5267,7683.8945
5268,5585.291
5269,4897.2793
5270,5420.689
5271,4692.4814
5272,7007.456
5273,6889.4297
5274,4875.9355
5275,4946.528
5276,4191.838
5277,5906.889
5278,3272.5642
5279,6427.592
5280,4790.514
5281,8344.933
5282,6523.9844
5283,5515.214
5284,11608.645
5285,4903.931
5286,4853.458
5287,10810.095
5288,6102.9883
5289,7748.719
5290,7676.5913
5291,4980.493
5292,6591.336
5293,4622.5234
5294,6544.246
5295,11641.997
5296,6077.2783
5297,2580.3718
5298,4818.447
5299,7811.6616
5300,8275.989
5301,4309.313
5302,5324.283
5303,4347.4385
5304,3892.88
5305,3034.931
5306,4602.2676
5307,6140.944
5308,6557.28
5309,6695.7314
5310,5769.934
5311,6579.8345
5312,8279.565
5313,7348.052
5314,3781.9858
5315,11187.304
5316,9264.501
5317,4550.7646
5318,6153.603
5319,4824.3423
5320,6177.621
5321,3096.4778
5322,5305.5713
5323,4426.8564
5324,11145.843
5325,6514.477
5326,7708.4487
5327,7745.025
5328,5317.9287
5329,8031.959
5330,22803.188
5331,7840.4146
5332,4695.889
5333,2798.495
5334,4983.235
5335,7756.0767
5336,4789.2256
5337,12099.926
5338,20803.617
5339,3499.6758
5340,5191.1494
5341,9515.967
5342,4224.852
5343,7319.6797
5344,5383.3013
5345,7224.3584
5346,2.583143
5347,5127.3027
5348,4752.206
5349,7298.264
5350,7586.3125
5351,5894.67
5352,5913.113
5353,6143.739
5354,4138.1123
5355,5507.9697
5356,6390.9243
5357,3952.7327
5358,5487.984
5359,6753.019
5360,6323.009
5361,5797.125
5362,6731.9253
5363,6985.1875
5364,6703.489
5365,9421.709
5366,7965.8667
5367,5576.97
5368,3404.6987
5369,5179.521
5370,6346.713
5371,5349.2876
5372,3864.2617
5373,8336.476
5374,5360.98
5375,9379.166
5376,7612.2026
5377,5052.8687
5378,4369.9067
5379,4641.474
5380,9787.494
5381,4129.433
5382,7006.186
5383,21071.834
5384,7047.8955
5385,5131.393
5386,4874.0806
5387,4255.701
5388,6339.4165
5389,3758.2065
5390,5667.459
5391,10883.037
5392,4526.965
5393,12218.713
5394,17453.488
5395,5324.095
5396,6531.481
5397,5388.5566
5398,6625.4487
5399,5356.078
5400,9185.096
5401,6584.537
5402,9037.558
5403,3519.331
5404,7211.615
5405,4791.6294
5406,7015.508
5407,5940.8027
5408,5462.7896
5409,5792.018
5410,5019.908
5411,8297.756
5412,9372.764
5413,5732.9917
5414,10921.8545
5415,6731.5015
5416,9412.646
5417,5467.038
5418,3701.0974
5419,5134.698
5420,8789.431
5421,6615.522
5422,7189.1235
5423,6419.1675
5424,8455.859
5425,4247.027
5426,7898.743
5427,6759.425
5428,3430.0747
5429,15893.145
5430,23507.803
5431,5658.9995
5432,6345.363
5433,8300.701
5434,10040.17
5435,11358.585
5436,4337.3936
5437,6445.6973
5438,5735.989
5439,8430.243
5440,3648.2544
5441,4969.446
5442,4844.4805
5443,4716.3994
5444,7390.8867
5445,4801.063
5446,3919.7651
5447,6886.5913
5448,3396.5498
5449,4087.5186
5450,5956.599
5451,5233.2295
5452,9867.249
5453,7097.8438
5454,5745.292
5455,6359.0073
5456,6649.4365
5457,12033.062
5458,5935.5576
5459,4235.367
5460,3833.6006
5461,9222.1045
5462,4462.9253
5463,6251.4185
5464,2889.5884
5465,4646.0674
5466,6268.22
5467,5197.898
5468,4222.2573
5469,7315.025
5470,9213.437
5471,13028.718
5472,5915.544
5473,8163.083
5474,2972.319
5475,4179.066
5476,6046.437
5477,3732.3792
5478,9402.1045
5479,4054.924
5480,5259.442
5481,8121.341
5482,10318.207
5483,8362.685
5484,5005.2534
5485,4480.132
5486,8664.61
5487,7597.804
5488,5466.188
5489,4256.8423
5490,7386.9473
5491,8892.719
5492,4111.255
5493,5342.475
5494,8673.408
5495,7220.7764
5496,13755.495
5497,6279.129
5498,12967.031
5499,5073.1567
5500,4787.5127
5501,3222.7405
5502,6233.6387
5503,4654.1714
5504,5062.908
5505,8225.451
5506,4083.3643
5507,3992.713
5508,6770.0645
5509,3809.464
5510,6658.1313
5511,6101.906
5512,6413.4575
5513,7720.8105
5514,4629.4736
5515,9963.673
5516,5494.6675
5517,4654.2383
5518,4804.5815
5519,3929.3792
5520,10698.703
5521,6409.458
5522,4039.1152
5523,6004.923
5524,7532.963
5525,6580.5625
5526,5181.508
5527,7689.1
5528,5717.526
5529,4451.96
5530,3995.0256
5531,7104.2515
5532,5233.624
5533,6818.7725
5534,4622.3647
5535,4684.5654
5536,4305.081
5537,4845.0073
5538,6741.4995
5539,7607.5356
5540,10660.333
5541,8831.455
5542,8020.8354
5543,8251.791
5544,4962.6104
5545,11623.834
5546,10475.653
5547,5716.801
5548,8237.385
5549,7353.731
5550,5680.0957
5551,3655.9956
5552,10677.235
5553,5218.7334
5554,6821.7456
5555,4874.745
5556,2295.974
5557,10782.293
5558,4908.3115
5559,4503.659
5560,4734.5425
5561,5218.027
5562,6591.091
5563,6621.0015
5564,6354.5874
5565,5168.195
5566,3646.7756
5567,3836.7761
5568,3304.1184
5569,6340.9463
5570,19965.07
5571,4005.29
5572,5209.91
5573,6436.58
5574,4837.8813
5575,3773.715
5576,5000.0283
5577,3717.6184
5578,6725.8535
5579,6099.654
5580,3131.7168
5581,8591.879
5582,3918.8904
5583,4662.187
5584,12785.672
5585,6927.239
5586,10731.14
5587,5244.193
5588,5999.885
5589,4065.2183
5590,4771.6836
5591,21890.518
5592,8425.999
5593,6301.412
5594,4961.7017
5595,4674.46
5596,5466.261
5597,4026.336
5598,9900.205
5599,5207.9326
5600,4260.2993
5601,6557.5923
5602,4034.075
5603,5918.942
5604,6497.616
5605,5436.026
5606,6403.3477
5607,3785.4832
5608,4733.129
5609,4930.841
5610,9377.574
5611,7093.932
5612,7644.4204
5613,3165.8403
5614,6706.6484
5615,5859.678
5616,4632.557
5617,6126.09
5618,6473.5957
5619,5220.521
5620,6795.7944
5621,6106.424
5622,4772.521
5623,4690.8657
5624,7856.996
5625,5106.1113
5626,4690.991
5627,7025.8403
5628,5069.732
5629,4230.9175
5630,10984.43
5631,4761.8716
5632,2944.5896
5633,7114.5312
5634,6662.629
5635,9855.342
5636,4061.877
5637,6072.115
5638,5041.4204
5639,7250.7217
5640,4852.972
5641,7217.54
5642,2660.526
5643,4680.7065
5644,4995.6807
5645,4721.621
5646,4326.513
5647,7080.581
5648,6773.2227
5649,6191.2593
5650,7407.9097
5651,5892.967
5652,8568.204
5653,3853.241
5654,4901.822
5655,5686.1724
5656,7268.1357
5657,7327.881
5658,3177.1287
5659,8722.812
5660,4884.594
5661,6248.3306
5662,4589.519
5663,4264.8247
5664,6696.945
5665,4988.1523
5666,8644.106
5667,6233.805
5668,5264.6265
5669,7140.8955
5670,5994.651
5671,5294.232
5672,6717.698
5673,4919.95
5674,9582.38
5675,9197.51
5676,7991.6875
5677,4634.4
5678,4232.0396
5679,3414.8345
5680,3037.1465
5681,6573.2295
5682,4419.7935
5683,8558.827
5684,3434.5933
5685,4380.9
5686,4898.5596
5687,8299.83
5688,4825.834
5689,4137.4766
5690,4515.235
5691,4692.759
5692,4010.3633
5693,6907.3926
5694,7261.1235
5695,7571.183
5696,7801.416
5697,6131.6377
5698,5801.318
5699,4508.7188
5700,4714.587
5701,9709.208
5702,8055.7427
5703,8515.509
5704,15344.908
5705,4522.9683
5706,3513.0352
5707,5622.3276
5708,8493.964
5709,7776.818
5710,7692.1074
5711,8330.428
5712,7583.0137
5713,6296.468
5714,6019.202
5715,4963.439
5716,4578.334
5717,3744.2292
5718,3779.025
5719,4308.265
5720,6814.176
5721,18807.96
5722,6646.374
5723,5134.6294
5724,6354.5146
5725,3903.4556
5726,6418.4453
5727,4219.809
5728,7707.383
5729,5404.6016
5730,6201.5547
5731,16575.275
5732,10128.116
5733,4736.0283
5734,6229.6206
5735,3797.2156
5736,4969.147
5737,5356.8037
5738,6463.798
5739,4009.6672
5740,4086.653
5741,4581.7725
5742,4637.075
5743,6129.8135
5744,6404.85
5745,3870.4006
5746,7827.518
5747,8901.307
5748,5390.952
5749,4371.17
5750,3672.2244
5751,7325.0996
5752,4037.559
5753,9821.224
5754,4374.995
5755,5017.3135
5756,6562.999
5757,5002.447
5758,3710.7412
5759,4228.678
5760,4744.66
5761,11690.453
5762,9837.442
5763,5906.6245
5764,4146.2676
5765,5877.103
5766,8087.538
5767,4063.0317
5768,4787.668
5769,5996.0
5770,10407.883
5771,7196.265
5772,6290.5186
5773,5899.9463
5774,4051.1235
5775,8641.7
5776,5208.087
5777,14424.004
5778,5567.1216
5779,4753.1177
5780,5055.26
5781,3939.197
5782,5976.0903
5783,20232.797
5784,3193.6655
5785,4675.2715
5786,8154.4062
5787,5342.908
5788,6671.3535
5789,8091.5503
5790,5469.453
5791,4025.7063
5792,3186.3164
5793,9649.063
5794,5352.9424
5795,7587.709
5796,7758.6367
5797,4149.33
5798,5939.341
5799,6046.6387
5800,3533.0317
5801,7893.6143
5802,8471.819
5803,3634.0376
5804,7572.447
5805,6185.504
5806,5392.6445
5807,10527.125
5808,7089.5557
5809,6740.072
5810,4573.6157
5811,4260.5674
5812,6946.2344
5813,2989.8135
5814,7929.367
5815,3486.4302
5816,6126.4697
5817,4285.2715
5818,4847.4067
5819,5702.722
5820,6520.4136
5821,5520.093
5822,7755.0483
5823,5039.1895
5824,6638.6
5825,4900.167
5826,8435.4795
5827,10316.928
5828,7651.197
5829,3043.095
5830,5152.5913
5831,6963.448
5832,3285.95
5833,9918.815
5834,4391.703
5835,6353.1997
5836,12927.911
5837,6654.3853
5838,3113.7832
5839,7398.5815
5840,9613.395
5841,5615.0815
5842,9809.597
5843,7740.653
5844,5063.401
5845,5523.3164
5846,6347.8994
5847,4058.3372
5848,5153.9775
5849,7272.6294
5850,3950.275
5851,6350.5034
5852,6533.88
5853,6072.5615
5854,6552.478
5855,6065.036
5856,6790.157
5857,4754.7046
5858,5880.159
5859,6007.461
5860,6407.8994
5861,6627.9326
5862,6948.202
5863,10747.538
5864,5470.361
5865,4222.8857
5866,5963.9844
5867,6712.286
5868,6468.016
5869,4443.144
5870,4272.6753
5871,7095.4614
5872,6649.754
5873,5618.468
5874,6863.4893
5875,4747.055
5876,6078.316
5877,4453.9478
5878,2540.6387
5879,5952.7085
5880,5968.2354
5881,5751.241
5882,8583.205
5883,8962.191
5884,4448.0674
5885,6984.348
5886,3877.544
5887,2447.2942
5888,5895.294
5889,11300.785
5890,6618.9746
5891,6546.743
5892,3389.1475
5893,6300.2524
5894,8150.806
5895,5345.401
5896,6918.0474
5897,4237.0
5898,4800.1978
5899,4262.6772
5900,5686.9966
5901,4755.9883
5902,4285.0874
5903,4277.773
5904,4049.6938
5905,5527.965
5906,6108.3057
5907,4180.4497
5908,6101.9697
5909,7081.7495
5910,5854.276
5911,3945.447
5912,8477.081
5913,6251.9966
5914,4353.111
5915,3024.0122
5916,8975.878
5917,5761.19
5918,4476.599
5919,6379.8945
5920,9306.027
5921,6790.8506
5922,5816.5386
5923,8246.59
5924,7960.4585
5925,11957.2
5926,4557.1978
5927,4499.3696
5928,4608.4663
5929,6239.7544
5930,4580.1426
5931,7788.777
5932,8104.8125
5933,4585.3315
5934,3426.4937
5935,4752.306
5936,9637.741
5937,4170.615
5938,6782.6035
5939,3123.92
5940,6399.8125
5941,7134.8364
5942,6027.021
5943,8061.669
5944,5791.361
5945,3752.0166
5946,5863.687
5947,6250.5596
5948,8129.8584
5949,6230.465
5950,7828.145
5951,5496.3345
5952,4294.282
5953,9773.586
5954,3470.5952
5955,9559.294
5956,4987.829
5957,4074.1626
5958,7101.304
5959,5489.0884
5960,5911.477
5961,7592.038
5962,3579.812
5963,4051.7148
5964,6533.032
5965,7221.341
5966,9302.903
5967,5427.384
5968,5677.301
5969,4911.6084
5970,6557.2236
5971,4490.387
5972,10049.655
5973,8749.625
5974,13173.572
5975,3694.7864
5976,5307.768
5977,11797.511
5978,11513.674
5979,4353.5884
5980,10160.857
5981,5447.1123
5982,5340.5645
5983,3969.5588
5984,4064.4543
5985,4917.9185
5986,5074.9185
5987,3408.1953
5988,4232.6733
5989,8106.428
5990,6607.2676
5991,23938.482
5992,6371.217
5993,3363.0732
5994,5837.047
5995,9829.143
5996,5961.3623
5997,7027.1206
5998,5441.779
5999,6610.4507
6000,6709.5913
6001,3145.442
6002,4470.919
6003,5528.703
6004,7461.2773
6005,5519.7505
6006,6277.955
6007,4175.2446
6008,3663.7952
6009,4710.469
6010,8872.005
6011,9573.629
6012,8592.256
6013,6752.1885
6014,3532.6543
6015,5183.2627
6016,2987.5781
6017,7669.9824
6018,9003.2295
6019,8817.434
6020,5286.1934
6021,3860.942
6022,3886.131
6023,3800.5605
6024,8535.26
6025,4911.332
6026,4680.4253
6027,3443.267
6028,6343.39
6029,3070.536
6030,7164.583
6031,3796.984
6032,5600.7886
6033,4455.324
6034,5540.835
6035,7491.6626
6036,5556.994
6037,4680.818
6038,5838.088
6039,5563.3633
6040,9289.364
6041,4986.302
6042,8176.5093
6043,7574.6934
6044,7472.1875
6045,5880.939
6046,7094.9673
6047,3073.3638
6048,4429.467
6049,5307.788
6050,5922.6406
6051,7288.8237
6052,7329.6216
6053,5199.579
6054,7331.006
6055,5814.2754
6056,6975.76
6057,3281.1887
6058,12687.642
6059,3837.735
6060,4647.9604
6061,8401.604
6062,3560.9941
6063,4479.1704
6064,4755.303
6065,6217.386
6066,4696.6416
6067,3560.9568
6068,5961.0156
6069,6187.929
6070,6135.3643
6071,4537.02
6072,7518.944
6073,10492.183
6074,6335.294
6075,4892.237
6076,5578.6406
6077,6067.0786
6078,4632.0137
6079,5794.4883
6080,3243.9958
6081,7596.0146
6082,5641.118
6083,5517.0977
6084,8545.523
6085,3929.739
6086,3871.1943
6087,3587.911
6088,7501.3223
6089,6217.837
6090,3649.1594
6091,3963.1455
6092,5090.6514
6093,4898.8584
6094,4296.905
6095,5465.8545
6096,4965.4985
6097,7396.19
6098,4234.317
6099,3977.9663
6100,5668.221
6101,6054.17
6102,5512.695
6103,6851.4087
6104,7009.4683
6105,3738.4368
6106,7734.0186
6107,4938.9326
6108,4654.398
6109,8327.17
6110,4533.9185
6111,9846.454
6112,6916.035
6113,5758.492
6114,5177.98
6115,6925.455
6116,6425.722
6117,4974.1836
6118,3078.2964
6119,4811.571
6120,7237.145
6121,4431.229
6122,3636.236
6123,7333.747
6124,5300.068
6125,4621.1436
6126,5042.9883
6127,4491.2524
6128,6705.9385
6129,6352.6177
6130,4647.238
6131,4505.657
6132,4006.4172
6133,5484.4775
6134,3072.9973
6135,6152.805
6136,4387.985
6137,7707.4565
6138,6210.92
6139,5231.2134
6140,10895.271
6141,4707.864
6142,4432.3706
6143,10434.58
6144,5688.163
6145,7092.5854
6146,7320.678
6147,4527.1724
6148,6036.3413
6149,4366.1733
6150,6223.6997
6151,11166.538
6152,5753.03
6153,2324.8372
6154,4558.211
6155,7229.501
6156,7638.881
6157,4005.2556
6158,4918.8384
6159,4042.0486
6160,3698.228
6161,2874.5994
6162,4379.024
6163,5649.238
6164,6067.368
6165,6314.5044
6166,5497.771
6167,6044.7705
6168,7569.0024
6169,6788.616
6170,3464.1519
6171,10636.974
6172,8647.769
6173,4242.654
6174,5806.289
6175,4475.9116
6176,5741.89
6177,2773.6897
6178,5089.9766
6179,4062.1636
6180,10613.706
6181,6070.598
6182,7069.3726
6183,7327.755
6184,4880.752
6185,7393.0864
6186,22282.492
6187,7256.561
6188,4458.6533
6189,2528.467
6190,4577.758
6191,7375.6895
6192,4468.463
6193,11279.099
6194,19898.785
6195,3280.7537
6196,4914.6406
6197,8907.846
6198,3964.537
6199,7022.6514
6200,5021.46
6201,6930.2324
6202,1341.1343
6203,4716.5073
6204,4384.7505
6205,6968.9697
6206,7066.029
6207,5408.3916
6208,5437.089
6209,5836.8687
6210,3785.5374
6211,5170.3447
6212,5988.65
6213,3628.845
6214,5005.5254
6215,6450.359
6216,5974.9336
6217,5522.4155
6218,6314.5405
6219,6737.867
6220,6218.7207
6221,8988.266
6222,7487.355
6223,5299.9062
6224,3071.2478
6225,4872.463
6226,5984.7324
6227,4896.2095
6228,3643.9937
6229,7915.6445
6230,4917.9326
6231,8985.592
6232,7201.3735
6233,4601.622
6234,4116.3877
6235,4363.317
6236,9094.211
6237,3782.9888
6238,6620.8374
6239,20431.674
6240,6427.2363
6241,4870.9385
6242,4418.3726
6243,4051.5408
6244,5983.979
6245,3538.2358
6246,5354.9136
6247,10463.512
6248,4128.5234
6249,11437.476
6250,16772.543
6251,4793.1196
6252,6124.886
6253,5065.488
6254,6320.024
6255,5087.278
6256,8589.585
6257,6009.272
6258,8580.635
6259,3319.9731
6260,6911.0103
6261,4390.4297
6262,6681.3325
6263,5405.6636
6264,5135.771
6265,5291.243
6266,4759.333
6267,7717.5566
6268,8994.32
6269,5271.169
6270,10500.853
6271,6196.2334
6272,8794.798
6273,5144.326
6274,3466.9255
6275,4731.924
6276,8233.74
6277,6064.6084
6278,6596.0337
6279,5857.1245
6280,7836.953
6281,3878.7314
6282,7470.8765
6283,6461.2705
6284,3118.3342
6285,15316.192
6286,22845.918
6287,5241.8926
6288,5850.843
6289,7746.554
6290,9625.175
6291,10942.249
6292,4115.002
6293,6155.7104
6294,5297.364
6295,7766.944
6296,3463.9536
6297,4715.4683
6298,4454.551
6299,4465.7656
6300,7059.0566
6301,4578.0635
6302,3700.9456
6303,6248.9087
6304,3194.7961
6305,3817.3252
6306,5438.681
6307,4843.039
6308,9140.883
6309,6585.9565
6310,5516.1875
6311,5787.6274
6312,6086.769
6313,11585.782
6314,5643.4697
6315,4003.7505
6316,3507.6438
6317,8572.536
6318,4223.0225
6319,5761.3877
6320,2659.4448
6321,4423.5005
6322,5998.935
6323,4771.802
6324,3810.6309
6325,6798.738
6326,8632.481
6327,12519.248
6328,5633.074
6329,7798.247
6330,2812.4702
6331,3852.9102
6332,5593.08
6333,3479.755
6334,8983.458
6335,3831.089
6336,4984.704
6337,7805.093
6338,9746.413
6339,7863.766
6340,4670.8315
6341,4262.49
6342,8569.177
6343,7093.8643
6344,5219.0024
6345,3859.8115
6346,6857.3975
6347,8444.375
6348,3772.9448
6349,5106.9443
6350,7966.512
6351,6933.4326
6352,13440.261
6353,5831.476
6354,12562.727
6355,4695.5845
6356,4436.9307
6357,3057.858
6358,5924.0083
6359,4286.67
6360,4621.386
6361,7861.3516
6362,3732.0266
6363,3778.0085
6364,6205.7085
6365,3594.0427
6366,6333.2515
6367,5644.6274
6368,6136.857
6369,7146.299
6370,4272.5
6371,9468.996
6372,5208.0815
6373,4340.2534
6374,4375.0366
6375,3734.2026
6376,10128.213
6377,5932.275
6378,3845.2693
6379,5671.747
6380,7148.1533
6381,6241.409
6382,4842.332
6383,7394.4614
6384,5376.3374
6385,4220.103
6386,3711.5415
6387,6537.3335
6388,4968.128
6389,6430.4434
6390,4266.1836
6391,4296.3306
6392,4053.6167
6393,4352.9365
6394,6250.4346
6395,7374.339
6396,10003.036
6397,8439.061
6398,7418.282
6399,7950.7915
6400,4710.676
6401,11245.692
6402,10180.249
6403,5313.289
6404,7881.525
6405,6980.126
6406,5419.4946
6407,3471.274
6408,10268.501
6409,4805.6587
6410,6522.3296
6411,4615.4653
6412,2095.08
6413,10339.82
6414,4495.594
6415,4099.964
6416,4497.572
6417,4789.445
6418,6279.099
6419,6221.6104
6420,5982.5923
6421,4808.85
6422,3327.8782
6423,3647.5583
6424,3126.141
6425,5877.8374
6426,18917.861
6427,3780.0994
6428,4774.666
6429,6154.184
6430,4573.415
6431,3477.8003
6432,4537.4097
6433,3535.9617
6434,6190.7983
6435,5586.5483
6436,2941.466
6437,8084.191
6438,3732.8242
6439,4390.4175
6440,12119.387
6441,6451.682
6442,10291.414
6443,5007.0537
6444,5661.0566
6445,3699.255
6446,4411.016
6447,21366.746
6448,7845.4414
6449,5790.759
6450,4666.6543
6451,4287.3647
6452,5209.0703
6453,3834.7454
6454,9608.16
6455,4883.8584
6456,3975.1782
6457,5976.079
6458,3642.5547
6459,5543.341
6460,6220.732
6461,5033.602
6462,5927.145
6463,3597.1777
6464,4463.7344
6465,4560.5156
6466,8674.368
6467,6721.6147
6468,7021.9614
6469,2992.3843
6470,6189.163
6471,5567.764
6472,4402.193
6473,5795.997
6474,6201.247
6475,4924.204
6476,6286.842
6477,5749.9575
6478,4380.2104
6479,4286.96
6480,7474.932
6481,4666.6675
6482,4402.361
6483,6538.4434
6484,4661.4893
6485,4040.3755
6486,10354.752
6487,4495.6973
6488,2688.102
6489,6724.41
6490,6261.3784
6491,9540.74
6492,3878.1062
6493,5780.0366
6494,4774.0967
6495,6896.826
6496,4453.595
6497,6649.2144
6498,2399.7935
6499,4323.506
6500,4616.9976
6501,4329.812
6502,4108.7773
6503,6512.582
6504,6240.3853
6505,5934.9688
6506,6973.897
6507,5530.0957
6508,7946.9854
6509,3477.1304
6510,4711.013
6511,5408.665
6512,6734.854
6513,6925.9043
6514,2992.176
6515,8161.822
6516,4529.8633
6517,5793.9688
6518,4233.566
6519,3996.493
6520,6202.4185
6521,4728.711
6522,8083.1733
6523,5677.8745
6524,5007.9517
6525,6602.4604
6526,5721.623
6527,4845.174
6528,6403.262
6529,4686.7734
6530,9186.944
6531,8559.75
6532,7519.0444
6533,4338.6475
6534,3888.0405
6535,3212.4854
6536,2871.8516
6537,6212.1816
6538,4029.3484
6539,8229.697
6540,3132.174
6541,3992.4731
6542,4642.4126
6543,7911.2896
6544,4404.5537
6545,3784.2917
6546,4161.253
6547,4414.156
6548,3720.2366
6549,6548.7104
6550,6852.938
6551,7148.1465
6552,7125.3154
6553,5689.791
6554,5326.3
6555,4237.5254
6556,4316.6816
6557,9166.009
6558,7667.371
6559,8296.039
6560,14609.694
6561,4283.2935
6562,3252.651
6563,5337.621
6564,7896.3027
6565,7223.8555
6566,7073.932
6567,7664.8853
6568,7066.4062
6569,5985.4175
6570,5474.944
6571,4548.4253
6572,4326.6865
6573,3398.53
6574,3583.9805
6575,4080.8955
6576,6284.761
6577,18120.05
6578,6393.8696
6579,4900.3306
6580,6020.3447
6581,3583.6284
6582,5904.9233
6583,3920.184
6584,7371.8984
6585,4993.9604
6586,5931.4883
6587,15986.197
6588,9442.8955
6589,4524.6943
6590,6003.864
6591,3500.7642
6592,4674.821
6593,5089.0493
6594,5959.7134
6595,3695.2517
6596,3720.563
6597,4343.1357
6598,4233.182
6599,5810.5
6600,5872.2563
6601,3654.336
6602,7166.524
6603,8522.204
6604,4915.5786
6605,4029.4868
6606,3366.4885
6607,7038.437
6608,3807.9128
6609,9461.034
6610,4015.4697
6611,4595.4727
6612,6201.868
6613,4558.2065
6614,3436.6284
6615,3817.6785
6616,4400.971
6617,11130.704
6618,9462.902
6619,5405.5967
6620,3929.9902
6621,5640.5474
6622,7690.237
6623,3779.3745
6624,4373.034
6625,5702.01
6626,10018.265
6627,6791.7637
6628,6003.2793
6629,5635.2075
6630,3825.611
6631,8314.234
6632,4828.5874
6633,13941.353
6634,5086.9766
6635,4301.5674
6636,4765.0386
6637,3655.6538
6638,5654.602
6639,19517.816
6640,3007.3518
6641,4254.5283
6642,7757.475
6643,4929.2417
6644,6386.671
6645,7505.8384
6646,5014.9165
6647,3669.2515
6648,2905.839
6649,9373.496
6650,5112.31
6651,7221.1826
6652,7153.9165
6653,3917.3281
6654,5570.702
6655,5616.1743
6656,3229.2156
6657,7472.8506
6658,8185.8184
6659,3449.0266
6660,7051.372
6661,5629.0566
6662,4998.4214
6663,9698.0
6664,6497.3994
6665,6394.827
6666,4286.0605
6667,3864.3577
6668,6659.719
6669,2721.7795
6670,7656.577
6671,3291.004
6672,5817.6147
6673,4076.472
6674,4475.1045
6675,5413.2847
6676,6243.523
6677,4993.9985
6678,7121.2524
6679,4777.413
6680,6285.205
6681,4652.9507
6682,8073.0103
6683,10010.07
6684,7292.1616
6685,2760.1653
6686,4880.668
6687,6638.404
6688,3086.1206
6689,9333.779
6690,4035.6914
6691,6049.2866
6692,12338.56
6693,6352.1694
6694,2893.104
6695,7136.967
6696,9253.321
6697,5207.898
6698,9329.204
6699,7164.774
6700,4646.7856
6701,5244.9033
6702,6074.9136
6703,3884.1558
6704,4886.836
6705,6716.1157
6706,3731.6387
6707,5977.681
6708,6014.616
6709,5791.731
6710,6036.226
6711,5770.3853
6712,6452.9497
6713,4471.725
6714,5605.326
6715,5704.485
6716,6124.799
6717,6303.095
6718,6357.7944
6719,10228.864
6720,5063.1353
6721,3998.7925
6722,5425.9653
6723,6228.3135
6724,5998.454
6725,4203.161
6726,4020.3298
6727,6794.31
6728,6343.5234
6729,5416.3784
6730,6339.767
6731,4376.7773
6732,5750.819
6733,4069.8162
6734,2376.266
6735,5437.1094
6736,5527.29
6737,5378.923
6738,8238.037
6739,8501.632
6740,4224.4165
6741,6647.921
6742,3655.2632
6743,2262.7947
6744,5440.165
6745,10892.934
6746,6290.801
6747,6259.109
6748,3203.1885
6749,6000.446
6750,7736.549
6751,4957.893
6752,6526.6797
6753,3994.0996
6754,4546.408
6755,4040.2136
6756,5388.073
6757,4513.0127
6758,4066.855
6759,3872.0032
6760,3838.647
6761,5248.286
6762,5807.502
6763,3841.9475
6764,5806.6157
6765,6595.172
6766,5574.5874
6767,3727.3943
6768,7783.771
6769,5914.782
6770,3972.2178
6771,2842.9033
6772,8610.32
6773,5234.018
6774,4122.557
6775,5931.336
6776,8810.077
6777,6490.6724
6778,5404.751
6779,7819.1157
6780,7411.09
6781,11600.167
6782,4320.661
6783,4140.217
6784,4209.3726
6785,5958.236
6786,4207.9233
6787,7375.4224
6788,7693.208
6789,4281.929
6790,3224.921
6791,4453.0005
6792,9396.913
6793,3923.652
6794,6222.459
6795,2934.648
6796,5811.5693
6797,6732.195
6798,5720.848
6799,7630.485
6800,5506.667
6801,3421.6038
6802,5400.4326
6803,5922.5957
6804,7603.5244
6805,5907.4243
6806,7326.7207
6807,5033.9385
6808,4074.081
6809,9415.179
6810,3274.719
6811,9146.482
6812,4584.579
6813,3731.9163
6814,6580.6943
6815,5176.8096
6816,5613.716
6817,7207.2554
6818,3377.9087
6819,3810.8853
6820,6078.223
6821,6753.6826
6822,8916.491
6823,4910.03
6824,5310.685
6825,4619.9624
6826,6014.662
6827,4251.064
6828,9377.145
6829,8380.938
6830,12759.81
6831,3362.2744
6832,5009.9536
6833,11096.478
6834,11060.458
6835,4122.3213
6836,9460.159
6837,5169.339
6838,4851.8706
6839,3640.7275
6840,3733.1626
6841,4651.3
6842,4841.487
6843,3157.7297
6844,4014.1487
6845,7607.456
6846,6294.9062
6847,23361.457
6848,5804.1797
6849,3255.9915
6850,5731.9854
6851,9774.435
6852,5962.5054
6853,6977.8096
6854,5320.2524
6855,6504.884
6856,6605.0996
6857,3059.1973
6858,4438.645
6859,5285.8257
6860,7431.6313
6861,5456.7744
6862,6021.9414
6863,4077.9148
6864,3626.5264
6865,4509.372
6866,8753.448
6867,9348.328
6868,8484.442
6869,6559.8384
6870,3510.1877
6871,4973.918
6872,2978.1533
6873,7604.387
6874,8647.075
6875,8710.274
6876,5094.212
6877,3855.2117
6878,3825.6184
6879,3636.5483
6880,8431.056
6881,4740.774
6882,4463.8623
6883,3356.7046
6884,6257.975
6885,3072.376
6886,6896.5234
6887,3630.0254
6888,5496.68
6889,4290.319
6890,5475.78
6891,7121.008
6892,5490.0625
6893,4631.2666
6894,5831.3706
6895,5368.707
6896,8993.051
6897,4780.704
6898,8158.6616
6899,7435.3257
6900,7234.4053
6901,5671.8394
6902,6938.9966
6903,3044.5498
6904,4397.4463
6905,5290.138
6906,5670.557
6907,7026.0415
6908,6996.036
6909,5195.7715
6910,7017.0674
6911,5716.5283
6912,6818.8247
6913,3276.403
6914,12657.003
6915,3812.8635
6916,4580.418
6917,8322.366
6918,3482.2488
6919,4353.194
6920,4679.8984
6921,6005.1577
6922,4460.874
6923,3464.033
6924,5712.6963
6925,5931.1094
6926,6044.5747
6927,4492.3877
6928,7354.4536
6929,10160.47
6930,6264.0303
6931,4760.836
6932,5317.5024
6933,5935.331
6934,4389.2866
6935,5526.6943
6936,3249.4937
6937,7324.946
6938,5583.533
6939,5295.798
6940,8769.869
6941,3917.6719
6942,3732.0054
6943,3442.597
6944,7177.688
6945,6139.8604
6946,3528.6565
6947,3887.0356
6948,4890.585
6949,4659.053
6950,4262.181
6951,5398.043
6952,4905.5264
6953,7219.137
6954,4145.441
6955,3950.3352
6956,5416.554
6957,5993.6274
6958,5540.6445
6959,6483.025
6960,6776.2856
6961,3572.9102
6962,7485.1274
6963,4957.127
6964,4558.024
6965,7946.5386
6966,4366.219
6967,9804.153
6968,6607.3745
6969,5560.133
6970,4882.386
6971,6863.8823
6972,6130.6084
6973,4941.944
6974,3016.4258
6975,4760.459
6976,7225.675
6977,4269.404
6978,3607.8586
6979,7264.8022
6980,5231.8022
6981,4509.742
6982,4918.3643
6983,4512.8535
6984,6663.4297
6985,6103.8735
6986,4597.792
6987,4311.797
6988,3991.0566
6989,5328.2056
6990,3030.1863
6991,6097.81
6992,4234.9634
6993,7399.3228
6994,6120.174
6995,5156.7217
6996,10532.699
6997,4713.7056
6998,4201.161
6999,10385.314
7000,5548.657
7001,6761.63
7002,7238.3047
7003,4280.941
7004,5760.4756
7005,4284.5522
7006,6166.359
7007,11036.043
7008,5645.403
7009,2217.044
7010,4487.638
7011,6961.642
7012,7316.3433
7013,3904.6733
7014,4779.692
7015,3956.4824
7016,3688.4336
7017,2880.3794
7018,4363.4004
7019,5417.4014
7020,5817.021
7021,6196.1567
7022,5466.0684
7023,5782.7056
7024,7184.695
7025,6532.6587
7026,3319.6946
7027,10438.402
7028,8382.201
7029,4136.0874
7030,5717.5044
7031,4369.4106
7032,5585.845
7033,2611.0244
7034,5103.058
7035,3923.622
7036,10403.863
7037,5909.6616
7038,6776.6543
7039,7200.1855
7040,4674.986
7041,7110.915
7042,22200.148
7043,6964.6772
7044,4442.9023
7045,2415.3877
7046,4417.867
7047,7272.3174
7048,4290.8057
7049,10626.357
7050,19320.574
7051,3218.8445
7052,4877.1636
7053,8658.936
7054,3887.2358
7055,6994.2812
7056,4872.6997
7057,6876.87
7058,0.30173826
7059,4524.698
7060,4218.336
7061,6891.6313
7062,6827.578
7063,5130.5415
7064,5224.302
7065,5750.6597
7066,3624.2576
7067,5051.331
7068,5838.6616
7069,3487.232
7070,4760.8267
7071,6404.044
7072,5868.085
7073,5453.949
7074,6142.7896
7075,6721.313
7076,5954.3154
7077,8956.876
7078,7311.6904
7079,5247.125
7080,2918.1152
7081,4767.6934
7082,5872.5923
7083,4709.1753
7084,3589.3284
7085,7802.763
7086,4717.326
7087,8921.526
7088,7054.9844
7089,4373.468
7090,4062.617
7091,4251.6763
7092,8742.168
7093,3615.8247
7094,6508.887
7095,20201.947
7096,6110.211
7097,4841.0205
7098,4189.008
7099,4044.4243
7100,5877.378
7101,3504.5935
7102,5285.634
7103,10360.008
7104,3950.181
7105,10849.282
7106,16543.28
7107,4504.944
7108,5995.6455
7109,4975.621
7110,6254.3765
7111,5043.9067
7112,8260.745
7113,5688.7544
7114,8451.401
7115,3285.8716
7116,6850.984
7117,4181.3906
7118,6536.5664
7119,5135.301
7120,5030.2617
7121,5051.129
7122,4603.607
7123,7465.299
7124,8893.2705
7125,5029.9688
7126,10415.291
7127,5952.334
7128,8553.327
7129,5035.595
7130,3423.9873
7131,4578.5874
7132,7988.784
7133,5792.095
7134,6285.5825
7135,5589.235
7136,7544.482
7137,3685.799
7138,7350.7437
7139,6410.565
7140,2976.9888
7141,15202.284
7142,22624.86
7143,5042.4927
7144,5640.8706
7145,7550.075
7146,9540.403
7147,10838.278
7148,4113.6987
7149,6125.8735
7150,5114.827
7151,7417.4966
7152,3459.7068
7153,4687.8374
7154,4315.3516
7155,4392.323
7156,6996.65
7157,4557.3154
7158,3677.5073
7159,5911.742
7160,3136.013
7161,3738.7935
7162,5203.826
7163,4714.573
7164,8763.958
7165,6335.8193
7166,5502.3145
7167,5496.6646
7168,5810.0063
7169,11463.609
7170,5594.803
7171,3975.7812
7172,3364.1033
7173,8301.865
7174,4178.751
7175,5556.5117
7176,2600.9478
7177,4418.124
7178,5960.629
7179,4560.594
7180,3571.748
7181,6533.525
7182,8393.129
7183,12398.379
7184,5563.533
7185,7646.331
7186,2818.4316
7187,3701.9766
7188,5409.465
7189,3406.6904
7190,8887.335
7191,3808.8064
7192,4929.3877
7193,7758.2593
7194,9566.29
7195,7646.3457
7196,4551.611
7197,4269.689
7198,8871.218
7199,6851.278
7200,5200.804
7201,3638.2485
7202,6637.435
7203,8326.741
7204,3622.7056
7205,5104.631
7206,7585.278
7207,6907.821
7208,13447.569
7209,5667.794
7210,12517.35
7211,4524.798
7212,4322.376
7213,3070.5886
7214,5857.214
7215,4115.9756
7216,4436.2705
7217,7749.7983
7218,3564.5354
7219,3768.0999
7220,5942.883
7221,3552.9998
7222,6240.32
7223,5424.0767
7224,6082.776
7225,6902.69
7226,4104.5737
7227,9279.818
7228,5132.196
7229,4254.6543
7230,4137.4727
7231,3703.3682
7232,9939.4795
7233,5748.0986
7234,3839.8152
7235,5590.152
7236,7032.3306
7237,6162.6606
7238,4724.554
7239,7349.811
7240,5256.7837
7241,4090.3503
7242,3626.004
7243,6257.4976
7244,4938.3057
7245,6261.8203
7246,4112.6553
7247,4149.492
7248,3993.3682
7249,4074.5474
7250,6007.369
7251,7424.7803
7252,9715.294
7253,8331.444
7254,7122.02
7255,7922.888
7256,4666.828
7257,11200.66
7258,10136.572
7259,5134.311
7260,7811.6543
7261,6868.421
7262,5360.8677
7263,3474.6467
7264,10158.755
7265,4616.795
7266,6487.98
7267,4534.619
7268,2033.0265
7269,10215.517
7270,4278.8955
7271,3909.235
7272,4468.5737
7273,4611.5796
7274,6220.821
7275,6090.683
7276,5854.131
7277,4707.168
7278,3181.2837
7279,3652.4573
7280,3114.404
7281,5673.8955
7282,18094.562
7283,3757.0916
7284,4578.963
7285,6119.543
7286,4529.604
7287,3388.7144
7288,4313.3516
7289,3540.5994
7290,5895.305
7291,5335.193
7292,2904.1875
7293,7855.1006
7294,3726.2034
7295,4327.05
7296,11990.787
7297,6234.953
7298,10177.89
7299,5011.942
7300,5571.616
7301,3544.8542
7302,4297.2856
7303,21270.373
7304,7568.8867
7305,5545.155
7306,4606.585
7307,4098.1265
7308,5157.056
7309,3836.6663
7310,9595.642
7311,4785.591
7312,3898.1157
7313,5668.567
7314,3447.8555
7315,5403.885
7316,6163.066
7317,4838.7954
7318,5663.1196
7319,3593.9502
7320,4364.841
7321,4401.71
7322,8332.04
7323,6617.453
7324,6696.97
7325,2966.4468
7326,5920.173
7327,5509.4565
7328,4380.666
7329,5712.7344
7330,6162.843
7331,4855.324
7332,6074.4614
7333,5623.1694
7334,4198.493
7335,4115.8813
7336,7372.876
7337,4412.0933
7338,4325.193
7339,6306.469
7340,4449.0474
7341,4048.5698
7342,10094.132
7343,4440.182
7344,2603.7954
7345,6622.8076
7346,6111.4233
7347,9531.627
7348,3872.2175
7349,5717.897
7350,4704.3804
7351,6817.8945
7352,4286.2036
7353,6391.345
7354,2291.4639
7355,4215.436
7356,4493.369
7357,4168.0103
7358,4081.02
7359,6245.381
7360,6012.2817
7361,5876.5596
7362,6842.579
7363,5421.8213
7364,7669.7773
7365,3259.9043
7366,4728.4897
7367,5340.57
7368,6446.367
7369,6797.5513
7370,2983.1836
7371,7756.4243
7372,4384.3823
7373,5631.5
7374,4118.375
7375,3929.8477
7376,5970.262
7377,4700.6035
7378,7856.6064
7379,5378.502
7380,4982.1753
7381,6376.3354
7382,5694.846
7383,4663.188
7384,6323.443
7385,4691.8145
7386,9102.733
7387,8292.559
7388,7357.73
7389,4255.543
7390,3731.4998
7391,3149.5134
7392,2865.3013
7393,6110.258
7394,3822.2844
7395,8195.364
7396,2989.5254
7397,3770.804
7398,4562.948
7399,7813.472
7400,4174.8267
7401,3607.3735
7402,4045.1807
7403,4341.889
7404,3619.134
7405,6431.2163
7406,6713.9897
7407,7008.86
7408,6779.253
7409,5513.999
7410,5098.4946
7411,4157.0234
7412,4095.129
7413,8966.671
7414,7537.146
7415,8379.619
7416,14077.72
7417,4265.4146
7418,3170.3103
7419,5298.2734
7420,7620.666
7421,6952.1865
7422,6761.546
7423,7305.4585
7424,6854.677
7425,5896.2896
7426,5207.6846
7427,4369.7856
7428,4297.737
7429,3210.3193
7430,3569.2107
7431,4068.314
7432,6058.601
7433,17969.793
7434,6361.6587
7435,4834.528
7436,5952.737
7437,3446.8557
7438,5649.5938
7439,3791.0808
7440,7247.507
7441,4796.06
7442,5887.3594
7443,15761.306
7444,8935.688
7445,4529.228
7446,5969.408
7447,3409.135
7448,4596.4194
7449,5049.5054
7450,5694.5796
7451,3596.0388
7452,3528.7507
7453,4292.783
7454,4065.3733
7455,5749.3926
7456,5623.797
7457,3579.4226
7458,6814.28
7459,8434.5625
7460,4667.358
7461,3904.9377
7462,3261.721
7463,7000.1743
7464,3752.0845
7465,9400.857
7466,3875.277
7467,4382.4424
7468,6112.3213
7469,4357.3027
7470,3348.0505
7471,3574.9045
7472,4271.6567
7473,10909.809
7474,9392.325
7475,5162.613
7476,3912.6934
7477,5608.102
7478,7598.8115
7479,3715.4487
7480,4202.576
7481,5652.0137
7482,9913.197
7483,6671.042
7484,5940.82
7485,5595.5024
7486,3778.0374
7487,8257.05
7488,4705.3813
7489,13862.396
7490,4875.8984
7491,4081.752
7492,4689.698
7493,3525.7056
7494,5578.1245
7495,19228.734
7496,2991.8848
7497,4048.18
7498,7643.7715
7499,4783.072
7500,6336.569
7501,7241.723
7502,4815.221
7503,3500.193
7504,2801.9573
7505,9334.963
7506,5071.541
7507,7131.7544
7508,6863.7905
7509,3858.5671
7510,5411.6943
7511,5460.94
7512,3124.2568
7513,7345.9355
7514,8181.7905
7515,3423.011
7516,6838.821
7517,5344.9526
7518,4831.499
7519,9266.834
7520,6187.41
7521,6290.279
7522,4189.5356
7523,3682.4604
7524,6592.059
7525,2606.1404
7526,7617.752
7527,3283.5374
7528,5753.699
7529,4063.6365
7530,4305.796
7531,5351.9316
7532,6196.8184
7533,4707.3926
7534,6810.615
7535,4702.1597
7536,6189.352
7537,4606.8354
7538,8015.1304
7539,9958.419
7540,7211.952
7541,2650.4238
7542,4798.147
7543,6571.831
7544,3046.2493
7545,9043.964
7546,3877.2776
7547,6002.306
7548,12128.973
7549,6300.3306
7550,2833.2524
7551,7138.4917
7552,9157.48
7553,5068.934
7554,9188.89
7555,6932.0635
7556,4449.578
7557,5196.7876
7558,6048.006
7559,3896.5654
7560,4822.1294
7561,6455.086
7562,3705.2551
7563,5858.9014
7564,5779.4688
7565,5765.3896
7566,5812.756
7567,5710.7515
7568,6379.852
7569,4370.244
7570,5514.341
7571,5641.096
7572,6065.3022
7573,6231.142
7574,6072.451
7575,10037.011
7576,4913.3237
7577,3956.4106
7578,5160.8203
7579,6000.841
7580,5820.662
7581,4145.299
7582,3975.8154
7583,6730.8335
7584,6143.2993
7585,5427.8184
7586,6121.651
7587,4205.612
7588,5676.1147
7589,3908.4856
7590,2359.5383
7591,5196.8223
7592,5340.101
7593,5281.421
7594,8171.1064
7595,8337.867
7596,4200.4717
7597,6567.589
7598,3595.6375
7599,2220.3494
7600,5263.296
7601,10795.114
7602,6205.7324
7603,6229.6147
7604,3173.7903
7605,5941.7207
7606,7627.305
7607,4841.5195
7608,6424.7847
7609,3956.9202
7610,4508.852
7611,3994.294
7612,5319.527
7613,4475.8647
7614,4062.4155
7615,3680.5464
7616,3799.6616
7617,5174.4253
7618,5769.879
7619,3697.0112
7620,5746.0977
7621,6417.4966
7622,5536.1226
7623,3681.0063
7624,7446.9653
7625,5830.731
7626,3773.4019
7627,2834.6353
7628,8555.057
7629,4967.2563
7630,4007.518
7631,5735.218
7632,8636.492
7633,6440.8667
7634,5270.535
7635,7686.6216
7636,7205.0493
7637,11573.788
7638,4309.243
7639,4001.6963
7640,4026.9006
7641,5920.4043
7642,4017.0713
7643,7250.7495
7644,7569.32
7645,4193.406
7646,3202.7302
7647,4366.7896
7648,9481.721
7649,3868.0198
7650,5966.027
7651,2893.5166
7652,5499.764
7653,6600.5273
7654,5649.443
7655,7490.5767
7656,5446.4683
7657,3263.4358
7658,5206.259
7659,5852.5005
7660,7403.099
7661,5826.211
7662,7088.0815
7663,4844.6235
7664,4042.6885
7665,9365.203
7666,3241.4656
7667,9048.546
7668,4382.8643
7669,3570.096
7670,6372.6387
7671,5103.5986
7672,5557.2856
7673,7099.3877
7674,3363.6797
7675,3758.2888
7676,5885.0464
7677,6547.9736
7678,8803.366
7679,4638.7256
7680,5192.2783
7681,4564.006
7682,5756.384
7683,4220.767
7684,9064.344
7685,8278.887
7686,12662.642
7687,3201.771
7688,4933.409
7689,10546.028
7690,11026.079
7691,4106.8413
7692,9133.798
7693,5100.9854
7694,4623.992
7695,3491.233
7696,3622.056
7697,4598.5376
7698,4805.1772
7699,3076.6611
7700,4009.9807
7701,7439.7236
7702,6217.2856
7703,23227.625
7704,5522.4785
7705,3327.8782
7706,5809.7905
7707,10034.082
7708,6240.879
7709,7194.6177
7710,5489.5547
7711,6684.985
7712,6777.01
7713,3048.994
7714,4577.33
7715,5295.8027
7716,7531.0664
7717,5580.365
7718,5910.1807
7719,4078.6538
7720,3658.1829
7721,4579.9023
7722,8908.041
7723,9420.586
7724,8672.763
7725,6676.7075
7726,3638.7068
7727,5038.0405
7728,3028.7874
7729,7841.3047
7730,8632.16
7731,8632.753
7732,5157.9316
7733,4018.4587
7734,3905.6084
7735,3561.925
7736,8629.419
7737,4709.3325
7738,4508.5293
7739,3343.5886
7740,6445.8076
7741,3230.938
7742,6761.1465
7743,3670.4978
7744,5481.8154
7745,4240.5015
7746,5610.6274
7747,7188.609
7748,5505.4644
7749,4685.2134
7750,6089.9976
7751,5406.6484
7752,8961.575
7753,4682.1934
7754,8228.08
7755,7629.5244
7756,7415.523
7757,5796.633
7758,6999.467
7759,3082.0635
7760,4585.7603
7761,5525.1606
7762,5684.014
7763,6873.952
7764,7107.464
7765,5330.02
7766,7135.34
7767,5724.3853
7768,6864.0063
7769,3419.284
7770,12985.546
7771,3951.025
7772,4596.5244
7773,8595.478
7774,3483.0496
7775,4377.7295
7776,4750.3438
7777,6020.7236
7778,4363.1797
7779,3443.323
7780,5594.051
7781,5983.5454
7782,6215.75
7783,4511.653
7784,7576.1455
7785,10001.71
7786,6494.097
7787,4812.6357
7788,5351.2983
7789,6129.071
7790,4240.4526
7791,5384.318
7792,3400.3591
7793,7469.6436
7794,5803.6313
7795,5352.9014
7796,9430.781
7797,4086.4075
7798,3729.0054
7799,3368.8625
7800,7318.3535
7801,6168.624
7802,3594.66
7803,3986.4146
7804,4832.633
7805,4690.79
7806,4296.601
7807,5431.791
7808,4935.377
7809,7438.0493
7810,4152.9927
7811,4105.126
7812,5495.5166
7813,6012.047
7814,5616.6777
7815,6411.2495
7816,6835.8794
7817,3478.8523
7818,7428.8677
7819,5203.811
7820,4613.4844
7821,8027.961
7822,4301.695
7823,10072.561
7824,6647.35
7825,5521.8306
7826,4864.517
7827,7067.889
7828,6192.334
7829,4995.833
7830,3017.6404
7831,4893.446
7832,7284.647
7833,4306.2188
7834,3718.9768
7835,7523.7217
7836,5273.593
7837,4466.4434
7838,5041.5454
7839,4736.8506
7840,6896.2803
7841,6187.6636
7842,4596.6343
7843,4377.224
7844,4052.952
7845,5417.4688
7846,3040.5269
7847,6283.994
7848,4317.0767
7849,7548.916
7850,6131.6904
7851,5184.914
7852,10303.387
7853,4860.9316
7854,4046.763
7855,10716.983
7856,5683.0005
7857,6831.395
7858,7469.159
7859,4177.9976
7860,5852.2886
7861,4275.489
7862,6328.403
7863,11367.981
7864,5722.6167
7865,2222.0205
7866,4614.4043
7867,6987.453
7868,7326.064
7869,3895.9783
7870,4808.1895
7871,4071.8936
7872,3740.3452
7873,3018.6597
7874,4550.005
7875,5470.3555
7876,5711.487
7877,6447.831
7878,5688.885
7879,5719.2495
7880,7182.2354
7881,6644.5166
7882,3246.9404
7883,10795.176
7884,8535.765
7885,4234.503
7886,5840.366
7887,4472.779
7888,5700.498
7889,2568.4119
7890,5196.678
7891,3934.0222
7892,10727.23
7893,6027.694
7894,6910.081
7895,7390.795
7896,4698.7344
7897,7239.6997
7898,22710.795
7899,6849.88
7900,4593.794
7901,2419.1204
7902,4411.9966
7903,7441.1074
7904,4186.208
7905,10548.824
7906,20064.312
7907,3206.1663
7908,5090.1367
7909,8759.988
7910,4021.097
7911,7247.2993
7912,4947.5283
7913,7073.284
7914,0.3959168
7915,4455.0186
7916,4141.046
7917,7113.4727
7918,6774.4053
7919,4932.3696
7920,5308.4565
7921,5772.9453
7922,3548.0513
7923,5231.842
7924,5784.675
7925,3427.5364
7926,4798.6226
7927,6634.365
7928,6077.388
7929,5503.1855
7930,6274.256
7931,6840.034
7932,5805.957
7933,9449.319
7934,7539.2954
7935,5454.381
7936,2913.8005
7937,4829.6143
7938,6096.8037
7939,4795.159
7940,3584.8901
7941,7954.6826
7942,4664.3135
7943,9184.807
7944,7281.701
7945,4393.7983
7946,4182.2485
7947,4303.2173
7948,8770.195
7949,3525.45
7950,6690.477
7951,20545.652
7952,6152.429
7953,4979.4673
7954,4184.024
7955,4221.1255
7956,6023.159
7957,3603.4114
7958,5501.296
7959,10642.769
7960,3920.3748
7961,10805.456
7962,17093.36
7963,4466.989
7964,6197.061
7965,5161.904
7966,6476.0967
7967,5239.5728
7968,8021.409
7969,5584.066
7970,8650.441
7971,3316.931
7972,7044.717
7973,4068.0889
7974,6480.5024
7975,5142.418
7976,5137.0547
7977,5061.928
7978,4706.0366
7979,7556.0186
7980,9144.781
7981,4912.335
7982,10707.155
7983,6102.68
7984,8795.394
7985,5160.988
7986,3453.8403
7987,4698.1426
7988,7902.5034
7989,5895.744
7990,6178.6934
7991,5667.064
7992,7570.822
7993,3569.7725
7994,7513.4023
7995,6618.6396
7996,3000.0505
7997,15621.634
7998,23216.176
7999,5000.7056
8000,5665.7344
8001,7666.391
8002,9862.348
8003,11120.094
8004,4290.049
8005,6376.9863
8006,5161.436
8007,7513.0654
8008,3609.3838
8009,4837.8955
8010,4380.2104
8011,4395.253
8012,7241.578
8013,4616.465
8014,3795.7634
8015,5920.664
8016,3140.4287
8017,3742.2832
8018,5304.984
8019,4772.567
8020,8927.119
8021,6254.2334
8022,5633.1064
8023,5545.2285
8024,5893.534
8025,11762.67
8026,5753.7104
8027,4104.0454
8028,3303.923
8029,8366.977
8030,4346.5757
8031,5566.3306
8032,2657.1636
8033,4624.0186
8034,6028.1997
8035,4458.2153
8036,3382.3972
8037,6428.0884
8038,8533.493
8039,12777.639
8040,5708.845
8041,7547.2817
8042,2955.7983
8043,3629.8557
8044,5503.0596
8045,3410.2507
8046,9189.898
8047,3957.392
8048,5128.731
8049,7991.1084
8050,9877.956
8051,7440.497
8052,4669.7935
8053,4449.0347
8054,9731.06
8055,6800.6055
8056,5403.823
8057,3468.2751
8058,6796.2285
8059,8549.592
8060,3563.0464
8061,5330.935
8062,7650.927
8063,7134.6187
8064,13716.363
8065,5787.291
8066,12903.595
8067,4451.4673
8068,4421.033
8069,3229.2803
8070,6062.7456
8071,4039.6587
8072,4497.9795
8073,7959.039
8074,3477.734
8075,3914.493
8076,5989.701
8077,3686.826
8078,6263.206
8079,5350.977
8080,6132.825
8081,6928.772
8082,4028.2876
8083,9579.858
8084,5162.765
8085,4279.9688
8086,3980.8704
8087,3758.1921
8088,10194.717
8089,5920.229
8090,3912.809
8091,5729.0664
8092,7119.5615
8093,6306.018
8094,4838.8506
8095,7563.6475
8096,5427.42
8097,4197.784
8098,3623.7563
8099,6193.8345
8100,5075.393
8101,6398.1216
8102,4058.1165
8103,4193.9897
8104,4105.584
8105,3990.87
8106,5911.861
8107,7777.5225
8108,9843.778
8109,8424.392
8110,7192.8545
8111,8241.565
8112,4851.4307
8113,11524.836
8114,10116.811
8115,5066.759
8116,8066.4146
8117,6991.9136
8118,5419.541
8119,3660.6648
8120,10068.517
8121,4559.633
8122,6714.028
8123,4527.876
8124,2081.835
8125,10391.616
8126,4151.911
8127,3957.0789
8128,4661.0933
8129,4752.8184
8130,6467.609
8131,6244.166
8132,5830.4863
8133,4857.432
8134,3101.9001
8135,3830.0222
8136,3256.187
8137,5706.069
8138,18370.027
8139,3894.217
8140,4552.067
8141,6334.2607
8142,4693.3184
8143,3420.899
8144,4349.0103
8145,3710.3662
8146,5752.075
8147,5237.9536
8148,2920.4338
8149,7848.39
8150,3790.9507
8151,4465.046
8152,12663.789
8153,6206.822
8154,10466.466
8155,5272.4966
8156,5818.3086
8157,3581.26
8158,4447.007
8159,21657.232
8160,7487.769
8161,5581.499
8162,4797.3965
8163,4008.5964
8164,5201.459
8165,4012.8738
8166,9853.0205
8167,4948.8496
8168,3915.9158
8169,5611.093
8170,3423.5725
8171,5553.984
8172,6216.1294
8173,4778.215
8174,5524.0483
8175,3756.339
8176,4338.3203
8177,4349.1846
8178,8501.704
8179,6735.734
8180,6792.69
8181,3007.2227
8182,5795.7153
8183,5709.395
8184,4580.0986
8185,5820.8896
8186,6352.5146
8187,4989.304
8188,6206.8037
8189,5812.645
8190,4123.6504
8191,4148.075
8192,7622.2363
8193,4245.9575
8194,4341.0195
8195,6201.3833
8196,4355.3164
8197,4227.6416
8198,10271.802
8199,4556.6543
8200,2602.0337
8201,6786.3306
8202,6054.8228
8203,9547.294
8204,3979.8982
8205,5924.935
8206,4726.889
8207,7062.8486
8208,4244.0137
8209,6411.121
8210,2289.5364
8211,4282.0923
8212,4503.7236
8213,4272.0396
8214,4122.066
8215,6396.4316
8216,6184.2236
8217,5930.6626
8218,7071.7935
8219,5421.925
8220,7826.5176
8221,3075.2144
8222,4799.8403
8223,5374.8657
8224,6277.2847
8225,6953.4663
8226,3097.1394
8227,7777.604
8228,4339.2974
8229,5673.901
8230,4201.8022
8231,4080.5686
8232,5917.175
8233,4824.554
8234,7995.82
8235,5375.4043
8236,5196.6187
8237,6356.5396
8238,5931.46
8239,4754.927
8240,6342.513
8241,4874.387
8242,9409.586
8243,8376.591
8244,7609.967
8245,4412.611
8246,3657.7292
8247,3151.7498
8248,2990.5378
8249,6241.6113
8250,3682.7239
8251,8433.283
8252,2904.5393
8253,3606.3516
8254,4561.4424
8255,8008.1997
8256,4035.5376
8257,3504.3228
8258,4074.6135
8259,4527.5435
8260,3583.0679
8261,6547.4487
8262,6874.0244
8263,7267.935
8264,6836.7144
8265,5583.1924
8266,5124.5063
8267,4305.3647
8268,3959.3857
8269,9041.6875
8270,7683.5723
8271,8805.776
8272,14288.111
8273,4428.635
8274,3157.5037
8275,5478.883
8276,7676.137
8277,6859.229
8278,6871.992
8279,7383.622
8280,6956.2456
8281,5915.42
8282,5254.0312
8283,4347.903
8284,4490.584
8285,3076.934
8286,3717.4944
8287,4229.9487
8288,6054.378
8289,18419.623
8290,6471.62
8291,4835.921
8292,6138.2324
8293,3398.877
8294,5624.736
8295,3810.5437
8296,7211.5054
8297,4747.2407
8298,6092.763
8299,16035.55
8300,8915.8955
8301,4724.694
8302,5981.206
8303,3509.759
8304,4795.47
8305,5270.777
8306,5572.9395
8307,3623.6768
8308,3409.5938
8309,4324.863
8310,4117.8604
8311,5932.7275
8312,5620.038
8313,3576.9685
8314,6872.7197
8315,8684.725
8316,4567.56
8317,3965.8723
8318,3267.7473
8319,7210.336
8320,3761.6353
8321,9687.684
8322,3980.7944
8323,4322.104
8324,6289.385
8325,4424.0747
8326,3335.1436
8327,3351.0989
8328,4252.7227
8329,11220.237
8330,9635.82
8331,5238.533
8332,4106.258
8333,5712.124
8334,7772.7764
8335,3815.2139
8336,4267.824
8337,5891.6235
8338,9822.16
8339,6838.4556
8340,6125.4004
8341,5805.9404
8342,3801.0862
8343,8472.838
8344,4880.0957
8345,14245.468
8346,4909.5806
8347,4084.9304
8348,4813.357
8349,3569.1594
8350,5808.771
8351,18616.756
8352,3097.6655
8353,3975.6257
8354,7730.847
8355,4832.241
8356,6401.113
8357,7373.973
8358,4824.4067
8359,3404.3643
8360,2841.3945
8361,9310.511
8362,5110.916
8363,7386.024
8364,6915.9297
8365,3862.084
8366,5278.9224
8367,5564.7007
8368,3193.5103
8369,7516.599
8370,8489.218
8371,3462.969
8372,6949.9253
8373,5362.3354
8374,4920.7905
8375,9397.434
8376,6264.7295
8377,6420.068
8378,4329.118
8379,3701.242
8380,6764.6616
8381,2549.9973
8382,7699.3228
8383,3422.9065
8384,5964.5874
8385,4233.9937
8386,4276.0474
8387,5540.7876
8388,6360.724
8389,4629.562
8390,6850.389
8391,4711.9297
8392,6334.369
8393,4655.0283
8394,8308.994
8395,9960.68
8396,7477.7275
8397,2679.9683
8398,4801.0493
8399,6819.8066
8400,3061.4802
8401,8965.739
8402,3818.7603
8403,6240.5933
8404,12517.505
8405,6516.366
8406,2922.768
8407,7179.5503
8408,9402.311
8409,5193.284
8410,9556.469
8411,6997.4976
8412,4369.6816
8413,5396.6836
8414,6273.5376
8415,3966.3716
8416,4852.255
8417,6513.5264
8418,3816.5642
8419,5852.869
8420,5731.652
8421,6012.6377
8422,5842.422
8423,5928.564
8424,6613.2065
8425,4444.5215
8426,5487.1777
8427,5759.7227
8428,6239.3794
8429,6446.269
8430,6168.7944
8431,10325.206
8432,5017.706
8433,3987.5176
8434,5200.715
8435,5990.8726
8436,5986.628
8437,4271.3145
8438,4142.362
8439,6786.4473
8440,6266.809
8441,5612.249
8442,6144.0317
8443,4172.9033
8444,5846.3574
8445,3900.5708
8446,2445.9883
8447,5201.5034
8448,5377.7427
8449,5429.693
8450,8189.0435
8451,8631.123
8452,4370.9653
8453,6718.551
8454,3611.8635
8455,2299.7878
8456,5294.6914
8457,10668.176
8458,6308.412
8459,6476.492
8460,3217.417
8461,6147.0796
8462,7841.6484
8463,4919.941
8464,6430.0693
8465,4094.0315
8466,4717.898
8467,4023.5679
8468,5506.898
8469,4655.153
8470,4214.724
8471,3674.3198
8472,3843.117
8473,5182.165
8474,5966.704
8475,3643.6877
8476,5943.461
8477,6551.2407
8478,5771.668
8479,3705.2976
8480,7463.939
8481,5956.986
8482,3657.8025
8483,2953.601
8484,8781.671
8485,4969.5215
8486,4029.083
8487,5687.192
8488,8950.548
8489,6657.3184
8490,5415.588
8491,7974.5176
8492,7286.203
8493,11498.157
8494,4480.2344
8495,4061.6328
8496,3982.4426
8497,6134.446
8498,3912.981
8499,7396.444
8500,7755.8916
8501,4200.3037
8502,3314.7483
8503,4382.965
8504,9943.281
8505,3948.9375
8506,6019.1616
8507,2912.739
8508,5496.979
8509,6568.14
8510,5775.0493
8511,7760.494
8512,5580.5356
8513,3167.5654
8514,5321.643
8515,5985.7373
8516,7524.985
8517,5957.236
8518,7056.8555
8519,4943.4287
8520,4199.5464
8521,9667.718
8522,3269.5093
8523,9341.616
8524,4296.13
8525,3491.979
8526,6525.802
8527,5273.784
8528,5667.037
8529,7258.6445
8530,3478.5535
8531,3842.0723
8532,5860.1367
8533,6652.5005
8534,8766.039
8535,4625.21
8536,5356.799
8537,4748.1235
8538,5876.3184
8539,4357.9097
8540,9180.314
8541,8520.879
8542,12354.539
8543,3102.8235
8544,5051.63
8545,10515.043
8546,11421.582
8547,4248.1006
8548,9296.597
8549,5132.8228
8550,4675.276
8551,3421.6494
8552,3651.886
8553,4743.4023
8554,4854.5415
8555,3056.009
8556,4171.626
8557,7547.5625
8558,6426.0596
8559,23726.94
8560,5583.3945
8561,3690.7214
8562,6205.7266
8563,11030.676
8564,6872.759
8565,7858.2627
8566,6007.6216
8567,7418.119
8568,7471.7886
8569,3496.5923
8570,4942.656
8571,6113.12
8572,8644.091
8573,6065.0015
8574,6903.342
8575,4724.824
8576,4016.1978
8577,5235.706
8578,9938.228
8579,10328.111
8580,9520.96
8581,7574.686
8582,3960.6438
8583,5801.6113
8584,3287.1445
8585,8598.831
8586,10126.445
8587,10028.025
8588,5791.466
8589,4378.8945
8590,4188.832
8591,4123.214
8592,9563.909
8593,5183.3467
8594,5142.315
8595,3734.6443
8596,7173.4927
8597,3524.3235
8598,7981.7314
8599,4186.172
8600,6036.8193
8601,4963.178
8602,6130.714
8603,8462.548
8604,6171.402
8605,5289.9966
8606,6675.281
8607,6022.5327
8608,10406.335
8609,5281.602
8610,9462.026
8611,8478.626
8612,8540.374
8613,6529.9487
8614,7506.168
8615,3351.1533
8616,5045.0186
8617,6066.5986
8618,6471.7373
8619,8151.5757
8620,8411.7705
8621,6054.7246
8622,8131.1304
8623,6398.854
8624,7371.1675
8625,3714.3892
8626,14456.064
8627,4295.7773
8628,5127.3076
8629,9430.43
8630,3918.7334
8631,4732.325
8632,5074.9478
8633,6740.7793
8634,4849.7793
8635,3948.2935
8636,6367.353
8637,6945.552
8638,6827.8906
8639,5057.372
8640,8266.885
8641,12251.281
8642,7168.6226
8643,5260.7563
8644,6283.335
8645,6712.1646
8646,4868.8154
8647,6354.442
8648,3678.802
8649,8621.357
8650,6413.8735
8651,6127.3345
8652,10123.432
8653,4442.8345
8654,4130.804
8655,3823.043
8656,8677.322
8657,6780.0483
8658,4066.0947
8659,4391.033
8660,5687.87
8661,5380.606
8662,4781.265
8663,6111.056
8664,5395.1807
8665,8328.1
8666,4807.6025
8667,4458.611
8668,6267.216
8669,6730.6924
8670,6234.501
8671,7432.383
8672,7719.441
8673,3923.858
8674,8078.857
8675,5699.9434
8676,4916.61
8677,9196.72
8678,4910.489
8679,11111.569
8680,7742.24
8681,6404.0747
8682,5535.996
8683,7712.3467
8684,7287.691
8685,5498.657
8686,3233.7195
8687,5350.2163
8688,8192.543
8689,4833.781
8690,3999.3457
8691,8244.773
8692,5945.8706
8693,4772.189
8694,5610.37
8695,5170.157
8696,7549.283
8697,7025.666
8698,4963.022
8699,5159.1914
8700,4487.3555
8701,6126.762
8702,3361.5818
8703,6878.4644
8704,4950.9746
8705,8627.42
8706,6890.422
8707,5817.8037
8708,12848.872
8709,5549.2764
8710,4618.2617
8711,11868.623
8712,6303.2217
8713,8036.465
8714,8145.389
8715,4565.404
8716,6780.508
8717,4719.6265
8718,6929.221
8719,12522.699
8720,5467.5854
8721,2471.6636
8722,5033.751
8723,8037.99
8724,8359.439
8725,4505.554
8726,5191.7783
8727,4557.624
8728,4112.5454
8729,3251.7637
8730,4970.261
8731,6277.2485
8732,6714.886
8733,7124.5884
8734,6231.873
8735,6394.784
8736,8375.081
8737,7653.2188
8738,3726.509
8739,11792.235
8740,9714.72
8741,4611.1177
8742,6270.4863
8743,5062.0776
8744,6460.2104
8745,2849.7449
8746,5863.1724
8747,4377.2075
8748,11801.168
8749,6646.3486
8750,8114.566
8751,8222.267
8752,5381.7866
8753,8293.721
8754,24384.027
8755,7676.5034
8756,4986.373
8757,2717.421
8758,4821.9775
8759,8274.868
8760,4346.4224
8761,11481.062
8762,23525.162
8763,3555.5664
8764,5671.812
8765,9557.353
8766,4418.769
8767,7940.606
8768,5299.714
8769,7698.221
8770,3.094061
8771,5154.769
8772,4780.107
8773,7810.7524
8774,8131.5957
8775,5670.276
8776,6122.5967
8777,6484.1753
8778,4056.1
8779,5770.0938
8780,6603.1787
8781,3888.8716
8782,5436.347
8783,7229.5215
8784,6600.244
8785,6173.486
8786,6770.2583
8787,7755.248
8788,6623.0605
8789,9710.338
8790,8451.175
8791,6019.512
8792,3351.1917
8793,5153.3633
8794,6741.557
8795,5466.6885
8796,3950.5916
8797,8640.052
8798,5118.678
8799,8939.107
8800,7983.734
8801,4978.9824
8802,4538.843
8803,4679.885
8804,9982.402
8805,3959.363
8806,7433.907
8807,22139.38
8808,7165.895
8809,5404.823
8810,4754.582
8811,4584.3516
8812,6586.384
8813,3882.0146
8814,6206.644
8815,11741.878
8816,4415.9204
8817,11279.787
8818,18543.076
8819,5117.6675
8820,6949.8394
8821,5801.495
8822,7130.448
8823,5734.4023
8824,9569.384
8825,6190.0664
8826,9632.375
8827,3637.4644
8828,7669.075
8829,4690.298
8830,7016.5854
8831,5853.6226
8832,5551.924
8833,5846.107
8834,5321.77
8835,8622.023
8836,10035.422
8837,5733.932
8838,11796.161
8839,7132.1963
8840,9868.84
8841,5717.8423
8842,3895.5806
8843,5430.522
8844,9514.369
8845,6852.5786
8846,6834.934
8847,6618.482
8848,8776.655
8849,4082.5503
8850,8250.909
8851,7230.1143
8852,3408.7512
8853,17846.973
8854,24745.96
8855,5797.3794
8856,6462.9224
8857,8499.661
8858,10872.704
8859,12264.152
8860,4684.025
8861,6990.6533
8862,5821.967
8863,8508.811
8864,3920.229
8865,5267.58
8866,4949.1094
8867,4756.279
8868,7916.807
8869,5228.604
8870,4080.0354
8871,6875.388
8872,3373.4712
8873,4197.584
8874,6272.3647
8875,5205.3604
8876,10332.014
8877,7368.8687
8878,6445.236
8879,6517.9077
8880,6823.229
8881,12978.675
8882,6317.0166
8883,4432.0366
8884,3812.6196
8885,9438.123
8886,4775.6226
8887,6317.4746
8888,2962.5115
8889,5070.767
8890,6843.976
8891,5126.936
8892,3784.5732
8893,7582.739
8894,9760.367
8895,14133.186
8896,5660.7324
8897,8451.538
8898,3183.36
8899,4111.7256
8900,6180.4497
8901,3820.6003
8902,10109.808
8903,4310.7397
8904,5664.3296
8905,8745.095
8906,11054.531
8907,8548.923
8908,5095.514
8909,4804.0635
8910,11128.38
8911,8094.576
8912,5895.817
8913,3879.316
8914,7540.36
8915,9424.064
8916,4177.8623
8917,5828.001
8918,8759.403
8919,7786.853
8920,15329.33
8921,6455.006
8922,14354.165
8923,5059.2007
8924,4959.5864
8925,3495.205
8926,6614.973
8927,4594.311
8928,5106.545
8929,8710.0
8930,3989.2183
8931,4253.0513
8932,6959.7036
8933,4018.409
8934,7059.01
8935,6306.3066
8936,6844.3413
8937,7926.2593
8938,4559.2676
8939,10552.92
8940,5798.264
8941,4977.6245
8942,4540.016
8943,4174.799
8944,11134.739
8945,6700.248
8946,4389.186
8947,6182.077
8948,7756.683
8949,6894.61
8950,5257.997
8951,8244.286
8952,5945.525
8953,4771.083
8954,4168.6465
8955,6940.7837
8956,5502.629
8957,6933.148
8958,4727.967
8959,4719.2617
8960,4517.1387
8961,4441.1226
8962,6958.947
8963,7901.5615
8964,11391.284
8965,9279.668
8966,8242.297
8967,8346.143
8968,5347.706
8969,12801.204
8970,11697.893
8971,5832.2886
8972,8819.527
8973,7651.956
8974,6017.4165
8975,4011.0444
8976,11640.786
8977,5360.5864
8978,7331.1245
8979,4923.462
8980,2258.7815
8981,11629.989
8982,4745.9775
8983,4562.6133
8984,5134.453
8985,5548.9272
8986,7150.451
8987,6768.3857
8988,6555.9727
8989,5471.728
8990,3501.3086
8991,4181.5186
8992,3554.237
8993,6334.4297
8994,20854.174
8995,4245.5405
8996,5134.032
8997,6926.3003
8998,5189.788
8999,3715.6543
9000,5100.737
9001,4033.6208
9002,6732.349
9003,5854.4155
9004,3199.2673
9005,9319.119
9006,4185.1577
9007,4939.903
9008,12915.144
9009,6606.952
9010,11539.003
9011,5783.869
9012,6449.541
9013,4097.962
9014,5121.9355
9015,23472.766
9016,9052.205
9017,6387.122
9018,5283.396
9019,4688.9736
9020,5860.064
9021,4359.66
9022,10891.6045
9023,5461.8257
9024,4474.5967
9025,6404.441
9026,3867.2673
9027,6051.728
9028,6852.4414
9029,5480.315
9030,6239.903
9031,4083.8901
9032,4758.6113
9033,5093.4683
9034,9732.628
9035,7355.169
9036,7852.6133
9037,3262.141
9038,6835.919
9039,6227.286
9040,5033.199
9041,6229.1694
9042,6903.704
9043,5406.576
9044,6948.083
9045,6440.455
9046,4764.2383
9047,4794.6514
9048,8373.052
9049,4693.8916
9050,4926.1724
9051,7251.7456
9052,4974.677
9053,4572.054
9054,11902.302
9055,4981.4624
9056,2841.5625
9057,7360.678
9058,6793.2217
9059,10775.415
9060,4489.3423
9061,6530.6274
9062,5285.614
9063,7741.9893
9064,4745.787
9065,7290.0615
9066,2552.294
9067,4764.6567
9068,5072.1987
9069,4913.394
9070,4629.2085
9071,7454.3345
9072,7118.658
9073,6651.162
9074,7771.479
9075,6289.301
9076,9040.126
9077,3337.884
9078,5301.271
9079,6013.4575
9080,7335.615
9081,7588.143
9082,3311.354
9083,8527.644
9084,4979.106
9085,6155.746
9086,4678.9966
9087,4553.348
9088,7034.6514
9089,5165.977
9090,9121.992
9091,6012.8613
9092,5703.903
9093,7198.654
9094,6496.4946
9095,5485.89
9096,7274.8706
9097,5278.137
9098,10390.981
9099,9595.943
9100,8430.549
9101,4919.8423
9102,4150.3154
9103,3362.5408
9104,3218.2058
9105,6721.018
9106,4115.3945
9107,9222.747
9108,3254.4946
9109,3936.372
9110,4895.5977
9111,8905.943
9112,4660.7554
9113,3930.8337
9114,4603.826
9115,5009.342
9116,4055.5933
9117,7170.086
9118,7618.2314
9119,8023.965
9120,7962.3647
9121,6302.013
9122,5861.5845
9123,4690.687
9124,4398.4277
9125,9961.981
9126,8397.541
9127,8956.03
9128,15397.186
9129,4832.232
9130,3591.0784
9131,5995.4053
9132,8723.469
9133,8197.21
9134,7825.674
9135,8522.61
9136,7891.3257
9137,6643.6865
9138,6179.9546
9139,4809.9785
9140,4985.6074
9141,3389.7263
9142,4038.3062
9143,4614.752
9144,6876.6606
9145,20652.27
9146,7393.3545
9147,5326.8384
9148,6710.206
9149,3972.6042
9150,6362.8604
9151,4145.0493
9152,8134.59
9153,5551.558
9154,6686.12
9155,17528.172
9156,9713.283
9157,5134.527
9158,6618.192
9159,4006.9485
9160,5311.2827
9161,5825.4556
9162,6534.709
9163,3928.4983
9164,3926.831
9165,4849.1406
9166,4708.34
9167,6506.975
9168,6377.187
9169,3885.7158
9170,7878.2554
9171,9487.157
9172,4976.765
9173,4457.203
9174,3614.352
9175,7852.2314
9176,4174.986
9177,10681.869
9178,4587.8516
9179,4774.0693
9180,6914.076
9181,5117.775
9182,3806.0425
9183,3644.5012
9184,4925.51
9185,12084.645
9186,10542.971
9187,6086.5366
9188,4540.133
9189,6412.363
9190,8863.886
9191,4224.896
9192,4910.8076
9193,6515.3096
9194,11471.266
9195,7568.345
9196,6704.224
9197,6372.481
9198,4240.0283
9199,9250.295
9200,5522.252
9201,15828.703
9202,5572.073
9203,4762.9614
9204,5242.1274
9205,3852.8955
9206,6406.0723
9207,23982.77
9208,3326.6277
9209,4344.375
9210,8474.146
9211,5335.6865
9212,7283.188
9213,8235.845
9214,5418.073
9215,3925.9248
9216,3153.7617
9217,10598.664
9218,5596.0044
9219,8128.525
9220,7632.2393
9221,4275.815
9222,5842.511
9223,6199.8574
9224,3656.3025
9225,8324.025
9226,8420.014
9227,3784.3784
9228,7890.5884
9229,6093.9604
9230,4955.2173
9231,11219.37
9232,7242.683
9233,7079.899
9234,4769.845
9235,4218.956
9236,7405.2954
9237,2873.8523
9238,8819.948
9239,3711.3289
9240,6528.3047
9241,4602.667
9242,5002.2705
9243,6040.2866
9244,6864.982
9245,5165.7207
9246,7861.524
9247,5110.979
9248,6932.9893
9249,5174.43
9250,9138.033
9251,11512.949
9252,8261.714
9253,2994.2976
9254,5334.4146
9255,7527.9497
9256,3394.59
9257,10824.673
9258,4443.097
9259,6846.705
9260,13604.695
9261,7128.306
9262,3158.4346
9263,8151.9414
9264,10306.562
9265,5817.0376
9266,10546.974
9267,7852.052
9268,5141.5596
9269,5908.974
9270,6826.237
9271,4366.673
9272,5441.514
9273,7318.856
9274,4101.325
9275,6665.4575
9276,6463.366
9277,6602.24
9278,6626.8833
9279,6544.1772
9280,7247.984
9281,4377.228
9282,5888.6514
9283,6254.096
9284,6814.949
9285,7037.8525
9286,7145.59
9287,11275.786
9288,5643.556
9289,4415.0107
9290,6112.8984
9291,6683.41
9292,6693.7964
9293,4661.378
9294,4597.7217
9295,7506.1177
9296,7066.534
9297,6451.676
9298,6998.072
9299,4878.2803
9300,6408.688
9301,4412.005
9302,2579.1155
9303,5869.5625
9304,6047.6772
9305,5976.9683
9306,9305.291
9307,9538.093
9308,4768.7485
9309,7385.6294
9310,4040.4602
9311,2390.9343
9312,6017.457
9313,12403.323
9314,6848.73
9315,7084.3506
9316,3520.2478
9317,6691.135
9318,8665.206
9319,5381.15
9320,7521.9062
9321,4479.243
9322,5232.0215
9323,4399.4473
9324,6020.4365
9325,5046.6597
9326,4551.9844
9327,4267.112
9328,4270.9395
9329,5884.844
9330,6525.2666
9331,4224.0015
9332,6478.5127
9333,7286.676
9334,6388.316
9335,4110.7764
9336,8611.75
9337,6481.2383
9338,4187.5376
9339,3184.9702
9340,9774.005
9341,5794.256
9342,4457.752
9343,6740.014
9344,9816.429
9345,7278.889
9346,6078.3447
9347,8750.761
9348,8031.078
9349,13576.478
9350,4887.731
9351,4575.7017
9352,4473.112
9353,6706.693
9354,4405.8687
9355,8235.869
9356,8542.875
9357,4794.999
9358,3594.341
9359,4958.295
9360,10010.538
9361,4232.2617
9362,6997.778
9363,3156.287
9364,6411.672
9365,7529.587
9366,6281.459
9367,8552.454
9368,6108.731
9369,3606.1313
9370,6153.3916
9371,6520.115
9372,8246.764
9373,6494.264
9374,8410.062
9375,5690.388
9376,4601.921
9377,10669.65
9378,3561.9385
9379,10265.651
9380,4975.83
9381,4050.4395
9382,7333.3765
9383,5814.026
9384,6127.551
9385,7995.332
9386,3736.4402
9387,4101.8574
9388,7003.8745
9389,7179.0093
9390,10027.002
9391,5342.1084
9392,5902.7666
9393,5206.398
9394,6848.586
9395,4727.8633
9396,10517.16
9397,9350.771
9398,14427.25
9399,3502.762
9400,5530.8813
9401,11186.515
9402,11161.385
9403,4581.13
9404,10764.732
9405,5764.5156
9406,5445.159
9407,3876.486
9408,4023.6868
9409,5254.0063
9410,5332.9087
9411,3390.4475
9412,4538.0938
9413,8306.728
9414,7071.551
9415,25141.734
9416,6580.3115
9417,0.0
9418,0.0
9419,0.0
9420,0.0
9421,0.0
9422,0.0
9423,0.0
9424,0.0
9425,0.0
9426,0.0
9427,0.0
9428,0.0
9429,0.0
9430,0.0
9431,0.00795652
9432,0.0
9433,0.0
9434,0.0
9435,0.00536445
9436,0.0
9437,0.0
9438,0.0
9439,0.0
9440,0.0
9441,0.0
9442,0.0
9443,0.0
9444,0.0
9445,0.0
9446,0.0
9447,0.0
9448,0.0
9449,0.0
9450,0.000700242
9451,0.0
9452,0.0
9453,0.0
9454,0.0
9455,0.0
9456,0.0
9457,0.0
9458,0.0
9459,0.008064186
9460,0.0
9461,0.0
9462,0.0
9463,0.0021867787
9464,0.0
9465,0.0
9466,0.0
9467,0.0
9468,0.0
9469,0.000700242
9470,0.0
9471,0.0
9472,0.0
9473,0.0
9474,0.0
9475,0.0
9476,0.006426392
9477,0.0
9478,0.012094572
9479,0.0
9480,0.0
9481,0.0
9482,0.0
9483,0.0
9484,0.0
9485,0.0
9486,0.0
9487,0.0
9488,0.0
9489,0.0
9490,0.0
9491,0.0
9492,0.0
9493,0.0
9494,0.0
9495,0.0
9496,0.0
9497,0.0
9498,0.0
9499,0.0
9500,0.0
9501,0.0
9502,0.0
9503,0.0
9504,0.0
9505,0.0
9506,0.0
9507,0.0
9508,4087.6006
9509,0.0
9510,0.0
9511,0.0
9512,0.00596723
9513,0.0
9514,0.0
9515,0.0
9516,0.0
9517,0.0036616444
9518,0.0
9519,0.0
9520,0.0
9521,0.0
9522,0.0
9523,0.0
9524,0.0
9525,0.0
9526,0.0
9527,0.0
9528,0.0
9529,0.0
9530,0.0
9531,0.0
9532,0.0
9533,0.00071264856
9534,0.0
9535,0.0
9536,0.0
9537,0.0
9538,0.0
9539,0.0
9540,0.0
9541,0.0
9542,0.0
9543,0.0
9544,0.0
9545,0.0
9546,0.0
9547,0.0
9548,0.0
9549,0.0
9550,0.0
9551,0.0
9552,0.0
9553,0.0
9554,0.0
9555,0.0
9556,0.0
9557,0.0
9558,0.0
9559,0.0
9560,0.0
9561,0.0047629895
9562,0.0
9563,0.0
9564,0.029802924
9565,0.0
9566,0.0
9567,0.0
9568,0.0
9569,0.0
9570,0.0
9571,0.0
9572,0.0011426774
9573,0.0
9574,0.0
9575,0.0
9576,2634.5076
9577,0.0
9578,0.0
9579,0.0
9580,0.0
9581,0.0
9582,0.0018484967
9583,0.0
9584,0.0
9585,0.0
9586,0.0
9587,0.0
9588,0.0
9589,0.0
9590,0.0
9591,0.0
9592,0.0
9593,0.0
9594,0.0
9595,0.0
9596,0.0
9597,0.0
9598,0.0
9599,0.0
9600,0.0
9601,0.0
9602,0.0
9603,0.0
9604,0.0
9605,0.0
9606,0.0
9607,0.0
9608,0.0
9609,0.0
9610,0.02938218
9611,0.0
9612,0.0
9613,0.0
9614,0.0
9615,0.0
9616,0.0
9617,12432.292
9618,28116.336
9619,0.0
9620,0.0
9621,0.0
9622,0.0
9623,0.0
9624,0.0
9625,0.0
9626,5115.1006
9627,0.0
9628,0.0
9629,0.0
9630,0.0
9631,0.0
9632,0.0
9633,0.0
9634,0.0
9635,0.0015776667
9636,0.0052489233
9637,0.0
9638,0.012483628
9639,0.0
9640,0.0
9641,0.0
9642,0.0
9643,0.0
9644,0.0
9645,5027.4697
9646,0.0
9647,0.0
9648,0.0
9649,0.0
9650,0.0
9651,0.0
9652,0.0
9653,0.0
9654,0.0
9655,4787.545
9656,0.0
9657,0.0019860892
9658,0.0
9659,0.0
9660,0.0
9661,0.0
9662,0.0
9663,0.0
9664,0.0
9665,0.0
9666,0.0
9667,0.0
9668,0.0
9669,0.0
9670,0.001767288
9671,0.0
9672,0.0
9673,9693.774
9674,0.0
9675,0.0
9676,0.0
9677,0.0
9678,0.0
9679,0.0
9680,0.0
9681,0.0
9682,0.0
9683,0.0
9684,0.0
9685,0.0
9686,0.0
9687,0.0
9688,0.0
9689,0.0
9690,6617.699
9691,0.0
9692,0.0
9693,0.0
9694,0.0
9695,0.0
9696,0.0
9697,0.0
9698,0.0
9699,0.0
9700,0.0
9701,0.0063755237
9702,0.0
9703,0.0020687492
9704,0.0
9705,0.0
9706,0.0
9707,0.0
9708,0.020013561
9709,0.010845399
9710,0.06947539
9711,0.0
9712,0.0
9713,0.0
9714,0.0
9715,0.0
9716,0.0
9717,0.0
9718,0.0
9719,0.016788132
9720,0.0
9721,0.0
9722,0.0
9723,0.0
9724,0.0
9725,0.0
9726,0.0
9727,0.0
9728,0.0
9729,0.0
9730,0.002839775
9731,0.0
9732,0.00664909
9733,0.0
9734,0.0
9735,0.0075298096
9736,0.0
9737,0.0
9738,0.0
9739,0.0
9740,0.0
9741,0.0
9742,0.0
9743,0.0
9744,0.0
9745,0.0
9746,0.0
9747,0.0025615063
9748,0.0
9749,0.0
9750,0.0
9751,0.0
9752,2532.1255
9753,0.0
9754,0.0
9755,0.0
9756,0.0
9757,0.0
9758,0.0
9759,0.0
9760,0.0
9761,0.0
9762,0.0
9763,0.0046034595
9764,0.0
9765,0.0
9766,5124.902
9767,0.0
9768,0.0
9769,0.0
9770,0.005954279
9771,0.0
9772,0.0
9773,0.0
9774,0.0
9775,0.0
9776,0.0
9777,0.0
9778,0.0
9779,0.0
9780,0.0
9781,0.0
9782,0.0
9783,0.0
9784,0.0
9785,0.0
9786,0.0
9787,0.0
9788,0.0
9789,0.0
9790,0.0010696405
9791,0.0
9792,0.0
9793,0.0
9794,0.0
9795,0.0
9796,0.0
9797,0.0
9798,0.0
9799,0.0
9800,0.0
9801,0.0
9802,0.0
9803,0.0
9804,0.0
9805,0.0
9806,0.0
9807,0.0
9808,0.0
9809,5979.888
9810,0.0
9811,0.0
9812,0.0
9813,0.0
9814,0.0
9815,0.0
9816,0.0
9817,0.0
9818,0.0
9819,3255.566
9820,0.0
9821,0.0
9822,0.0
9823,4616.328
9824,0.0
9825,0.0
9826,0.0
9827,0.0
9828,0.0
9829,0.0
9830,0.0
9831,0.0
9832,0.018849345
9833,0.0
9834,0.0
9835,0.0
9836,0.0
9837,0.0
9838,0.0
9839,0.0
9840,0.0
9841,0.0026829406
9842,0.0
9843,0.0
9844,0.003810016
9845,0.0
9846,0.0
9847,0.0
9848,0.0
9849,0.0
9850,24021.088
9851,0.0
9852,0.0
9853,0.0
9854,0.0
9855,0.0
9856,0.005876095
9857,0.0
9858,0.010842508
9859,0.0
9860,0.0
9861,0.0050586425
9862,0.0
9863,0.0
9864,8432.681
9865,0.0
9866,0.0
9867,0.0
9868,0.0
9869,0.0
9870,0.0
9871,0.00434673
9872,0.0
9873,0.0
9874,0.0
9875,0.0
9876,0.0
9877,0.0
9878,0.0
9879,0.0
9880,0.0
9881,0.0
9882,0.0
9883,0.0
9884,0.0
9885,0.0
9886,0.0
9887,0.0
9888,0.0
9889,0.0
9890,0.006396158
9891,0.0
9892,0.006250763
9893,0.0
9894,0.0026255685
9895,0.0
9896,0.0
9897,0.0
9898,0.0
9899,0.0
9900,0.0
9901,0.0
9902,0.0
9903,0.0
9904,0.0
9905,0.0
9906,0.0
9907,0.0
9908,0.0
9909,0.0
9910,0.0
9911,0.0
9912,0.0
9913,0.0
9914,0.0
9915,0.0
9916,0.0
9917,0.0
9918,0.0
9919,0.0
9920,0.0
9921,0.0
9922,0.0
9923,0.0
9924,0.0
9925,0.0
9926,0.0
9927,0.0040541594
9928,0.0
9929,0.0
9930,0.0
9931,0.0019493005
9932,0.0
9933,0.0
9934,0.0
9935,0.0
9936,0.0
9937,0.0
9938,0.0
9939,9330.121
9940,0.0
9941,0.0
9942,0.0
9943,0.0
9944,0.0
9945,0.0
9946,0.0
9947,0.0
9948,0.0
9949,0.0
9950,0.0
9951,0.0
9952,0.0
9953,0.0
9954,0.0
9955,0.0
9956,0.0
9957,0.0
9958,0.0
9959,0.0
9960,0.0
9961,0.0
9962,0.0
9963,0.0
9964,0.0
9965,0.0
9966,0.0
9967,0.0
9968,0.0
9969,0.0
9970,0.0
9971,0.0
9972,0.0
9973,0.0
9974,0.0
9975,0.0
9976,0.0
9977,0.0
9978,0.0
9979,0.0
9980,0.0
9981,0.0
9982,0.0
9983,3946.441
9984,14039.56
9985,0.0
9986,0.0
9987,0.0
9988,0.0
9989,0.0
9990,0.015767567
9991,0.0
9992,0.0
9993,0.0
9994,0.00025037085
9995,0.0
9996,0.0
9997,0.0
9998,0.0
9999,0.0
10000,0.0
10001,0.0
10002,0.0
10003,0.0
10004,0.0
10005,0.0
10006,0.0
10007,0.0
10008,0.0
10009,0.0
10010,0.0
10011,0.0
10012,10371.021
10013,0.0
10014,0.0
10015,0.0
10016,0.0
10017,0.0
10018,0.0
10019,0.0
10020,0.0
10021,0.0
10022,0.0
10023,0.0
10024,0.0
10025,0.0
10026,0.0
10027,0.0
10028,0.0
10029,0.0
10030,0.0
10031,0.0
10032,0.0
10033,0.0
10034,0.0
10035,0.0
10036,0.0
10037,0.0039062304
10038,0.0
10039,0.0
10040,0.0
10041,0.0
10042,0.0
10043,0.0
10044,0.0
10045,0.0
10046,0.042590488
10047,0.0
10048,0.0
10049,0.0
10050,0.0029115065
10051,0.0
10052,0.0
10053,0.0
10054,0.0
10055,0.0
10056,0.0
10057,0.0
10058,0.0
10059,0.0
10060,0.0
10061,0.0
10062,0.0
10063,0.0695784
10064,0.0
10065,0.0
10066,0.0
10067,0.0
10068,0.0
10069,0.0
10070,0.0
10071,0.0
10072,0.0
10073,0.0
10074,0.0
10075,0.0
10076,0.0061130645
10077,0.0
10078,0.0
10079,0.0
10080,0.0
10081,0.0
10082,4014.095
10083,0.0
10084,0.0
10085,0.0
10086,2980.5408
10087,0.011323666
10088,0.0072122966
10089,0.0
10090,0.0
10091,0.0
10092,0.0
10093,0.0
10094,0.0
10095,0.0
10096,0.0
10097,0.0
10098,0.0
10099,0.0
10100,0.0
10101,0.0
10102,0.0
10103,0.0
10104,0.0
10105,0.0
10106,0.0
10107,0.0
10108,0.0
10109,0.0
10110,0.0
10111,0.0
10112,0.0
10113,0.0
10114,0.0
10115,0.0
10116,0.0
10117,0.0
10118,0.0
10119,0.0
10120,0.0
10121,0.0
10122,0.0
10123,0.0
10124,0.0
10125,0.0
10126,0.0
10127,0.0
10128,0.0
10129,0.0
10130,0.0
10131,0.0
10132,0.0
10133,0.0
10134,0.0
10135,0.0
10136,0.0
10137,2707.321
10138,0.0
10139,0.0
10140,0.0
10141,0.0
10142,0.01127689
10143,0.0
10144,0.0
10145,0.0
10146,0.0
10147,0.0
10148,0.0
10149,0.0
10150,0.0
10151,0.0
10152,8777.091
10153,0.0
10154,0.0
10155,0.0
10156,0.0
10157,0.0
10158,0.0
10159,0.0
10160,0.0
10161,0.0
10162,0.0
10163,0.0
10164,0.0
10165,0.0
10166,0.0
10167,0.0
10168,0.0
10169,0.019356674
10170,0.0
10171,0.0
10172,0.0
10173,0.0
10174,0.0
10175,0.0
10176,0.005105131
10177,0.0
10178,0.0
10179,0.0
10180,0.0
10181,0.0
10182,0.0
10183,0.0
10184,0.0
10185,0.0
10186,0.0
10187,0.0
10188,0.0
10189,0.0
10190,0.0
10191,0.0
10192,0.0
10193,0.0
10194,0.0
10195,0.0
10196,0.0
10197,0.0
10198,0.0
10199,0.0
10200,0.0
10201,0.0
10202,0.0
10203,0.0
10204,0.0
10205,0.0
10206,0.0
10207,0.0
10208,0.0
10209,0.0
10210,0.0
10211,0.0
10212,0.0
10213,0.0
10214,0.0
10215,0.0
10216,4663.9175
10217,0.0
10218,0.0
10219,0.0
10220,0.0
10221,0.0
10222,0.0
10223,0.0
10224,0.0
10225,0.0
10226,0.0
10227,0.0
10228,4.6254274e-05
10229,0.0
10230,0.0
10231,0.0
10232,0.0
10233,0.0
10234,0.0
10235,0.0
10236,0.0
10237,0.0
10238,0.0
10239,0.0
10240,0.0
10241,0.0
10242,0.0
10243,0.0
10244,0.0
10245,0.0
10246,0.009200198
10247,0.0
10248,0.0
10249,0.0
10250,0.0011799139
10251,0.0
10252,0.0006811553
10253,0.0
10254,0.024079025
10255,0.0
10256,0.0
10257,10670.271
10258,6135.815
10259,0.0
10260,0.0
10261,0.0
10262,0.0
10263,0.0
10264,0.0
10265,0.0
10266,0.0
10267,0.0
10268,0.0
10269,0.0
10270,0.0
10271,0.038809113
10272,0.004912482
10273,4179.4487
10274,4936.8647
10275,9401.324
10276,4019.9348
10277,6974.0703
10278,5787.9365
10279,7154.7764
10280,7411.1465
10281,2794.6572
10282,3773.9346
10283,7355.906
10284,7276.5776
10285,5300.675
10286,7367.8076
10287,6622.3784
10288,2847.5803
10289,5378.2715
10290,9509.107
10291,12982.587
10292,9240.013
10293,8088.163
10294,2994.6804
10295,6269.3145
10296,1406.2007
10297,8603.08
10298,10789.103
10299,9894.032
10300,6839.4404
10301,2697.4404
10302,4460.6187
10303,4749.786
10304,9873.472
10305,5500.315
10306,5611.7725
10307,4187.458
10308,6777.986
10309,2327.7625
10310,7864.5913
10311,4503.4487
10312,5025.3267
10313,5433.594
10314,3676.497
10315,9624.33
10316,4743.1895
10317,4827.2607
10318,4915.7847
10319,8172.182
10320,9902.33
10321,6217.303
10322,7844.1396
10323,9030.19
10324,9893.9
10325,7596.0073
10326,7483.621
10327,1606.7758
10328,4049.605
10329,5005.731
10330,6384.643
10331,7026.149
10332,9215.792
10333,4504.497
10334,8894.373
10335,6393.9062
10336,6968.1987
10337,2635.1912
10338,14638.636
10339,3027.8398
10340,4509.2603
10341,9145.731
10342,4536.259
10343,6690.6304
10344,3254.119
10345,6778.4062
10346,5692.1577
10347,4869.8794
10348,6319.2646
10349,8320.2
10350,6622.1064
10351,3724.5012
10352,8096.6763
10353,12494.8545
10354,6387.469
10355,3954.9805
10356,6966.398
10357,6572.634
10358,4730.186
10359,7454.7397
10360,2225.2336
10361,9255.599
10362,5669.286
10363,6297.3384
10364,8502.523
10365,3298.2737
10366,4794.93
10367,4026.3477
10368,9269.283
10369,6227.3096
10370,4733.183
10371,5025.408
10372,6414.461
10373,6282.7773
10374,3050.117
10375,5422.116
10376,4412.8467
10377,7871.1875
10378,5992.2153
10379,3750.6746
10380,6674.434
10381,4642.7227
10382,3816.7244
10383,8192.379
10384,8585.76
10385,4221.3916
10386,10157.03
10387,3743.265
10388,3548.2917
10389,9742.157
10390,5141.5547
10391,10107.522
10392,7930.6074
10393,5958.861
10394,6267.0063
10395,7224.6826
10396,8081.146
10397,3987.1372
10398,1929.936
10399,4853.7915
10400,5499.481
10401,5607.492
10402,2981.2234
10403,7611.1284
10404,5599.5654
10405,3814.9443
10406,6781.1543
10407,3089.983
10408,7121.986
10409,8005.58
10410,2589.1606
10411,5913.9814
10412,2464.1433
10413,6386.0864
10414,2556.3806
10415,4546.616
10416,4774.6294
10417,8872.783
10418,6631.5054
10419,5516.819
10420,13914.852
10421,4232.411
10422,4825.3687
10423,12121.086
10424,7519.7544
10425,8971.564
10426,7769.1445
10427,5623.491
10428,7495.3647
10429,4156.8135
10430,6138.8003
10431,11886.136
10432,5496.565
10433,2522.458
10434,3651.2068
10435,8891.761
10436,9941.66
10437,3584.5344
10438,7409.1953
10439,5112.5444
10440,2096.1218
10441,2012.7698
10442,3985.0535
10443,6570.8345
10444,7750.116
10445,6420.6616
10446,5193.7544
10447,7696.2905
10448,8652.471
10449,8320.676
10450,3764.931
10451,10856.735
10452,10762.053
10453,3678.5598
10454,6959.896
10455,5138.304
10456,6875.736
10457,3358.623
10458,3420.0244
10459,4798.6367
10460,11175.584
10461,8305.2705
10462,8016.2007
10463,8406.004
10464,5297.3286
10465,7357.014
10466,24955.424
10467,7991.7715
10468,3723.51
10469,3084.6519
10470,6901.5903
10471,8378.756
10472,3315.6023
10473,8976.435
10474,20675.129
10475,3240.7512
10476,3288.1326
10477,12424.173
10478,3706.0188
10479,7136.6675
10480,3620.1145
10481,6591.3047
10482,4204.8535
10483,5694.096
10484,4444.017
10485,6322.3696
10486,8341.559
10487,6392.1924
10488,6695.9165
10489,6140.1885
10490,4490.79
10491,5699.797
10492,8158.0938
10493,4089.7769
10494,6365.604
10495,5763.735
10496,5309.459
10497,6027.4175
10498,5622.998
10499,6209.723
10500,6516.0615
10501,9675.144
10502,8128.277
10503,5105.5513
10504,4079.4983
10505,4216.0474
10506,6039.002
10507,6633.277
10508,2771.8618
10509,8796.644
10510,6136.412
10511,10004.772
10512,7341.32
10513,5460.0547
10514,3492.0256
10515,3110.7666
10516,11801.956
10517,4535.1943
10518,7428.095
10519,21793.57
10520,7574.2456
10521,4320.5747
10522,5505.1597
10523,3097.881
10524,6421.556
10525,3211.716
10526,4934.045
10527,11277.238
10528,5609.1396
10529,9940.807
10530,16590.697
10531,6152.9517
10532,6366.3203
10533,4782.428
10534,5781.3267
10535,5450.6206
10536,9718.241
10537,7317.767
10538,9897.694
10539,2510.5486
10540,6778.2056
10541,5741.6216
10542,6318.3306
10543,6565.297
10544,5591.2505
10545,7246.4355
10546,5318.7705
10547,9515.341
10548,8950.539
10549,6423.461
10550,11284.038
10551,7224.6133
10552,10541.774
10553,3797.5889
10554,3185.4807
10555,5554.9536
10556,9485.547
10557,7560.9355
10558,8259.688
10559,6892.5186
10560,9572.269
10561,4940.4263
10562,8026.384
10563,6789.5615
10564,4083.9058
10565,17364.941
10566,22859.104
10567,6061.7163
10568,7243.6436
10569,10265.426
10570,10779.208
10571,11697.123
10572,3043.7163
10573,5680.702
10574,6439.2817
10575,9463.083
10576,2665.5881
10577,4218.179
10578,6555.2285
10579,3792.8245
10580,6873.034
10581,3882.6257
10582,2727.5166
10583,7520.737
10584,2061.1877
10585,5114.8516
10586,6917.163
10587,6283.7246
10588,11002.212
10589,8326.583
10590,5146.2944
10591,7672.1333
10592,7033.6987
10593,13167.895
10594,5403.6274
10595,3312.2576
10596,4188.273
10597,12452.003
10598,4217.0327
10599,7368.398
10600,2838.1707
10601,4018.3782
10602,5682.5776
10603,5923.2964
10604,4525.2896
10605,7540.9785
10606,10582.624
10607,13375.096
10608,4700.24
10609,8613.795
10610,2054.3933
10611,4449.884
10612,6993.2275
10613,4750.7515
10614,10601.616
10615,2823.428
10616,5295.055
10617,7776.2617
10618,10488.11
10619,11116.286
10620,4742.158
10621,2576.9658
10622,9880.952
10623,8540.83
10624,5185.379
10625,4589.204
10626,8674.666
10627,8303.298
10628,4964.7505
10629,4006.4595
10630,9371.798
10631,6256.035
10632,14618.001
10633,7927.9756
10634,14960.186
10635,5086.671
10636,5906.822
10637,2275.1003
10638,6617.813
10639,5103.2773
10640,5592.9517
10641,7770.212
10642,4557.046
10643,2674.431
10644,8280.157
10645,3489.4714
10646,6970.878
10647,7285.001
10648,5728.4873
10649,8986.8
10650,5125.709
10651,9724.853
10652,5583.8794
10653,5555.886
10654,5493.4883
10655,3135.3997
10656,9717.843
10657,7518.2124
10658,2816.2197
10659,6037.5503
10660,7591.7124
10661,6589.2427
10662,4387.671
10663,6926.3403
10664,5893.321
10665,4743.217
10666,4936.728
10667,8328.409
10668,4510.4863
10669,4989.2754
10670,4726.79
10671,6442.845
10672,3474.8523
10673,5195.038
10674,7428.8535
10675,6733.9995
10676,12474.873
10677,8361.018
10678,8952.571
10679,8734.084
10680,4674.714
10681,12752.254
10682,10493.623
10683,5932.8467
10684,7862.101
10685,7065.1997
10686,5544.7686
10687,2540.727
10688,11717.981
10689,5947.731
10690,5949.8306
10691,3927.5542
10692,1976.6158
10693,11525.375
10694,5318.679
10695,5275.711
10696,4355.3623
10697,5851.373
10698,6282.364
10699,5528.244
10700,8354.25
10701,6366.806
10702,3871.0283
10703,3059.6116
10704,2450.4075
10705,6132.1406
10706,17362.953
10707,3170.398
10708,6066.801
10709,6276.596
10710,3966.8372
10711,4426.472
10712,6182.2246
10713,2749.3389
10714,8353.867
10715,6994.5146
10716,2032.0975
10717,9431.869
10718,1992.099
10719,4395.785
10720,14651.695
10721,8694.371
10722,10923.886
10723,2556.2976
10724,5433.812
10725,4552.271
10726,4771.9614
10727,23291.578
10728,9805.752
10729,6485.7837
10730,3552.393
10731,5862.244
10732,5023.4
10733,2829.9163
10734,8653.099
10735,4968.147
10736,4745.4023
10737,6967.4414
10738,4637.885
10739,5544.092
10740,6619.5615
10741,5188.293
10742,7272.942
10743,2945.805
10744,4395.6846
10745,5239.308
10746,9875.394
10747,7504.8647
10748,8570.337
10749,1558.9535
10750,7834.8677
10751,6046.437
10752,3918.2175
10753,5701.069
10754,5610.258
10755,5067.3535
10756,7767.559
10757,6115.371
10758,5304.1543
10759,5678.66
10760,8220.659
10761,5744.936
10762,5167.5737
10763,6884.516
10764,5387.5493
10765,2459.711
10766,13172.342
10767,4496.508
10768,3567.8013
10769,7268.67
10770,8278.097
10771,10011.34
10772,3297.638
10773,5319.491
10774,4934.9956
10775,7904.516
10776,5382.7876
10777,8618.809
10778,2742.7632
10779,5409.893
10780,5072.712
10781,4913.45
10782,3087.982
10783,7947.395
10784,6924.0547
10785,5791.51
10786,6694.652
10787,8125.4707
10788,9636.179
10789,3935.8616
10790,2924.6855
10791,5213.9224
10792,7190.9683
10793,7627.887
10794,1766.7449
10795,6739.474
10796,4830.149
10797,7521.5977
10798,5654.494
10799,3757.3855
10800,7825.592
10801,3986.1675
10802,9886.815
10803,6316.0527
10804,5011.1963
10805,8294.932
10806,5291.4453
10807,5304.8525
10808,7004.9434
10809,3201.1968
10810,10113.338
10811,9602.893
10812,7741.421
10813,3989.3171
10814,4394.8926
10815,1846.5487
10816,2225.0552
10817,6575.0728
10818,4986.8633
10819,7231.4663
10820,3662.027
10821,3897.9856
10822,4027.523
10823,8894.763
10824,5761.047
10825,4638.889
10826,4671.852
10827,4223.0103
10828,4401.3364
10829,5339.215
10830,7903.4683
10831,7590.0034
10832,8341.749
10833,6664.326
10834,5888.0786
10835,3968.4646
10836,5324.034
10837,12594.506
10838,7457.2
10839,8283.5625
10840,14012.911
10841,3524.737
10842,4257.0615
10843,4710.748
10844,9705.782
10845,8972.48
10846,8613.549
10847,9460.7
10848,8557.366
10849,6448.1997
10850,7247.4375
10851,5693.146
10852,2787.8281
10853,3896.127
10854,3204.145
10855,3151.6716
10856,8220.558
10857,21152.797
10858,6309.4834
10859,3484.1992
10860,5919.343
10861,4556.6416
10862,5610.4507
10863,2365.8567
10864,6289.811
10865,5472.464
10866,4528.956
10867,17961.979
10868,9466.251
10869,4013.019
10870,3752.0774
10871,3940.1477
10872,4663.3257
10873,5110.916
10874,7490.148
10875,4582.8213
10876,4989.537
10877,4010.5317
10878,6056.0127
10879,5603.824
10880,7697.0024
10881,3485.3064
10882,8641.964
10883,8863.125
10884,5824.1665
10885,4498.7515
10886,3921.4482
10887,6426.274
10888,3529.1074
10889,10746.154
10890,4514.0376
10891,3779.6487
10892,6319.4453
10893,5801.434
10894,4646.5684
10895,3587.466
10896,4369.919
10897,11544.33
10898,8795.217
10899,6219.6816
10900,3606.9124
10901,5677.701
10902,9328.911
10903,4600.4507
10904,5160.107
10905,5868.0176
10906,11342.715
10907,7787.848
10908,4639.6016
10909,3921.6914
10910,3541.6028
10911,8081.855
10912,5589.245
10913,14753.259
10914,5671.6445
10915,5945.74
10916,4831.9463
10917,3200.012
10918,4963.4575
10919,23108.354
10920,2053.053
10921,5519.793
10922,7871.4805
10923,7150.8057
10924,6729.4023
10925,9786.701
10926,6216.8525
10927,4624.142
10928,3288.3489
10929,9495.114
10930,4791.273
10931,7672.748
10932,9549.671
10933,3445.8267
10934,6241.945
10935,7690.053
10936,4299.032
10937,8031.1313
10938,7679.96
10939,2717.0125
10940,8786.246
10941,6646.1455
10942,6009.266
10943,12020.329
10944,8013.6167
10945,7096.4697
10946,4677.6357
10947,4425.8896
10948,5159.2256
10949,2936.5188
10950,7532.1797
10951,2243.7825
10952,6617.598
10953,3312.7915
10954,4785.614
10955,6040.1943
10956,5157.7153
10957,5380.452
10958,9335.052
10959,4362.4224
10960,7057.9727
10961,4289.95
10962,8310.532
10963,10682.186
10964,7823.6816
10965,3358.8281
10966,4917.356
10967,6605.887
10968,2617.9111
10969,11020.36
10970,4929.1147
10971,6322.9243
10972,12461.281
10973,7053.329
10974,1914.6417
10975,5893.7983
10976,9213.551
10977,7008.4253
10978,9170.968
10979,10326.211
10980,6045.0933
10981,5734.8345
10982,4864.4473
10983,2025.168
10984,4980.203
10985,8862.263
10986,2382.2249
10987,8223.6
10988,7642.321
10989,5563.8037
10990,7648.344
10991,5563.3423
10992,7389.2163
10993,5581.3286
10994,4104.452
10995,5187.615
10996,4365.9526
10997,7033.5513
10998,7779.058
10999,10558.176
11000,6086.148
11001,3321.7664
11002,7006.026
11003,6895.846
11004,7329.132
11005,3342.6382
11006,3038.3638
11007,7755.9507
11008,6402.6636
11009,3925.5278
11010,7942.53
11011,4998.2876
11012,5906.478
11013,5464.9473
11014,1380.382
11015,5868.1743
11016,6462.4907
11017,6613.1626
11018,8615.109
11019,8666.099
11020,4075.7136
11021,6598.1924
11022,3596.3372
11023,1135.9344
11024,6542.8354
11025,12145.643
11026,5712.3037
11027,5478.988
11028,1824.6323
11029,5825.844
11030,8524.676
11031,5963.3867
11032,9540.403
11033,3762.134
11034,4699.4917
11035,3056.2305
11036,6296.624
11037,3955.3464
11038,2663.7017
11039,4945.7354
11040,3331.6868
11041,5462.2427
11042,5084.459
11043,4329.8286
11044,5590.4717
11045,8900.033
11046,5712.4727
11047,3159.3508
11048,9766.662
11049,6550.722
11050,5064.7393
11051,1969.3492
11052,8548.54
11053,6607.16
11054,5917.937
11055,6962.8774
11056,9226.063
11057,6943.1406
11058,7216.535
11059,7752.275
11060,10104.872
11061,12162.718
11062,3421.4243
11063,4817.3438
11064,5227.1533
11065,6341.073
11066,4072.2976
11067,8500.764
11068,8356.171
11069,5197.903
11070,2407.43
11071,6320.0723
11072,9684.478
11073,3831.6958
11074,8108.338
11075,1972.6611
11076,7249.3735
11077,8709.677
11078,5312.0176
11079,7534.0913
11080,3734.2915
11081,3921.3062
11082,6686.898
11083,6348.1357
11084,10768.039
11085,5917.8296
11086,8759.671
11087,5576.646
11088,3525.8164
11089,10626.691
11090,2192.851
11091,10498.669
11092,4914.0874
11093,4899.7603
11094,8138.951
11095,5280.7207
11096,5132.9546
11097,8140.7993
11098,2665.8843
11099,2987.0508
11100,7408.0933
11101,6307.155
11102,9946.838
11103,6051.191
11104,5771.2607
11105,3693.9548
11106,7564.9604
11107,3161.401
11108,12264.866
11109,8393.273
11110,15086.158
11111,4249.811
11112,5527.3584
11113,9285.839
11114,12790.831
11115,3222.1104
11116,11637.923
11117,5321.1606
11118,6034.994
11119,4351.948
11120,5307.4995
11121,3955.4597
11122,4138.8267
11123,3407.1875
11124,2783.726
11125,9911.222
11126,5931.2056
11127,24336.588
11128,7637.9414
11129,4483.2524
11130,8036.8403
11131,13412.576
11132,8422.472
11133,8988.429
11134,6832.9985
11135,9613.56
11136,9898.809
11137,5094.2505
11138,6151.843
11139,8481.149
11140,9449.644
11141,7586.059
11142,8564.561
11143,6121.4873
11144,4827.611
11145,6551.097
11146,11976.798
11147,12321.391
11148,11742.875
11149,9255.113
11150,4734.3257
11151,7565.8193
11152,4499.099
11153,9791.8545
11154,12565.542
11155,10945.297
11156,7376.97
11157,5453.2363
11158,5467.69
11159,5115.993
11160,11675.979
11161,7311.5996
11162,6417.509
11163,4925.0117
11164,9111.071
11165,4223.1475
11166,9542.633
11167,5307.4136
11168,7242.704
11169,6332.237
11170,7781.203
11171,9918.115
11172,7311.091
11173,6294.1978
11174,7655.9785
11175,8462.145
11176,12626.956
11177,7444.4795
11178,10188.942
11179,10880.94
11180,9989.298
11181,7542.5684
11182,9854.411
11183,4428.136
11184,5963.0854
11185,6924.266
11186,8674.624
11187,9590.792
11188,9676.251
11189,6827.7993
11190,9822.976
11191,7454.6333
11192,9740.373
11193,4302.216
11194,15475.242
11195,5213.017
11196,6002.432
11197,10736.535
11198,5140.819
11199,6591.21
11200,6543.347
11201,8492.862
11202,6618.2104
11203,4940.492
11204,8072.4946
11205,9409.792
11206,8191.535
11207,5995.6973
11208,9277.102
11209,13418.922
11210,8597.732
11211,6736.2993
11212,8017.5923
11213,7562.84
11214,5965.9697
11215,7729.365
11216,4313.385
11217,10851.487
11218,7634.496
11219,8147.992
11220,10772.743
11221,5169.7285
11222,5845.7275
11223,5475.1216
11224,10141.62
11225,8188.5825
11226,5258.5386
11227,5364.1206
11228,7051.937
11229,6992.427
11230,5627.6445
11231,7056.714
11232,6558.112
11233,9198.483
11234,5935.3994
11235,5186.0815
11236,7753.0664
11237,7539.1016
11238,7842.404
11239,9683.572
11240,9538.038
11241,5445.0605
11242,10979.225
11243,6521.378
11244,6637.169
11245,10468.622
11246,6711.0635
11247,12308.929
11248,10085.509
11249,7990.819
11250,6731.8223
11251,8860.175
11252,9138.573
11253,6853.3496
11254,4219.0522
11255,6484.194
11256,9481.097
11257,6432.063
11258,5015.3853
11259,9499.843
11260,6818.1875
11261,5942.3667
11262,7189.521
11263,5943.926
11264,8639.219
11265,9232.912
11266,6297.2124
11267,6426.513
11268,5125.958
11269,7584.9956
11270,3982.439
11271,8639.656
11272,6624.299
11273,10335.039
11274,7982.3022
11275,6720.4863
11276,14177.549
11277,6178.4634
11278,6171.0015
11279,13015.949
11280,8094.159
11281,9947.047
11282,9399.028
11283,6269.374
11284,7774.7856
11285,5633.2407
11286,8567.313
11287,14859.38
11288,8393.706
11289,3671.853
11290,6199.065
11291,10131.749
11292,10713.08
11293,6355.1147
11294,7239.7896
11295,5816.5386
11296,4904.385
11297,3833.33
11298,5716.141
11299,8254.452
11300,8609.86
11301,7603.3066
11302,7160.033
11303,8823.162
11304,10680.515
11305,9805.658
11306,5066.208
11307,12500.694
11308,11856.506
11309,5847.5957
11310,8292.6455
11311,6232.4976
11312,7924.5283
11313,4309.552
11314,7024.9224
11315,5971.5435
11316,12124.127
11317,8563.376
11318,9622.109
11319,10511.995
11320,7185.634
11321,10445.563
11322,25091.957
11323,10633.282
11324,6200.1885
11325,3898.9043
11326,6573.969
11327,9765.414
11328,5738.1343
11329,12509.8545
11330,23158.127
11331,4110.7803
11332,6386.2144
11333,12172.825
11334,5074.3037
11335,9058.484
11336,6778.1606
11337,8948.857
11338,4387.4614
11339,6458.6147
11340,6427.978
11341,9533.264
11342,9959.331
11343,7437.1553
11344,7904.9307
11345,7516.6997
11346,5187.358
11347,6257.4077
11348,7991.0166
11349,5255.029
11350,6841.9395
11351,8396.147
11352,7325.1484
11353,7376.6533
11354,8037.2466
11355,8754.292
11356,8424.199
11357,11952.515
11358,9444.247
11359,7247.797
11360,4520.932
11361,6874.1357
11362,7539.8926
11363,6512.7124
11364,4727.2993
11365,10914.731
11366,7455.223
11367,12181.292
11368,8322.66
11369,6347.415
11370,5700.259
11371,6041.6636
11372,12250.323
11373,5410.2285
11374,9562.687
11375,24046.486
11376,8944.565
11377,6905.8906
11378,6394.266
11379,5352.483
11380,8074.8047
11381,4759.5283
11382,6737.9316
11383,13793.33
11384,5826.678
11385,15219.591
11386,18600.854
11387,6451.8726
11388,8033.2534
11389,6519.089
11390,8736.309
11391,6574.082
11392,11370.27
11393,8427.534
11394,12420.784
11395,4400.4634
11396,8914.356
11397,6221.171
11398,8738.592
11399,7820.8164
11400,7076.3887
11401,8030.6567
11402,5634.0845
11403,10378.433
11404,12217.861
11405,7497.345
11406,13202.955
11407,8158.226
11408,10696.07
11409,6597.129
11410,5341.8535
11411,6922.483
11412,12057.612
11413,7815.127
11414,9702.099
11415,7832.9326
11416,10821.772
11417,5497.126
11418,11028.7295
11419,8311.809
11420,4464.071
11421,18902.297
11422,24856.326
11423,7210.886
11424,8338.742
11425,10800.036
11426,12285.038
11427,14455.113
11428,5799.763
11429,8033.591
11430,7291.8
11431,10232.67
11432,4558.7676
11433,6500.629
11434,6695.6353
11435,5823.4834
11436,9169.56
11437,6093.4956
11438,5174.499
11439,8677.058
11440,4451.45
11441,5637.584
11442,7498.504
11443,6884.4243
11444,11537.407
11445,9310.315
11446,6885.2124
11447,7942.6133
11448,8005.954
11449,15154.166
11450,7622.7163
11451,5733.7734
11452,4804.215
11453,12599.889
11454,5675.622
11455,8368.214
11456,3724.9097
11457,5777.3413
11458,8131.231
11459,6452.279
11460,4954.8955
11461,8885.538
11462,11590.601
11463,16011.206
11464,7754.1533
11465,10054.18
11466,3730.5745
11467,6094.5303
11468,7798.2617
11469,5151.844
11470,11445.966
11471,5381.853
11472,6720.6724
11473,9982.164
11474,12524.085
11475,10660.588
11476,6311.3857
11477,6330.0024
11478,10448.174
11479,9522.077
11480,6752.5874
11481,5012.688
11482,8696.32
11483,11985.573
11484,5371.8623
11485,6712.088
11486,10013.87
11487,8927.323
11488,16189.449
11489,8241.094
11490,15258.426
11491,7127.987
11492,6401.4424
11493,4052.8706
11494,7613.924
11495,6263.648
11496,6203.525
11497,10743.89
11498,5064.652
11499,5160.225
11500,9361.863
11501,4780.745
11502,8122.371
11503,8079.3345
11504,8202.552
11505,10402.038
11506,6463.2246
11507,10889.817
11508,6689.4116
11509,6025.624
11510,5839.2964
11511,4593.794
11512,12811.403
11513,7590.228
11514,5370.515
11515,8033.79
11516,9907.971
11517,8586.604
11518,6619.454
11519,9548.405
11520,6731.7197
11521,5034.5625
11522,5121.154
11523,9554.582
11524,6880.0127
11525,7565.697
11526,6193.297
11527,6443.521
11528,5814.353
11529,6315.6973
11530,8943.712
11531,9833.062
11532,13050.805
11533,11662.567
11534,10670.506
11535,10616.531
11536,6457.204
11537,13819.64
11538,12711.466
11539,7999.3823
11540,10166.606
11541,9432.634
11542,7370.0073
11543,4787.4487
11544,12912.914
11545,6619.0503
11546,8377.422
11547,5980.1504
11548,2934.501
11549,13413.101
11550,6217.9023
11551,5415.836
11552,6158.377
11553,6255.755
11554,8575.047
11555,8345.824
11556,8542.671
11557,6897.3457
11558,4667.607
11559,4780.5996
11560,4292.3984
11561,8239.185
11562,20675.484
11563,5071.904
11564,6769.464
11565,7921.8755
11566,6541.6562
11567,5139.7993
11568,6297.603
11569,4683.27
11570,8437.113
11571,8139.425
11572,3898.473
11573,11220.579
11574,5323.953
11575,6300.601
11576,15428.967
11577,8629.14
11578,13418.846
11579,6335.4873
11580,6870.4126
11581,5579.3965
11582,6495.206
11583,23701.496
11584,10941.069
11585,8438.675
11586,5927.0884
11587,6071.3223
11588,6950.535
11589,5081.1865
11590,13031.961
11591,6441.088
11592,5408.4175
11593,9155.507
11594,5410.714
11595,7250.8394
11596,8521.221
11597,6902.901
11598,8783.85
11599,4738.2515
11600,5742.498
11601,6729.6655
11602,11377.245
11603,9268.85
11604,8962.823
11605,4447.104
11606,8286.075
11607,7174.8545
11608,5991.935
11609,8016.9194
11610,8023.7505
11611,6872.608
11612,7732.226
11613,6992.4805
11614,5945.003
11615,6521.4834
11616,10033.182
11617,6522.9453
11618,6521.5767
11619,9546.375
11620,6411.262
11621,5373.1436
11622,13550.8125
11623,6028.372
11624,3872.5793
11625,9887.192
11626,8633.923
11627,13056.333
11628,4967.863
11629,7955.897
11630,6126.236
11631,8878.692
11632,6646.266
11633,9557.252
11634,3850.0298
11635,6141.864
11636,6896.813
11637,6038.0225
11638,5372.262
11639,8358.697
11640,8557.922
11641,7451.164
11642,9054.52
11643,7827.9434
11644,11317.019
11645,4674.13
11646,6756.0215
11647,7080.7363
11648,9402.077
11649,9465.745
11650,4293.4424
11651,9005.23
11652,6989.713
11653,8296.189
11654,6300.048
11655,5092.6133
11656,8625.091
11657,6638.4546
11658,10926.98
11659,7731.6064
11660,6505.858
11661,9717.769
11662,7459.0996
11663,7078.461
11664,8125.6953
11665,6552.897
11666,12295.775
11667,12427.787
11668,9496.772
11669,5480.8643
11670,5639.843
11671,4592.221
11672,3819.7622
11673,8806.507
11674,5477.1797
11675,10475.234
11676,4565.813
11677,5760.558
11678,6151.5376
11679,10551.512
11680,6188.673
11681,5428.3105
11682,6108.253
11683,5433.729
11684,5238.638
11685,9486.75
11686,9910.721
11687,8883.555
11688,9629.601
11689,7841.0205
11690,7801.2
11691,5255.991
11692,6305.723
11693,11917.579
11694,10301.432
11695,11026.048
11696,17708.434
11697,5813.948
11698,4481.619
11699,7234.336
11700,10577.86
11701,10094.988
11702,9385.493
11703,9923.14
11704,9676.842
11705,7681.9014
11706,7709.4634
11707,6680.886
11708,5639.6816
11709,4851.602
11710,4687.7036
11711,5720.7446
11712,9196.466
11713,22576.729
11714,8107.039
11715,6154.1255
11716,8325.05
11717,5125.469
11718,8648.676
11719,5078.1777
11720,10123.722
11721,6542.623
11722,8287.411
11723,19513.219
11724,12408.21
11725,5883.312
11726,7716.629
11727,5160.3184
11728,5696.242
11729,6897.267
11730,8314.06
11731,5333.3916
11732,5240.2275
11733,5629.416
11734,5898.7085
11735,7811.6094
11736,8349.55
11737,4579.2734
11738,9098.063
11739,10942.719
11740,7302.6367
11741,5773.909
11742,5023.635
11743,9086.364
11744,4884.8877
11745,11947.772
11746,5595.7744
11747,6902.486
11748,9127.318
11749,6498.943
11750,4662.8545
11751,5128.594
11752,6738.78
11753,12902.401
11754,12187.404
11755,7137.0146
11756,5360.5044
11757,7317.209
11758,10282.428
11759,5124.7114
11760,6535.2637
11761,7748.276
11762,12508.363
11763,9916.772
11764,8313.434
11765,8027.371
11766,4919.9927
11767,10584.562
11768,6253.8037
11769,16823.266
11770,7621.1895
11771,6302.897
11772,6343.106
11773,4360.346
11774,7200.879
11775,24057.908
11776,4381.7524
11777,6153.21
11778,10785.244
11779,6973.711
11780,8650.384
11781,9520.479
11782,7193.7466
11783,4820.851
11784,4314.7427
11785,12037.516
11786,7232.384
11787,9733.036
11788,9385.099
11789,5040.401
11790,7310.568
11791,8047.886
11792,4393.7773
11793,10925.115
11794,10946.811
11795,5021.771
11796,9615.843
11797,8026.774
11798,7157.0356
11799,12492.138
11800,8328.774
11801,8435.882
11802,5397.6567
11803,5599.886
11804,9357.605
11805,3981.2576
11806,9681.726
11807,4660.9775
11808,7488.4404
11809,5359.0728
11810,5871.422
11811,6966.405
11812,8062.222
11813,7335.4473
11814,10720.081
11815,6252.3306
11816,8583.123
11817,6079.1797
11818,10414.168
11819,12476.039
11820,9813.48
11821,3828.7947
11822,6288.1553
11823,9064.206
11824,3998.1099
11825,12174.312
11826,5666.907
11827,7836.5044
11828,14160.792
11829,8163.9707
11830,4247.0713
11831,9815.334
11832,12683.467
11833,7342.293
11834,11252.483
11835,10662.215
11836,6209.8833
11837,6768.45
11838,7954.0757
11839,5682.073
11840,6284.4375
11841,9243.627
11842,5179.6694
11843,8400.097
11844,8784.553
11845,7550.1978
11846,8670.58
11847,7901.946
11848,8313.6
11849,6445.6543
11850,7587.412
11851,7867.48
11852,8528.123
11853,8100.1367
11854,8760.088
11855,12369.914
11856,7098.873
11857,5206.8994
11858,7644.865
11859,8455.812
11860,7925.3145
11861,5713.7207
11862,5198.6963
11863,9242.48
11864,7633.863
11865,7500.8716
11866,9214.948
11867,5726.51
11868,7697.663
11869,5751.9487
11870,3515.7607
11871,8126.5557
11872,7595.3843
11873,7267.075
11874,11011.734
11875,9798.619
11876,5494.049
11877,8992.554
11878,4860.4585
11879,3431.5344
11880,7890.9043
11881,13599.429
11882,8659.588
11883,8186.2007
11884,4587.4053
11885,7781.0176
11886,10347.299
11887,7036.745
11888,9347.642
11889,5463.342
11890,6176.089
11891,5361.0566
11892,6921.4663
11893,5902.254
11894,5683.228
11895,5680.805
11896,5322.242
11897,6652.2344
11898,7895.1055
11899,5394.008
11900,7539.08
11901,9275.314
11902,7610.548
11903,4851.6714
11904,12008.39
11905,8303.536
11906,5535.5576
11907,4013.1455
11908,11574.351
11909,7500.807
11910,5901.7363
11911,8678.622
11912,10427.695
11913,8362.422
11914,7638.4004
11915,9469.547
11916,10378.68
11917,14984.261
11918,5884.3506
11919,5928.417
11920,5899.333
11921,7684.019
11922,5705.508
11923,9890.211
11924,10282.9375
11925,5809.7847
11926,4498.554
11927,6441.0815
11928,12319.569
11929,5580.019
11930,9404.05
11931,3999.1702
11932,8163.8926
11933,9427.462
11934,7851.243
11935,9526.482
11936,8028.022
11937,4658.204
11938,7844.8955
11939,8179.668
11940,10520.751
11941,8096.452
11942,9872.672
11943,7413.359
11944,5589.08
11945,11885.309
11946,4398.646
11947,11694.736
11948,5949.6265
11949,5316.9546
11950,8377.813
11951,7425.6797
11952,8015.184
11953,9801.872
11954,4592.922
11955,5296.864
11956,8840.363
11957,9001.77
11958,11376.562
11959,6757.0845
11960,7071.416
11961,6290.927
11962,7931.6816
11963,5782.22
11964,12627.775
11965,11475.774
11966,15452.309
11967,4588.473
11968,6685.7373
11969,12408.174
11970,14479.302
11971,5735.07
11972,13261.185
11973,6648.4917
11974,6808.5757
11975,5280.67
11976,5322.0693
11977,6710.4746
11978,6637.6567
11979,4438.0483
11980,5496.9844
11981,10016.593
11982,8695.019
11983,27341.328
11984,8054.7437
11985,4425.5854
11986,8069.9697
11987,13642.312
11988,8526.358
11989,9064.067
11990,6821.713
11991,9619.999
11992,9908.018
11993,5089.4766
11994,6193.817
11995,8231.77
11996,9627.966
11997,7629.277
11998,8467.659
11999,6034.844
12000,4861.0103
12001,6456.496
12002,12076.037
12003,12221.078
12004,11844.254
12005,9134.277
12006,4734.9126
12007,7328.6846
12008,4610.33
12009,9879.708
12010,12343.81
12011,11124.878
12012,7212.0073
12013,5523.6904
12014,5440.1133
12015,4970.5835
12016,11784.848
12017,7178.5576
12018,6288.1553
12019,4874.2246
12020,9141.346
12021,4210.3926
12022,9408.446
12023,5195.682
12024,7287.093
12025,6222.8687
12026,7809.1733
12027,9731.328
12028,7397.213
12029,6334.0977
12030,7757.0234
12031,8254.972
12032,12558.317
12033,7322.368
12034,10403.317
12035,10863.303
12036,9951.099
12037,7444.906
12038,9843.6
12039,4482.6494
12040,5941.494
12041,6980.6455
12042,8425.67
12043,9513.652
12044,9521.196
12045,6942.2334
12046,9737.763
12047,7492.3057
12048,9743.439
12049,4310.345
12050,15815.756
12051,5232.391
12052,6026.8257
12053,10810.683
12054,5087.0884
12055,6451.399
12056,6575.9507
12057,8346.524
12058,6368.568
12059,4852.574
12060,7963.0635
12061,9164.305
12062,8202.739
12063,6043.1333
12064,9289.019
12065,13394.7295
12066,8593.911
12067,6662.286
12068,7864.246
12069,7554.743
12070,5764.8013
12071,7542.9062
12072,4339.8022
12073,10636.477
12074,7619.256
12075,8093.8813
12076,11190.879
12077,5192.6797
12078,5714.522
12079,5379.1895
12080,10012.419
12081,8304.471
12082,5200.4272
12083,5270.8774
12084,6922.166
12085,6858.8955
12086,5709.5474
12087,7119.2695
12088,6638.7964
12089,9276.57
12090,5855.4766
12091,5188.0405
12092,7649.7593
12093,7658.286
12094,8144.2554
12095,9327.158
12096,9377.458
12097,5336.547
12098,10826.17
12099,6618.274
12100,6663.741
12101,10334.201
12102,6629.6714
12103,12511.967
12104,9991.946
12105,7919.6924
12106,6522.7773
12107,8920.488
12108,8995.496
12109,6988.6133
12110,4219.5034
12111,6502.229
12112,9748.459
12113,6299.213
12114,5027.2446
12115,9572.122
12116,6859.9224
12117,5942.7466
12118,7040.5586
12119,6033.216
12120,8729.762
12121,9005.265
12122,6413.837
12123,6289.7866
12124,5198.0815
12125,7462.6577
12126,3964.2498
12127,8689.381
12128,6590.311
12129,10293.073
12130,8056.5186
12131,6754.494
12132,14137.958
12133,6271.3657
12134,5991.541
12135,13233.691
12136,7953.1655
12137,9800.488
12138,9431.717
12139,6023.9575
12140,7611.0703
12141,5630.2217
12142,8659.744
12143,14962.668
12144,8385.336
12145,3567.604
12146,6147.6367
12147,9957.603
12148,10479.801
12149,6387.445
12150,7093.269
12151,5689.932
12152,4978.3794
12153,3845.2952
12154,5745.1113
12155,8008.299
12156,8444.182
12157,7668.3438
12158,7208.7197
12159,8599.75
12160,10528.771
12161,9571.885
12162,4962.9844
12163,12719.64
12164,11727.574
12165,5896.5483
12166,8308.051
12167,6133.3047
12168,7805.733
12169,4164.5767
12170,7246.5596
12171,5847.6235
12172,12282.004
12173,8406.124
12174,9543.89
12175,10508.336
12176,6948.7524
12177,10491.532
12178,25613.264
12179,10458.014
12180,6280.1714
12181,3790.5818
12182,6398.1216
12183,9812.676
12184,5670.2866
12185,12100.006
12186,22550.496
12187,4063.8496
12188,6510.141
12189,12002.184
12190,5066.4497
12191,9188.96
12192,6842.3574
12193,9061.111
12194,4188.001
12195,6343.142
12196,6349.389
12197,9564.803
12198,9899.252
12199,7215.3994
12200,7671.314
12201,7572.8945
12202,5066.1064
12203,6260.602
12204,7944.6436
12205,5163.5386
12206,6698.8037
12207,8467.982
12208,7420.858
12209,7438.283
12210,8160.2417
12211,8932.442
12212,8315.686
12213,12076.371
12214,9528.827
12215,7231.411
12216,4376.4014
12217,6886.7886
12218,7556.0474
12219,6412.944
12220,4730.9443
12221,10974.021
12222,7276.9663
12223,12305.3955
12224,8384.464
12225,6214.778
12226,5716.3374
12227,5966.7437
12228,12032.958
12229,5287.999
12230,9554.691
12231,24310.373
12232,8809.548
12233,6987.9863
12234,6259.2046
12235,5390.1963
12236,8054.851
12237,4744.176
12238,6814.3774
12239,13914.971
12240,5627.7305
12241,14594.987
12242,19015.87
12243,6251.383
12244,8114.2563
12245,6573.919
12246,8755.52
12247,6583.633
12248,11320.105
12249,8164.142
12250,12470.175
12251,4420.7124
12252,9013.454
12253,6028.993
12254,8830.992
12255,7692.731
12256,7064.452
12257,7767.211
12258,5415.2627
12259,10213.715
12260,12316.115
12261,7334.9717
12262,13340.647
12263,8040.3594
12264,10712.252
12265,6653.732
12266,5372.4263
12267,6741.7695
12268,12040.19
12269,7651.496
12270,9440.519
12271,7707.383
12272,10645.926
12273,5307.4795
12274,11074.434
12275,8378.8125
12276,4347.513
12277,19147.19
12278,25423.701
12279,7109.376
12280,8175.3003
12281,10687.546
12282,12405.394
12283,14613.331
12284,5886.7812
12285,8114.6514
12286,7130.5776
12287,10134.213
12288,4577.3125
12289,6574.4834
12290,6510.1973
12291,5857.7505
12292,9249.13
12293,6167.677
12294,5206.7705
12295,8512.423
12296,4474.52
12297,5598.4336
12298,7362.7144
12299,6763.436
12300,11429.58
12301,9183.449
12302,6992.507
12303,7753.199
12304,7859.687
12305,15299.972
12306,7696.6353
12307,5784.405
12308,4676.4043
12309,12395.057
12310,5628.09
12311,8190.582
12312,3632.083
12313,5816.339
12314,8280.908
12315,6309.953
12316,4724.0854
12317,8761.074
12318,11486.746
12319,16155.578
12320,7774.808
12321,10172.96
12322,3736.761
12323,6015.879
12324,7647.797
12325,5104.1733
12326,11508.8545
12327,5426.737
12328,6680.7397
12329,10116.482
12330,12766.492
12331,10607.341
12332,6350.528
12333,6425.649
12334,10899.044
12335,9393.141
12336,6813.5063
12337,4803.665
12338,8677.165
12339,12115.423
12340,5225.259
12341,6793.2344
12342,9849.009
12343,9049.356
12344,16598.832
12345,8058.9243
12346,15555.756
12347,7083.0063
12348,6235.09
12349,4072.7095
12350,7616.27
12351,6169.3594
12352,6126.2476
12353,10766.364
12354,4915.6255
12355,5198.6167
12356,9117.139
12357,4721.2563
12358,8189.895
12359,7928.603
12360,8345.529
12361,10229.801
12362,6361.9136
12363,11020.97
12364,6717.333
12365,5970.8315
12366,5626.85
12367,4604.0107
12368,13140.144
12369,7506.5474
12370,5475.273
12371,8078.726
12372,9938.607
12373,8635.627
12374,6694.4478
12375,9700.701
12376,6713.016
12377,4831.3423
12378,5046.9536
12379,9325.219
12380,6941.227
12381,7626.927
12382,6090.997
12383,6248.062
12384,5775.859
12385,6116.8706
12386,8824.476
12387,10060.338
12388,12933.498
12389,11796.06
12390,10419.494
12391,10751.813
12392,6427.8984
12393,14059.096
12394,13023.959
12395,7964.8486
12396,10260.796
12397,9505.571
12398,7463.1206
12399,4785.23
12400,13153.937
12401,6492.877
12402,8439.608
12403,6010.103
12404,2870.115
12405,13623.627
12406,6042.6777
12407,5263.196
12408,6139.3394
12409,6129.515
12410,8588.348
12411,8508.161
12412,8511.871
12413,6752.5684
12414,4550.695
12415,4806.823
12416,4269.5137
12417,8112.0977
12418,19981.568
12419,5080.537
12420,6570.728
12421,7989.668
12422,6555.385
12423,5041.3433
12424,6122.8477
12425,4712.5728
12426,8247.747
12427,7891.454
12428,3896.3313
12429,11216.792
12430,5446.681
12431,6262.155
12432,15401.842
12433,8486.328
12434,13518.812
12435,6524.2334
12436,6939.01
12437,5484.7866
12438,6355.606
12439,24141.318
12440,10851.477
12441,8188.895
12442,6011.932
12443,5893.849
12444,7018.205
12445,5122.317
12446,13311.415
12447,6502.105
12448,5360.627
12449,8876.398
12450,5267.0273
12451,7307.096
12452,8665.503
12453,6804.849
12454,8638.823
12455,4759.2515
12456,5724.5
12457,6636.3525
12458,11338.421
12459,9288.328
12460,8796.719
12461,4524.047
12462,8120.9614
12463,7177.2705
12464,5981.645
12465,8060.0464
12466,8116.0986
12467,6897.5435
12468,7673.1143
12469,6973.365
12470,5821.917
12471,6318.885
12472,10022.184
12473,6325.7656
12474,6535.6313
12475,9511.066
12476,6266.032
12477,5443.482
12478,13484.468
12479,6025.9575
12480,3740.192
12481,9927.599
12482,8611.38
12483,13464.831
12484,5016.6675
12485,7953.105
12486,6145.2036
12487,8898.938
12488,6481.473
12489,9373.872
12490,3744.665
12491,6029.8213
12492,6793.3447
12493,5961.3965
12494,5428.5796
12495,8217.383
12496,8497.303
12497,7511.016
12498,9223.362
12499,7759.8506
12500,11112.195
12501,4476.317
12502,6995.889
12503,7153.071
12504,9290.153
12505,9510.677
12506,4321.4526
12507,8710.781
12508,6973.0127
12509,8165.131
12510,6155.7754
12511,5097.7114
12512,8510.117
12513,6713.4517
12514,10815.014
12515,7593.436
12516,6536.803
12517,9534.891
12518,7512.3774
12519,7033.5044
12520,8207.216
12521,6669.8203
12522,12393.0
12523,12332.23
12524,9619.687
12525,5499.6016
12526,5546.895
12527,4625.298
12528,3817.2341
12529,8859.187
12530,5309.16
12531,10613.595
12532,4448.691
12533,5584.7104
12534,6199.065
12535,10648.414
12536,5971.8794
12537,5295.2773
12538,6000.022
12539,5463.097
12540,5176.489
12541,9542.396
12542,9866.28
12543,8897.775
12544,9503.903
12545,7702.0625
12546,7554.138
12547,5277.654
12548,6134.0596
12549,11849.293
12550,10378.918
12551,11325.105
12552,17181.637
12553,5855.348
12554,4397.9746
12555,7297.5054
12556,10395.512
12557,9985.345
12558,9277.738
12559,9783.658
12560,9548.15
12561,7739.4644
12562,7541.604
12563,6517.852
12564,5733.38
12565,4688.647
12566,4693.753
12567,5788.9307
12568,9003.934
12569,22944.09
12570,8222.7295
12571,6190.804
12572,8415.093
12573,4991.3364
12574,8420.9375
12575,5040.636
12576,10252.5205
12577,6406.3105
12578,8329.99
12579,19687.29
12580,11839.126
12581,5948.134
12582,7912.9873
12583,5011.3013
12584,5723.8174
12585,6883.131
12586,8142.1426
12587,5222.3438
12588,5044.388
12589,5659.086
12590,5793.648
12591,7856.112
12592,8150.775
12593,4533.4727
12594,8914.492
12595,11034.548
12596,7090.448
12597,5666.07
12598,4910.208
12599,9221.832
12600,4880.1562
12601,12123.167
12602,5516.95
12603,6727.6245
12604,9156.109
12605,6388.4316
12606,4568.6055
12607,4925.214
12608,6743.8145
12609,13123.011
12610,12368.356
12611,6987.2866
12612,5338.746
12613,7409.443
12614,10185.134
12615,5037.2285
12616,6465.0186
12617,7743.688
12618,12768.197
12619,9895.892
12620,8335.736
12621,8078.0093
12622,4924.157
12623,10729.205
12624,6234.2217
12625,17067.133
12626,7567.0244
12627,6133.059
12628,6327.2983
12629,4304.0137
12630,7258.4507
12631,24282.059
12632,4407.731
12633,5942.7183
12634,10866.515
12635,6831.245
12636,8782.459
12637,9431.591
12638,7031.7334
12639,4660.951
12640,4258.7554
12641,12359.571
12642,7384.6294
12643,9736.286
12644,9327.39
12645,5042.339
12646,7284.744
12647,7862.7236
12648,4299.7295
12649,10945.547
12650,11138.021
12651,5101.345
12652,9473.423
12653,7927.295
12654,6979.2607
12655,12342.69
12656,8151.3115
12657,8456.957
12658,5364.228
12659,5494.594
12660,9426.698
12661,3888.649
12662,9859.573
12663,4701.312
12664,7491.2983
12665,5389.158
12666,5747.2544
12667,6961.496
12668,8150.0366
12669,7176.9214
12670,10461.416
12671,6297.771
12672,8633.23
12673,6138.5605
12674,10522.538
12675,12750.916
12676,9830.211
12677,3731.5461
12678,6306.499
12679,9085.1
12680,3981.254
12681,12168.252
12682,5545.382
12683,7878.3833
12684,14442.242
12685,8218.856
12686,4271.8604
12687,10160.141
12688,12817.159
12689,7171.1733
12690,11499.561
12691,10458.243
12692,6053.6445
12693,6776.105
12694,8054.2905
12695,5874.951
12696,6316.342
12697,9037.497
12698,5215.454
12699,8378.685
12700,8573.828
12701,7615.6016
12702,8513.211
12703,7896.6567
12704,8326.583
12705,6373.125
12706,7708.89
12707,7929.0645
12708,8573.461
12709,8109.065
12710,8652.686
12711,12459.57
12712,6976.199
12713,5240.6875
12714,7476.7363
12715,8290.589
12716,7881.9307
12717,5664.5186
12718,5247.23
12719,9379.774
12720,7390.8726
12721,7753.111
12722,9048.632
12723,5591.1064
12724,7716.0327
12725,5573.5347
12726,3515.7205
12727,8072.133
12728,7440.029
12729,7192.148
12730,11278.034
12731,9904.56
12732,5505.9106
12733,9079.426
12734,4836.331
12735,3433.2896
12736,7754.2866
12737,13893.117
12738,8726.365
12739,8282.732
12740,4642.218
12741,7818.4297
12742,10394.431
12743,6939.5723
12744,9320.382
12745,5480.8643
12746,6144.928
12747,5414.2866
12748,6904.6655
12749,5905.768
12750,5758.9814
12751,5527.775
12752,5379.6157
12753,6684.526
12754,7984.023
12755,5285.9062
12756,7574.079
12757,9106.511
12758,7611.426
12759,4863.394
12760,11738.362
12761,8341.319
12762,5355.2305
12763,4027.9302
12764,11810.019
12765,7321.139
12766,5750.5225
12767,8608.0625
12768,10555.84
12769,8433.412
12770,7477.8057
12771,9631.107
12772,10233.284
12773,15448.609
12774,5938.1514
12775,5807.8623
12776,5700.498
12777,7746.5913
12778,5573.62
12779,9880.405
12780,10319.771
12781,5762.19
12782,4513.538
12783,6398.2803
12784,12645.287
12785,5579.9873
12786,9177.232
12787,4008.0112
12788,7968.7544
12789,9446.697
12790,7931.916
12791,9579.091
12792,8106.2734
12793,4504.742
12794,7631.846
12795,8217.069
12796,10355.138
12797,8165.886
12798,9766.243
12799,7378.912
12800,5560.6895
12801,12070.245
12802,4431.318
12803,11779.387
12804,5793.4824
12805,5156.1313
12806,8307.164
12807,7414.731
12808,8102.3003
12809,9849.544
12810,4603.7075
12811,5299.658
12812,8759.921
12813,9114.096
12814,11564.001
12815,6584.9453
12816,7129.7617
12817,6425.042
12818,7793.28
12819,5819.9683
12820,12455.97
12821,11544.22
12822,15774.4795
12823,4446.235
12824,6672.385
12825,12087.445
12826,14639.725
12827,5788.837
12828,13058.574
12829,6689.5264
12830,6679.873
12831,5175.7383
12832,5191.6
12833,6712.709
12834,6752.1045
12835,4379.617
12836,5553.8306
12837,9918.248
12838,8695.582
12839,27859.424
12840,7880.8257
12841,4517.027
12842,8341.169
12843,14140.143
12844,8924.744
12845,9397.989
12846,7027.0
12847,9953.425
12848,10267.346
12849,5309.378
12850,6474.4727
12851,8286.162
12852,10000.069
12853,7923.236
12854,8590.3545
12855,6161.838
12856,5066.464
12857,6542.3613
12858,12500.385
12859,12423.178
12860,12304.069
12861,9288.798
12862,4928.2876
12863,7337.092
12864,4935.97
12865,10212.74
12866,12450.97
12867,11519.737
12868,7284.5703
12869,5847.5566
12870,5625.675
12871,4991.0366
12872,12220.985
12873,7305.124
12874,6314.125
12875,5001.3306
12876,9468.364
12877,4372.6626
12878,9451.69
12879,5232.1465
12880,7504.0845
12881,6319.397
12882,8039.7
12883,9756.226
12884,7676.13
12885,6564.282
12886,8123.262
12887,8404.12
12888,12752.096
12889,7387.701
12890,10825.623
12891,11178.536
12892,10211.318
12893,7643.378
12894,10090.888
12895,4717.2812
12896,6133.9893
12897,7280.5347
12898,8421.757
12899,9633.128
12900,9611.497
12901,7254.367
12902,9844.971
12903,7720.8477
12904,9996.522
12905,4486.1787
12906,16385.61
12907,5464.9214
12908,6231.7363
12909,11177.172
12910,5211.153
12911,6584.085
12912,6816.9844
12913,8421.227
12914,6313.4023
12915,4942.7026
12916,8019.9634
12917,9243.936
12918,8478.286
12919,6259.8975
12920,9614.385
12921,13601.79
12922,8847.913
12923,6748.7886
12924,7929.745
12925,7796.804
12926,5717.112
12927,7545.36
12928,4543.707
12929,10755.178
12930,7848.929
12931,8290.921
12932,12086.546
12933,5409.5063
12934,5817.149
12935,5465.4165
12936,10142.326
12937,8643.464
12938,5339.3423
12939,5380.698
12940,7000.4814
12941,6915.092
12942,6001.5273
12943,7382.5024
12944,6924.1206
12945,9582.791
12946,5975.9824
12947,5373.9277
12948,7740.808
12949,7926.675
12950,8762.796
12951,9283.819
12952,9462.243
12953,5403.05
12954,10956.18
12955,6965.9062
12956,6926.552
12957,10376.602
12958,6751.1323
12959,12989.584
12960,10160.722
12961,8045.292
12962,6464.402
12963,9219.766
12964,9096.952
12965,7352.139
12966,4369.7563
12967,6745.442
12968,10211.767
12969,6418.1577
12970,5242.3975
12971,9917.065
12972,7100.83
12973,6084.2266
12974,7143.614
12975,6355.7754
12976,9063.791
12977,9059.366
12978,6718.307
12979,6360.3604
12980,5429.8276
12981,7585.8203
12982,4091.1582
12983,8963.524
12984,6798.997
12985,10462.334
12986,8339.172
12987,6979.227
12988,14341.821
12989,6562.273
12990,5973.6855
12991,13729.19
12992,8090.254
12993,9865.405
12994,9735.599
12995,5936.5146
12996,7640.9214
12997,5787.926
12998,9033.446
12999,15408.203
13000,8618.965
13001,3604.3018
13002,6276.8174
13003,10065.214
13004,10520.029
13005,6683.627
13006,7241.447
13007,5783.1797
13008,5253.335
13009,4025.1494
13010,5979.928
13011,8014.5874
13012,8465.898
13013,7946.546
13014,7493.928
13015,8656.449
13016,10569.066
13017,9639.938
13018,5046.1445
13019,13185.791
13020,11911.772
13021,6124.1855
13022,8635.273
13023,6267.9033
13024,7948.744
13025,4150.826
13026,7749.8945
13027,5951.6074
13028,12647.023
13029,8527.302
13030,9769.215
13031,10835.013
13032,6932.9365
13033,10860.257
13034,26344.389
13035,10584.501
13036,6620.433
13037,3818.2793
13038,6474.559
13039,10132.792
13040,5719.1567
13041,11757.724
13042,22208.3
13043,4150.8936
13044,6842.129
13045,12172.129
13046,5213.629
13047,9577.154
13048,7075.2817
13049,9389.298
13050,4053.211
13051,6422.0522
13052,6491.273
13053,9855.634
13054,10086.192
13055,7133.0537
13056,7699.3887
13057,7827.6
13058,5112.2666
13059,6433.1367
13060,8112.647
13061,5251.316
13062,6724.16
13063,8805.76
13064,7716.9824
13065,7705.8394
13066,8505.922
13067,9327.665
13068,8378.364
13069,12667.449
13070,9855.437
13071,7444.6074
13072,4384.349
13073,7129.2515
13074,7840.5864
13075,6529.1826
13076,4889.475
13077,11370.074
13078,7366.023
13079,12814.8125
13080,8641.931
13081,6238.588
13082,5959.8726
13083,6041.8193
13084,12097.871
13085,5332.273
13086,9863.787
13087,24821.053
13088,8908.5
13089,7355.8354
13090,6300.3784
13091,5630.372
13092,8310.429
13093,4913.5815
13094,7089.468
13095,14324.16
13096,5626.077
13097,14139.94
13098,19681.62
13099,6225.059
13100,8436.791
13101,6814.371
13102,9022.141
13103,6808.524
13104,11450.453
13105,8113.8696
13106,12885.873
13107,4605.2627
13108,9326.838
13109,5990.044
13110,9088.245
13111,7761.0938
13112,7293.4
13113,7771.153
13114,5293.3433
13115,10337.109
13116,12690.582
13117,7384.059
13118,13789.161
13119,8121.5967
13120,11000.858
13121,6857.2534
13122,5643.551
13123,6822.2725
13124,12358.77
13125,7679.623
13126,9453.259
13127,7826.286
13128,10756.307
13129,5254.733
13130,11534.513
13131,8675.427
13132,4361.9897
13133,19767.25
13134,26073.537
13135,7198.153
13136,8280.75
13137,10913.534
13138,12830.956
13139,15048.077
13140,6240.522
13141,8457.562
13142,7200.6113
13143,10230.025
13144,4770.309
13145,6908.4795
13146,6601.453
13147,6062.497
13148,9590.381
13149,6438.1147
13150,5456.1763
13151,8581.339
13152,4663.2236
13153,5775.2256
13154,7455.7925
13155,6902.769
13156,11528.508
13157,9286.601
13158,7297.4634
13159,7762.982
13160,7904.26
13161,15720.757
13162,8019.5425
13163,6083.6577
13164,4715.347
13165,12580.987
13166,5772.725
13167,8289.142
13168,3706.9805
13169,6071.2466
13170,8681.768
13171,6345.8716
13172,4621.8667
13173,8828.002
13174,11671.503
13175,16660.242
13176,8020.101
13177,10469.671
13178,3909.0112
13179,6142.1216
13180,7747.7437
13181,5257.345
13182,11868.057
13183,5714.053
13184,6860.786
13185,10499.42
13186,13319.187
13187,10761.725
13188,6577.475
13189,6833.826
13190,11854.38
13191,9458.544
13192,7096.016
13193,4724.45
13194,8888.92
13195,12666.458
13196,5242.8325
13197,7111.6343
13198,9880.547
13199,9432.886
13200,17233.15
13201,8160.818
13202,16135.744
13203,7274.815
13204,6301.6226
13205,4273.1157
13206,7852.2764
13207,6271.384
13208,6273.5854
13209,11035.495
13210,4926.7456
13211,5454.1104
13212,9196.404
13213,4827.956
13214,8467.716
13215,7978.253
13216,8718.361
13217,10378.1455
13218,6445.033
13219,11361.218
13220,6935.0464
13221,6150.2935
13222,5566.033
13223,4763.507
13224,13779.932
13225,7742.772
13226,5799.653
13227,8426.24
13228,10247.603
13229,8956.491
13230,6968.0327
13231,10078.9795
13232,6908.6245
13233,4706.8354
13234,5159.585
13235,9392.379
13236,7264.2754
13237,7822.8755
13238,6188.5312
13239,6314.9204
13240,5944.9634
13241,6052.9863
13242,8923.748
13243,10636.071
13244,13111.151
13245,12211.839
13246,10461.904
13247,11195.352
13248,6602.278
13249,14573.524
13250,13507.16
13251,8166.4316
13252,10637.979
13253,9881.574
13254,7769.4854
13255,4980.674
13256,13637.967
13257,6569.481
13258,8786.137
13259,6205.046
13260,2931.7168
13261,14175.993
13262,6040.569
13263,5267.6353
13264,6328.5537
13265,6201.1587
13266,8867.707
13267,8912.409
13268,8717.896
13269,6870.478
13270,4589.786
13271,5025.293
13272,4410.856
13273,8218.339
13274,19465.041
13275,5291.965
13276,6584.9956
13277,8298.064
13278,6810.8037
13279,5167.8647
13280,6127.7964
13281,4932.2236
13282,8259.492
13283,7893.381
13284,4044.5168
13285,11438.904
13286,5790.913
13287,6456.0464
13288,15942.666
13289,8556.991
13290,13939.837
13291,6923.6587
13292,7218.084
13293,5579.8276
13294,6487.033
13295,24787.154
13296,11032.148
13297,8196.6
13298,6326.3027
13299,5879.6206
13300,7275.6753
13301,5362.499
13302,13880.164
13303,6754.971
13304,5503.5317
13305,8904.219
13306,5273.784
13307,7567.5586
13308,9041.636
13309,6882.5923
13310,8684.6
13311,4965.172
13312,5857.6387
13313,6758.548
13314,11546.246
13315,9587.052
13316,8818.484
13317,4799.7217
13318,8148.0703
13319,7408.4043
13320,6189.228
13321,8373.076
13322,8427.51
13323,7185.8325
13324,7833.254
13325,7193.987
13326,5881.3203
13327,6364.784
13328,10290.512
13329,6283.6763
13330,6785.062
13331,9751.807
13332,6282.61
13333,5721.1704
13334,13707.235
13335,6241.028
13336,3780.8748
13337,10347.16
13338,8824.871
13339,14232.133
13340,5236.57
13341,8185.7637
13342,6343.6807
13343,9178.878
13344,6566.6055
13345,9520.106
13346,3786.556
13347,6169.1357
13348,6962.944
13349,6078.5244
13350,5677.658
13351,8293.088
13352,8767.846
13353,7729.218
13354,9657.285
13355,7926.123
13356,11252.398
13357,4395.0054
13358,7520.579
13359,7437.1626
13360,9399.656
13361,9871.759
13362,4551.7544
13363,8487.138
13364,7207.015
13365,8322.739
13366,6272.664
13367,5267.2437
13368,8628.597
13369,7056.1553
13370,10993.769
13371,7622.6943
13372,6793.526
13373,9659.847
13374,7822.0176
13375,7229.6455
13376,8490.684
13377,7069.5547
13378,12787.843
13379,12606.091
13380,9995.53
13381,5704.8335
13382,5638.514
13383,4830.739
13384,3972.4604
13385,9225.914
13386,5286.3096
13387,11063.855
13388,4485.1733
13389,5554.4927
13390,6429.358
13391,11024.66
13392,5903.442
13393,5325.797
13394,6137.641
13395,5667.4316
13396,5312.5747
13397,9894.966
13398,10123.084
13399,9239.185
13400,9643.074
13401,7800.9473
13402,7544.583
13403,5458.045
13404,6102.9595
13405,12049.347
13406,10700.244
13407,12008.32
13408,16858.055
13409,6130.8774
13410,4483.77
13411,7630.0264
13412,10485.29
13413,10124.388
13414,9376.778
13415,9948.043
13416,9687.138
13417,7999.283
13418,7586.667
13419,6587.854
13420,6027.475
13421,4666.2314
13422,4874.6616
13423,6110.619
13424,9109.143
13425,23738.914
13426,8523.691
13427,6356.194
13428,8820.772
13429,5022.418
13430,8443.674
13431,5103.589
13432,10568.079
13433,6441.635
13434,8607.783
13435,20140.406
13436,11408.822
13437,6229.104
13438,8290.921
13439,5073.573
13440,5932.722
13441,7106.298
13442,8179.2783
13443,5329.7607
13444,4989.8135
13445,5874.503
13446,5875.2144
13447,8168.122
13448,8248.021
13449,4597.9585
13450,8925.34
13451,11404.6875
13452,7107.708
13453,5769.813
13454,5004.06
13455,9587.573
13456,5031.8403
13457,12556.474
13458,5614.1924
13459,6763.965
13460,9542.333
13461,6475.0347
13462,4641.5273
13463,4844.619
13464,7008.345
13465,13561.789
13466,12848.811
13467,7006.7544
13468,5519.477
13469,7693.377
13470,10328.388
13471,5159.27
13472,6616.721
13473,7994.127
13474,13239.094
13475,10214.571
13476,8587.046
13477,8368.797
13478,5093.313
13479,11119.446
13480,6430.934
13481,17647.299
13482,7769.152
13483,6147.93
13484,6522.28
13485,4349.1016
13486,7590.3003
13487,24690.396
13488,4639.783
13489,5928.1343
13490,11252.677
13491,6963.3555
13492,9147.563
13493,9723.238
13494,7115.495
13495,4654.2734
13496,4371.837
13497,12863.083
13498,7783.237
13499,10022.288
13500,9487.628
13501,5202.923
13502,7424.986
13503,7945.515
13504,4368.9478
13505,11318.465
13506,11659.543
13507,5378.543
13508,9603.47
13509,8049.3906
13510,7015.5015
13511,12457.883
13512,8152.641
13513,8694.164
13514,5492.5293
13515,5570.171
13516,9714.951
13517,3951.7524
13518,10223.051
13519,4963.439
13520,7725.002
13521,5615.1514
13522,5793.217
13523,7173.848
13524,8455.626
13525,7177.332
13526,10534.276
13527,6523.605
13528,8968.22
13529,6395.486
13530,10931.838
13531,13201.432
13532,10134.339
13533,3782.9888
13534,6500.468
13535,9375.794
13536,4111.1216
13537,12376.546
13538,5611.9062
13539,8172.47
13540,14972.476
13541,8505.232
13542,4460.4316
13543,10828.958
13544,13209.454
13545,7270.0493
13546,11981.813
13547,10624.057
13548,6081.7373
13549,7002.7188
13550,8404.857
13551,6328.137
13552,6535.6377
13553,9095.053
13554,5458.7944
13555,8596.699
13556,8636.731
13557,7937.3047
13558,8666.479
13559,8133.589
13560,8589.126
13561,6489.026
13562,8012.5547
13563,8243.366
13564,8847.213
13565,8359.702
13566,8775.91
13567,12991.257
13568,7099.787
13569,5451.1924
13570,7513.352
13571,8333.662
13572,8163.706
13573,5789.1514
13574,5476.7095
13575,9751.834
13576,7229.0386
13577,8328.473
13578,9180.279
13579,5621.0728
13580,7991.497
13581,5599.5283
13582,3695.2095
13583,8269.393
13584,7504.328
13585,7382.1504
13586,11844.841
13587,10227.371
13588,5710.9526
13589,9421.674
13590,4968.891
13591,3592.1165
13592,7893.599
13593,14439.006
13594,9041.17
13595,8639.92
13596,4881.7437
13597,8093.9043
13598,10749.599
13599,7114.6875
13600,9567.559
13601,5719.9043
13602,6333.5356
13603,5653.6045
13604,7098.0674
13605,6123.3735
13606,6080.0146
13607,5552.4214
13608,5631.5806
13609,6897.4907
13610,8360.412
13611,5364.6885
13612,7831.715
13613,9248.918
13614,7861.8013
13615,5044.2197
13616,11901.212
13617,8679.523
13618,5339.23
13619,4238.1035
13620,12360.538
13621,7319.512
13622,5836.8853
13623,8781.194
13624,10925.313
13625,8736.158
13626,7601.2544
13627,10005.966
13628,10413.384
13629,16191.473
13630,6234.376
13631,5904.8726
13632,5686.8936
13633,8039.401
13634,5584.7314
13635,10185.328
13636,10639.5205
13637,5909.036
13638,4724.924
13639,6571.524
13640,13379.166
13641,5800.582
13642,9281.182
13643,4170.0503
13644,7959.373
13645,9725.892
13646,8275.508
13647,9987.602
13648,8461.571
13649,4498.486
13650,7693.7583
13651,8530.353
13652,10497.828
13653,8504.948
13654,9854.2705
13655,7600.2686
13656,5714.9907
13657,12526.904
13658,4632.3447
13659,12151.934
13660,5797.507
13661,5147.0947
13662,8590.658
13663,7675.3833
13664,8488.223
13665,10170.932
13666,4810.4927
13667,5506.22
13668,8923.229
13669,9419.886
13670,11983.082
13671,6598.104
13672,7404.448
13673,6810.9985
13674,7938.2886
13675,6078.5825
13676,12586.509
13677,11878.441
13678,16322.16
13679,4447.329
13680,6869.0103
13681,11844.367
13682,15285.488
13683,6082.7236
13684,13215.503
13685,6924.1143
13686,6779.292
13687,5245.2285
13688,5287.0254
13689,6959.3447
13690,7082.5874
13691,4484.0054
13692,5843.754
13693,10109.625
13694,8933.465
13695,28621.941
13696,7916.573
13697,4827.7124
13698,9075.686
13699,15466.33
13700,9911.477
13701,10238.762
13702,7611.0557
13703,10910.568
13704,11254.952
13705,5825.022
13706,7137.2324
13707,8909.944
13708,10751.793
13709,8626.07
13710,9133.885
13711,6584.449
13712,5512.4424
13713,6948.043
13714,13543.099
13715,13185.904
13716,13399.611
13717,9957.299
13718,5412.5254
13719,7850.629
13720,5504.1567
13721,11047.891
13722,13217.495
13723,12326.104
13724,7801.2075
13725,6575.587
13726,6158.2065
13727,5247.215
13728,13229.678
13729,7800.017
13730,6624.387
13731,5377.035
13732,10349.51
13733,4802.4785
13734,9909.7
13735,5498.353
13736,8054.5825
13737,6720.7427
13738,8780.616
13739,10240.246
13740,8291.799
13741,7078.812
13742,8969.537
13743,9172.025
13744,13531.259
13745,7729.4756
13746,11660.866
13747,12148.863
13748,10940.851
13749,8205.971
13750,10863.406
13751,5194.121
13752,6721.0054
13753,8010.8735
13754,8970.666
13755,10190.235
13756,10193.687
13757,7904.946
13758,10378.116
13759,8304.288
13760,10775.035
13761,4909.7256
13762,17651.035
13763,6043.6465
13764,6750.617
13765,12150.172
13766,5556.0874
13767,7124.391
13768,7442.456
13769,8927.323
13770,6575.311
13771,5279.3706
13772,8459.676
13773,9951.326
13774,9248.618
13775,6711.6973
13776,10384.036
13777,14369.561
13778,9653.759
13779,7304.476
13780,8377.246
13781,8446.969
13782,5963.882
13783,7904.6294
13784,5009.055
13785,11612.576
13786,8578.033
13787,8890.039
13788,13834.515
13789,5952.453
13790,6304.5327
13791,5814.436
13792,10773.072
13793,9353.885
13794,5758.47
13795,5791.2227
13796,7416.598
13797,7317.0273
13798,6585.435
13799,7983.2466
13800,7555.781
13801,10318.521
13802,6358.947
13803,5877.344
13804,8214.099
13805,8538.59
13806,9766.653
13807,9852.278
13808,10045.5625
13809,5738.8784
13810,11712.719
13811,7734.0776
13812,7642.831
13813,10899.699
13814,7170.572
13815,14079.572
13816,10794.949
13817,8571.515
13818,6740.8564
13819,10001.567
13820,9641.383
13821,8068.43
13822,4753.6025
13823,7350.6597
13824,11087.655
13825,6978.7812
13826,5765.8022
13827,10815.54
13828,7669.141
13829,6514.129
13830,7704.619
13831,7060.437
13832,9855.868
13833,9724.564
13834,7330.9565
13835,6770.0127
13836,5922.2227
13837,8132.596
13838,4398.3228
13839,9787.728
13840,7374.17
13841,11088.617
13842,9012.817
13843,7528.057
13844,15043.141
13845,7166.0728
13846,6238.362
13847,14836.213
13848,8741.426
13849,10315.864
13850,10602.011
13851,6154.2725
13852,8087.3066
13853,6235.625
13854,9865.038
13855,16709.078
13856,9165.03
13857,3815.2466
13858,6793.9536
13859,10695.847
13860,11149.915
13861,7344.6885
13862,7831.812
13863,6246.4595
13864,5769.593
13865,4433.157
13866,6569.688
13867,8565.712
13868,8821.471
13869,8643.431
13870,8216.912
13871,9238.039
13872,11004.563
13873,10373.604
13874,5405.617
13875,14180.754
13876,12784.172
13877,6658.195
13878,9479.352
13879,6763.1265
13880,8545.491
13881,4339.1562
13882,8630.638
13883,6396.6816
13884,13487.439
13885,9174.7295
13886,10583.704
13887,11812.215
13888,7369.0654
13889,11843.327
13890,27823.684
13891,11290.002
13892,7348.262
13893,3991.9705
13894,6952.757
13895,10971.959
13896,6092.229
13897,11850.966
13898,23027.414
13899,4398.2305
13900,7459.477
13901,13009.198
13902,5648.3003
13903,10444.8955
13904,7686.856
13905,10180.812
13906,4117.633
13907,6823.574
13908,6970.08
13909,10752.818
13910,10696.336
13911,7318.165
13912,8267.665
13913,8432.552
13914,5404.8438
13915,6936.773
13916,8632.21
13917,5595.2783
13918,7104.509
13919,9676.556
13920,8434.023
13921,8342.195
13922,9309.392
13923,10136.437
13924,8844.386
13925,14059.9
13926,10623.743
13927,8126.486
13928,4610.049
13929,7826.413
13930,8544.293
13931,7009.007
13932,5280.232
13933,12345.61
13934,7911.976
13935,13851.996
13936,9326.375
13937,6579.1
13938,6612.0522
13939,6508.142
13940,12854.24
13941,5627.634
13942,10785.224
13943,26164.11
13944,9461.675
13945,8174.162
13946,6655.75
13947,6215.1274
13948,9099.27
13949,5347.186
13950,7626.6797
13951,15468.381
13952,5924.5225
13953,14196.505
13954,20831.393
13955,6543.8525
13956,9147.765
13957,7315.925
13958,9843.787
13959,7427.139
13960,11981.253
13961,8524.594
13962,13987.021
13963,5007.03
13964,10101.48
13965,6193.267
13966,9747.511
13967,8194.849
13968,7986.4067
13969,8291.482
13970,5455.864
13971,11041.212
13972,13784.361
13973,7828.9067
13974,14945.154
13975,8589.561
13976,11793.292
13977,7294.666
13978,6215.222
13979,7395.2446
13980,13261.134
13981,8121.163
13982,9945.747
13983,8412.356
13984,11430.791
13985,5398.604
13986,12738.117
13987,9416.544
13988,4578.0283
13989,21222.734
13990,26825.193
13991,7665.697
13992,8830.419
13993,11689.974
13994,13921.582
13995,16244.774
13996,7005.879
13997,9292.635
13998,7678.6416
13999,10815.169
14000,5232.341
14001,7643.4727
14002,7150.6694
14003,6560.7456
14004,10472.237
14005,6961.8345
14006,6042.9087
14007,9116.766
14008,5113.525
14009,6246.7573
14010,7952.7485
14011,7426.0903
14012,12153.707
14013,9781.074
14014,7938.0615
14015,8160.281
14016,8330.753
14017,16896.959
14018,8754.65
14019,6789.49
14020,4981.187
14021,13479.993
14022,6274.908
14023,8817.089
14024,3975.436
14025,6683.5312
14026,9461.675
14027,6684.6533
14028,4728.3594
14029,9325.353
14030,12470.579
14031,18021.4
14032,8617.797
14033,11213.797
14034,4300.341
14035,6586.0254
14036,8314.155
14037,5678.0156
14038,12846.458
14039,6407.301
14040,7474.1406
14041,11402.621
14042,14314.218
14043,11286.804
14044,7138.3286
14045,7706.9785
14046,13740.901
14047,9954.213
14048,7751.1587
14049,4844.5913
14050,9529.709
14051,14005.482
14052,5476.255
14053,7851.6323
14054,10411.457
14055,10318.453
14056,18609.87
14057,8804.836
14058,17383.5
14059,7841.0654
14060,6777.734
14061,4719.554
14062,8544.733
14063,6674.32
14064,6787.4507
14065,11965.665
14066,5167.3374
14067,6040.517
14068,9909.379
14069,5222.513
14070,9122.993
14071,8358.689
14072,9481.64
14073,11046.71
14074,6780.54
14075,12171.6875
14076,7470.5273
14077,6668.287
14078,5768.129
14079,5144.5864
14080,14903.35
14081,8366.993
14082,6401.2715
14083,9298.361
14084,11041.665
14085,9731.44
14086,7593.45
14087,10945.725
14088,7477.0356
14089,4810.6396
14090,5518.45
14091,10026.199
14092,7976.3965
14093,8414.94
14094,6565.7163
14095,6820.9062
14096,6486.594
14097,6246.912
14098,9395.497
14099,11819.664
14100,13975.753
14101,13169.0
14102,11200.734
14103,12190.625
14104,7172.877
14105,15726.125
14106,14376.689
14107,8709.519
14108,11611.79
14109,10843.8
14110,8439.52
14111,5504.0674
14112,14554.647
14113,6967.169
14114,9656.098
14115,6696.7915
14116,3124.8708
14117,15469.797
14118,6325.5303
14119,5547.821
14120,6900.794
14121,6632.328
14122,9699.222
14123,9727.496
14124,9266.843
14125,7448.8193
14126,4847.9565
14127,5534.502
14128,4815.832
14129,8788.844
14130,19888.844
14131,5817.3706
14132,6936.3164
14133,9049.201
14134,7496.7163
14135,5629.953
14136,6441.6836
14137,5446.6865
14138,8703.889
14139,8275.516
14140,4379.321
14141,12154.264
14142,6439.1343
14143,7066.6016
14144,17417.936
14145,9048.218
14146,15106.416
14147,7637.2344
14148,7888.903
14149,5962.6646
14150,7098.196
14151,26154.129
14152,11694.078
14153,8762.002
14154,6958.8604
14155,6111.4116
14156,7814.128
14157,5927.094
14158,15318.485
14159,7305.7163
14160,5906.951
14161,9567.813
14162,5525.4766
14163,8238.603
14164,9770.752
14165,7308.8384
14166,9071.004
14167,5463.4775
14168,6282.0166
14169,7181.516
14170,12326.762
14171,10364.218
14172,9288.15
14173,5345.335
14174,8535.064
14175,8080.7217
14176,6789.1665
14177,9137.867
14178,9171.353
14179,7940.848
14180,8401.604
14181,7768.3667
14182,6230.881
14183,6842.429
14184,11176.511
14185,6540.0337
14186,7349.9863
14187,10457.126
14188,6621.589
14189,6344.316
14190,14628.07
14191,6813.396
14192,4030.5593
14193,11434.443
14194,9410.43
14195,15464.25
14196,5714.462
14197,8929.197
14198,6839.5645
14199,9970.07
14200,7052.932
14201,10287.155
14202,4021.1697
14203,6664.2627
14204,7483.057
14205,6543.6343
14206,6217.1255
14207,8829.224
14208,9482.272
14209,8290.288
14210,10528.159
14211,8409.877
14212,12159.644
14213,4499.134
14214,8398.423
14215,8073.9575
14216,9957.137
14217,10854.323
14218,5068.6875
14219,8618.685
14220,7819.414
14221,8906.631
14222,6814.8066
14223,5633.6543
14224,9147.241
14225,7797.6445
14226,11762.85
14227,8048.999
14228,7447.1284
14229,10233.782
14230,8614.346
14231,7822.726
14232,9115.539
14233,7906.8765
14234,13855.999
14235,13564.803
14236,10817.665
14237,6186.2886
14238,6006.0
14239,5314.9062
14240,4353.742
14241,10161.081
14242,5499.628
14243,12123.63
14244,4737.9575
14245,5774.7573
14246,6981.0117
14247,11926.642
14248,6087.3438
14249,5612.3237
14250,6608.1562
14251,6170.195
14252,5723.6646
14253,10879.374
14254,10996.369
14255,10034.12
14256,10337.355
14257,8325.868
14258,8038.435
14259,5926.088
14260,6304.9053
14261,12770.304
14262,11598.109
14263,13386.761
14264,17261.146
14265,6775.7173
14266,4779.3
14267,8430.34
14268,11149.766
14269,10712.018
14270,9955.476
14271,10471.269
14272,10344.526
14273,8624.7295
14274,8027.2334
14275,7020.4346
14276,6587.32
14277,4869.2476
14278,5335.921
14279,6836.0884
14280,9672.265
14281,25340.768
14282,9173.697
14283,6802.5845
14284,9782.856
14285,5261.9507
14286,9014.838
14287,5338.6035
14288,11334.096
14289,6802.6943
14290,9414.774
14291,21432.77
14292,11432.873
14293,6841.8022
14294,9087.8125
14295,5476.109
14296,6458.7935
14297,7784.6475
14298,8605.214
14299,5737.6963
14300,5143.924
14301,6393.6377
14302,6225.76
14303,8952.742
14304,8900.56
14305,4851.6343
14306,9408.509
14307,12399.716
14308,7570.129
14309,6222.109
14310,5375.943
14311,10430.5205
14312,5412.2
14313,13566.912
14314,5984.059
14315,7238.5464
14316,10567.666
14317,6896.195
14318,4925.975
14319,4976.039
14320,7662.809
14321,14516.358
14322,14046.108
14323,7347.554
14324,6060.121
14325,8346.27
14326,10952.168
14327,5566.6597
14328,7117.959
14329,8751.336
14330,14077.826
14331,11169.67
14332,9376.519
14333,9203.389
14334,5501.144
14335,12062.604
14336,6989.6196
14337,19030.293
14338,8416.393
14339,6450.679
14340,7103.628
14341,4587.7725
14342,8342.887
14343,25414.125
14344,5177.96
14345,6230.1616
14346,12166.488
14347,7530.6787
14348,9869.499
14349,10385.265
14350,7623.3633
14351,4854.815
14352,4728.544
14353,13803.279
14354,8525.7
14355,10921.3545
14356,10051.965
14357,5609.327
14358,7874.484
14359,8532.484
14360,4621.942
14361,12375.578
14362,12742.006
14363,5910.248
14364,10260.053
14365,8628.324
14366,7353.275
14367,13138.841
14368,8571.449
14369,9355.0
14370,5920.517
14371,5927.863
14372,10617.665
14373,4224.7915
14374,10967.67
14375,5562.8433
14376,8398.2705
14377,6176.207
14378,6136.09
14379,7803.485
14380,9209.447
14381,7487.5693
14382,11289.861
14383,7053.4033
14384,9810.682
14385,6956.279
14386,11942.43
14387,14037.926
14388,11048.186
14389,4014.7153
14390,7016.0903
14391,10243.577
14392,4417.437
14393,13110.376
14394,5952.907
14395,8939.38
14396,16025.948
14397,9225.483
14398,4890.851
14399,11900.031
14400,14354.192
14401,7864.8613
14402,12902.278
14403,11447.003
14404,6401.65
14405,7632.3413
14406,9250.735
14407,7091.4155
14408,7064.5327
14409,9695.291
14410,6032.053
14411,9165.415
14412,9116.53
14413,8724.967
14414,9382.432
14415,8880.835
14416,9334.794
14417,6837.725
14418,8651.695
14419,8973.918
14420,9678.697
14421,9089.147
14422,9348.577
14423,13964.135
14424,7657.6875
14425,5926.721
14426,7925.7676
14427,8797.0625
14428,8839.638
14429,6264.108
14430,5941.0747
14431,10463.791
14432,7385.193
14433,9234.718
14434,9784.452
14435,5939.573
14436,8730.402
14437,5929.9443
14438,4114.4644
14439,8914.297
14440,7967.736
14441,7995.042
14442,12885.2705
14443,11007.576
14444,6248.861
14445,10230.337
14446,5327.814
14447,3955.1465
14448,8454.433
14449,15416.479
14450,9794.433
14451,9498.122
14452,5382.5513
14453,8848.157
14454,11686.752
14455,7687.3105
14456,10175.269
14457,6322.309
14458,6936.793
14459,6191.241
14460,7689.76
14461,6738.4263
14462,6779.292
14463,5861.931
14464,6175.3057
14465,7410.3403
14466,9225.879
14467,5705.769
14468,8539.315
14469,9991.041
14470,8599.717
14471,5482.098
14472,12934.004
14473,9534.027
14474,5586.7295
14475,4719.766
14476,13472.834
14477,7616.9673
14478,6234.602
14479,9316.995
14480,11794.529
14481,9481.449
14482,8246.268
14483,10795.341
14484,11118.608
14485,17289.732
14486,6910.0415
14487,6371.5083
14488,5955.9116
14489,8747.188
14490,5863.458
14491,11073.673
14492,11534.689
14493,6332.4424
14494,5234.702
14495,7020.7227
14496,14845.498
14497,6383.419
14498,10026.906
14499,4536.354
14500,8326.153
14501,10401.363
14502,9082.942
14503,10860.464
14504,9339.113
14505,4688.3027
14506,8307.75
14507,9279.854
14508,11239.452
14509,9323.094
14510,10376.097
14511,8241.102
14512,6203.821
14513,13560.496
14514,5057.57
14515,13159.784
14516,6093.5596
14517,5338.4155
14518,9259.713
14519,8442.909
14520,9359.186
14521,10991.829
14522,5279.0234
14523,6048.75
14524,9460.276
14525,10133.546
14526,12834.139
14527,6972.0415
14528,8032.3267
14529,7579.2173
14530,8458.005
14531,6708.2285
14532,13430.817
14533,12895.807
14534,17233.217
14535,4647.5923
14536,7422.6846
14537,12030.262
14538,16595.396
14539,6739.892
14540,14228.061
14541,7483.9565
14542,7299.503
14543,5570.0483
14544,5724.8003
14545,7654.8613
14546,7729.1733
14547,4799.639
14548,6493.8433
14549,10794.764
14550,9719.529
14551,30281.84
14552,8349.614
14553,5824.3555
14554,11045.72
14555,18828.08
14556,12311.276
14557,12278.946
14558,9195.193
14559,13499.807
14560,13810.891
14561,6987.84
14562,8721.963
14563,11592.138
14564,13083.944
14565,10398.14
14566,11813.894
14567,8139.65
14568,6705.062
14569,8780.582
14570,16327.392
14571,15452.5
14572,16001.222
14573,12331.678
14574,6578.8994
14575,10125.778
14576,6198.787
14577,13163.462
14578,16658.176
14579,15096.449
14580,9692.221
14581,7791.987
14582,7150.915
14583,6691.9004
14584,15759.352
14585,9686.98
14586,8293.199
14587,6622.1
14588,12779.027
14589,5747.0405
14590,12760.783
14591,6827.819
14592,9839.207
14593,8643.117
14594,10964.145
14595,13238.135
14596,10202.168
14597,8543.16
14598,10947.051
14599,11143.397
14600,17199.457
14601,9569.265
14602,14176.575
14603,14834.218
14604,13724.098
14605,10277.172
14606,12983.59
14607,6260.2676
14608,8226.448
14609,9742.185
14610,11637.101
14611,13402.333
14612,13295.25
14613,9657.341
14614,13055.125
14615,10076.798
14616,12978.872
14617,5871.9595
14618,20990.398
14619,7411.054
14620,8290.944
14621,14507.859
14622,6770.1807
14623,8280.157
14624,9196.299
14625,11108.539
14626,8184.585
14627,6569.55
14628,10879.343
14629,12856.975
14630,11249.726
14631,8136.9023
14632,12460.449
14633,18580.27
14634,11859.378
14635,9200.598
14636,10854.499
14637,10194.23
14638,7701.3203
14639,10215.303
14640,6001.8594
14641,14853.33
14642,10547.758
14643,11441.032
14644,16468.488
14645,7171.6934
14646,7600.0728
14647,7341.635
14648,14020.237
14649,11280.347
14650,7146.0537
14651,6984.1685
14652,9568.809
14653,9398.921
14654,7719.684
14655,9784.3955
14656,9233.159
14657,12592.692
14658,7879.683
14659,7044.421
14660,10370.27
14661,10514.683
14662,11233.568
14663,12645.419
14664,12420.038
14665,7315.3945
14666,14487.271
14667,9456.658
14668,9029.622
14669,14058.506
14670,9089.32
14671,16761.43
14672,13051.801
14673,11053.909
14674,8630.571
14675,11956.973
14676,12510.403
14677,9833.399
14678,5721.0063
14679,8889.505
14680,13601.349
14681,8539.453
14682,7005.859
14683,13039.209
14684,9359.632
14685,7904.3354
14686,9541.596
14687,8632.63
14688,11791.887
14689,12394.915
14690,9039.833
14691,8774.73
14692,7272.435
14693,10108.535
14694,5285.871
14695,12120.601
14696,8928.848
14697,14045.358
14698,11010.411
14699,9177.626
14700,19434.953
14701,8733.775
14702,7617.2144
14703,17594.832
14704,10833.597
14705,13055.374
14706,12683.431
14707,7671.9067
14708,10415.499
14709,7613.648
14710,11881.727
14711,19953.668
14712,9401.108
14713,4416.3
14714,8311.522
14715,13356.446
14716,13959.395
14717,8878.54
14718,9072.621
14719,7716.099
14720,6995.162
14721,5247.16
14722,7951.315
14723,11076.462
14724,11162.045
14725,10522.9795
14726,9986.782
14727,11090.384
14728,14035.864
14729,13322.363
14730,6559.269
14731,16957.209
14732,15902.09
14733,8064.422
14734,10920.573
14735,8395.106
14736,10598.027
14737,5395.8345
14738,10173.881
14739,8018.9536
14740,16106.839
14741,11297.66
14742,13246.016
14743,14510.766
14744,9546.056
14745,14568.994
14746,31152.373
14747,13466.848
14748,8558.379
14749,4827.8965
14750,8166.081
14751,13260.084
14752,7412.8145
14753,12838.228
14754,26400.074
14755,5239.8228
14756,9237.264
14757,15605.566
14758,6833.0244
14759,12510.296
14760,9452.9795
14761,12215.578
14762,4582.6206
14763,8770.521
14764,8524.838
14765,13216.335
14766,13816.819
14767,9237.739
14768,10653.777
14769,10273.526
14770,6899.517
14771,8337.231
14772,10655.86
14773,7112.93
14774,9008.71
14775,11729.723
14776,10326.329
14777,10085.788
14778,10964.375
14779,12322.565
14780,11394.326
14781,15558.946
14782,12901.367
14783,9993.281
14784,5814.1367
14785,9262.946
14786,10452.24
14787,8886.402
14788,6459.5635
14789,14661.229
14790,9418.789
14791,14414.253
14792,11306.779
14793,8393.834
14794,7862.859
14795,8092.214
14796,15942.149
14797,7103.5127
14798,13319.11
14799,29727.06
14800,11664.57
14801,9528.6
14802,8066.7065
14803,7519.317
14804,11120.613
14805,6385.0996
14806,9323.164
14807,18666.732
14808,7354.25
14809,14754.384
14810,24244.154
14811,8112.9717
14812,11111.7705
14813,8837.732
14814,12126.428
14815,8952.349
14816,15527.489
14817,10736.524
14818,16941.432
14819,6054.095
14820,12108.6875
14821,7758.7183
14822,11789.086
14823,10491.332
14824,9460.673
14825,10730.976
14826,6138.449
14827,13661.751
14828,16730.766
14829,9635.076
14830,17728.78
14831,10974.586
14832,14637.435
14833,8859.211
14834,7313.971
14835,9538.011
14836,16061.555
14837,10448.084
14838,12207.1455
14839,10569.914
14840,14336.297
14841,6706.034
14842,14867.22
14843,11272.668
14844,5691.5713
14845,25214.613
14846,29988.578
14847,9829.114
14848,11023.03
14849,14030.403
14850,16609.98
14851,19583.822
14852,8302.205
14853,11300.894
14854,9536.783
14855,13769.907
14856,6287.3276
14857,8940.642
14858,9077.07
14859,7980.9775
14860,12667.703
14861,8460.797
14862,7378.821
14863,11294.17
14864,5904.591
14865,7313.6016
14866,10404.498
14867,8984.726
14868,15581.384
14869,12495.1875
14870,9756.626
14871,10555.91
14872,10635.2295
14873,20240.248
14874,10609.819
14875,7990.0947
14876,6337.3364
14877,16663.197
14878,7620.0557
14879,10921.3955
14880,4797.4326
14881,8106.5054
14882,11588.965
14883,8541.408
14884,6006.029
14885,12135.43
14886,15430.674
14887,21527.293
14888,9139.288
14889,13571.3125
14890,5073.3604
14891,7819.6753
14892,10348.996
14893,6619.4795
14894,15278.711
14895,7598.8843
14896,9137.31
14897,13642.806
14898,17073.416
14899,13620.185
14900,8602.392
14901,8931.624
14902,17161.885
14903,12722.903
14904,9286.955
14905,6122.953
14906,11736.537
14907,16308.965
14908,6866.613
14909,9598.772
14910,13423.748
14911,12419.493
14912,22237.635
14913,10974.43
14914,20524.912
14915,9464.554
14916,8411.786
14917,5610.0923
14918,10245.071
14919,8480.009
14920,8259.24
14921,14564.2295
14922,6574.007
14923,7418.3105
14924,12845.612
14925,6258.679
14926,11080.424
14927,10601.697
14928,11544.319
14929,13632.713
14930,8444.527
14931,14646.064
14932,9091.133
14933,8063.799
14934,7367.9834
14935,6192.2983
14936,17629.367
14937,10497.777
14938,7447.306
14939,10867.903
14940,13173.46
14941,11686.329
14942,9207.384
14943,13130.422
14944,9009.973
14945,5362.698
14946,6879.022
14947,12016.1455
14948,9609.196
14949,10380.313
14950,8412.6045
14951,8641.131
14952,8046.6196
14953,7766.366
14954,12064.56
14955,13193.477
14956,17349.662
14957,15822.002
14958,14356.219
14959,13117.931
14960,8758.292
14961,18633.062
14962,17378.576
14963,11035.316
14964,13962.2705
14965,12796.736
14966,10169.254
14967,6682.9004
14968,17439.762
14969,9008.839
14970,11668.531
14971,8174.8716
14972,3644.0354
14973,18130.717
14974,8116.424
14975,7027.885
14976,8410.823
14977,8525.74
14978,11920.479
14979,11783.421
14980,11167.485
14981,9262.0625
14982,6135.183
14983,6662.2666
14984,5768.8555
14985,11046.731
14986,22208.938
14987,7104.9966
14988,8638.197
14989,10860.401
14990,9346.322
14991,6609.9272
14992,8291.38
14993,6544.0713
14994,11133.029
14995,10205.389
14996,5278.092
14997,15451.026
14998,7904.448
14999,8756.396
15000,18624.41
15001,10772.774
15002,18180.17
15003,9434.353
15004,9670.845
15005,7627.618
15006,9146.299
15007,29617.996
15008,15087.928
15009,11348.807
15010,8123.549
15011,7672.8506
15012,9440.707
15013,7164.4053
15014,18890.223
15015,8733.525
15016,7338.3936
15017,11930.521
15018,6975.793
15019,10071.004
15020,11563.78
15021,9432.697
15022,11240.041
15023,6561.2837
15024,7629.8447
15025,9205.153
15026,15763.546
15027,12387.789
15028,11947.818
15029,6098.845
15030,10977.036
15031,9704.199
15032,8294.899
15033,11008.584
15034,11029.918
15035,9388.134
15036,10493.974
15037,9440.672
15038,7991.1235
15039,8879.997
15040,13551.704
15041,8217.963
15042,9111.671
15043,12798.189
15044,8409.292
15045,7721.017
15046,18207.1
15047,8278.531
15048,4799.749
15049,13273.787
15050,11528.541
15051,17235.912
15052,6945.0615
15053,11002.076
15054,8337.765
15055,11954.304
15056,8441.653
15057,12466.999
15058,5000.095
15059,8120.969
15060,9299.808
15061,8451.466
15062,7737.3164
15063,11401.186
15064,12336.206
15065,9970.642
15066,12759.104
15067,10386.89
15068,15525.476
15069,5629.8135
15070,9701.933
15071,9916.734
15072,12312.415
15073,12803.28
15074,6139.8135
15075,9451.32
15076,9427.444
15077,10701.418
15078,8564.176
15079,6735.278
15080,11800.11
15081,9468.834
15082,14542.243
15083,10328.013
15084,9023.122
15085,12550.044
15086,10456.368
15087,10246.841
15088,11174.443
15089,9738.552
15090,16753.31
15091,16907.953
15092,13087.339
15093,7590.59
15094,7663.3574
15095,6105.055
15096,5129.8467
15097,11852.209
15098,6939.122
15099,14592.955
15100,5944.884
15101,7268.358
15102,8459.797
15103,14340.55
15104,7663.708
15105,7078.0493
15106,8262.289
15107,7502.002
15108,6848.155
15109,12961.072
15110,13525.634
15111,12177.18
15112,12919.529
15113,10341.853
15114,10416.851
15115,7155.336
15116,7781.8115
15117,15112.814
15118,14088.048
15119,14903.733
15120,18584.133
15121,8312.331
15122,5899.5073
15123,10371.07
15124,13788.398
15125,13826.258
15126,12700.947
15127,13462.455
15128,12786.27
15129,10499.46
15130,10427.805
15131,8734.658
15132,8149.7954
15133,6103.39
15134,6383.224
15135,8116.1606
15136,11911.887
15137,29224.693
15138,11148.682
15139,8189.4106
15140,11576.117
15141,6594.455
15142,11836.101
15143,6381.7144
15144,13961.365
15145,8818.526
15146,11649.783
15147,25008.865
15148,12265.007
15149,8184.9595
15150,11312.216
15151,6905.6733
15152,7854.1416
15153,9551.146
15154,11103.6875
15155,6946.8306
15156,6418.6167
15157,7886.819
15158,7689.4375
15159,10936.531
15160,10846.893
15161,5645.144
15162,12112.292
15163,14828.928
15164,9143.621
15165,7789.0146
15166,6693.337
15167,12528.828
15168,6570.12
15169,16125.637
15170,7535.6577
15171,9713.877
15172,12476.468
15173,8897.555
15174,6075.099
15175,6373.7026
15176,9353.769
15177,17191.191
15178,16851.979
15179,9339.327
15180,7389.6953
15181,10037.23
15182,12835.852
15183,6686.4326
15184,9197.649
15185,10746.411
15186,17097.566
15187,13746.157
15188,11590.943
15189,11419.077
15190,6698.5483
15191,14410.13
15192,8739.917
15193,22436.885
15194,10259.798
15195,8140.419
15196,8659.373
15197,5431.2676
15198,10304.536
15199,31668.658
15200,6005.7363
15201,7705.156
15202,14570.564
15203,8900.593
15204,11922.707
15205,12893.225
15206,9588.551
15207,6165.483
15208,5830.959
15209,16683.934
15210,9741.627
15211,13309.003
15212,12356.825
15213,6842.9185
15214,9835.96
15215,10582.139
15216,5609.7334
15217,15226.647
15218,13602.594
15219,6711.2363
15220,12676.018
15221,10671.778
15222,7607.674
15223,17042.896
15224,11011.041
15225,11274.13
15226,7114.986
15227,7219.4814
15228,13193.062
15229,5088.719
15230,13323.799
15231,6528.8213
15232,10088.001
15233,7465.883
15234,7944.841
15235,9356.169
15236,11085.286
15237,9531.781
15238,14367.958
15239,8546.804
15240,11499.298
15241,8507.935
15242,14363.875
15243,16899.086
15244,13495.186
15245,4630.3037
15246,8580.659
15247,12583.34
15248,5307.3984
15249,17016.861
15250,7631.2856
15251,10811.621
15252,18997.271
15253,11018.332
15254,5892.337
15255,13724.28
15256,17421.457
15257,9813.724
15258,15508.072
15259,14296.263
15260,8227.554
15261,9194.878
15262,11281.982
15263,8159.4014
15264,8638.626
15265,11975.37
15266,7417.0156
15267,11154.648
15268,11237.212
15269,10602.991
15270,11391.4795
15271,10933.819
15272,11207.691
15273,7052.7104
15274,10517.37
15275,10828.689
15276,11995.248
15277,10896.976
15278,12092.6
15279,16665.39
15280,9564.639
15281,7259.621
15282,10282.349
15283,10933.59
15284,11045.752
15285,7643.5234
15286,7256.2983
15287,12241.738
15288,8178.9507
15289,9145.558
15290,12114.151
15291,7637.0815
15292,10639.927
15293,7374.0996
15294,4619.998
15295,10831.654
15296,9897.628
15297,9685.512
15298,14764.548
15299,13318.539
15300,7525.717
15301,12365.243
15302,6383.6074
15303,4692.334
15304,10541.864
15305,18516.107
15306,11803.431
15307,11569.108
15308,6505.027
15309,10693.398
15310,14095.964
15311,9347.864
15312,12506.002
15313,7509.77
15314,8479.451
15315,7600.9575
15316,9218.657
15317,8116.594
15318,8347.281
15319,7543.669
15320,7162.3965
15321,9109.49
15322,11298.641
15323,7327.601
15324,10359.494
15325,12415.289
15326,10574.673
15327,6707.5693
15328,15820.765
15329,11108.782
15330,7116.1533
15331,5466.3916
15332,16184.694
15333,9609.691
15334,7552.589
15335,11957.862
15336,14154.958
15337,11340.162
15338,10307.485
15339,12933.671
15340,13293.247
15341,20837.97
15342,8492.061
15343,7967.113
15344,7427.833
15345,10468.293
15346,7500.006
15347,13465.307
15348,13924.7295
15349,7881.1562
15350,6159.264
15351,8544.081
15352,16248.726
15353,7449.6436
15354,13024.48
15355,5439.1323
15356,10762.237
15357,12728.948
15358,10665.438
15359,13232.858
15360,11116.435
15361,5913.2876
15362,10695.877
15363,11114.304
15364,13651.8125
15365,10943.814
15366,13281.867
15367,10074.991
15368,7538.0806
15369,16119.594
15370,6132.258
15371,15686.878
15372,7865.694
15373,6655.4326
15374,11577.751
15375,10475.454
15376,10815.746
15377,13174.226
15378,6289.775
15379,7356.6914
15380,12093.661
15381,12188.938
15382,15467.333
15383,8632.498
15384,9648.152
15385,8872.454
15386,10927.794
15387,8266.672
15388,16680.146
15389,15695.139
15390,20331.838
15391,5834.553
15392,8942.339
15393,12891.995
15394,17399.59
15395,8235.146
15396,18041.865
15397,9151.29
15398,9114.47
15399,7043.131
15400,6744.677
15401,9592.164
15402,9349.889
15403,5898.489
15404,7999.6646
15405,12816.744
15406,11955.296
15407,33932.87
15408,10819.141
15409,0.0
15410,0.0
15411,0.0
15412,0.0
15413,0.0
15414,0.0
15415,0.0
15416,0.0
15417,0.0
15418,0.0
15419,0.0
15420,0.0
15421,0.0
15422,0.0
15423,0.0
15424,0.0
15425,0.0
15426,0.0
15427,0.015852332
15428,0.0
15429,0.0
15430,0.0
15431,0.0
15432,0.0
15433,0.0
15434,0.0
15435,0.0
15436,0.0
15437,0.0
15438,0.0
15439,0.0
15440,0.0
15441,0.0
15442,0.0
15443,0.0
15444,0.0
15445,0.0
15446,0.0
15447,0.0
15448,0.0
15449,0.0
15450,0.0
15451,0.0
15452,0.0
15453,0.0
15454,0.0
15455,0.0
15456,0.0
15457,0.0
15458,0.0
15459,0.0
15460,0.0
15461,0.0
15462,0.0
15463,0.0
15464,0.0
15465,0.0
15466,0.0
15467,0.0
15468,0.0
15469,0.0
15470,0.0
15471,0.0
15472,0.0
15473,0.0
15474,0.0
15475,0.0
15476,0.0
15477,0.0
15478,0.0
15479,0.0
15480,0.0
15481,0.0
15482,0.0
15483,0.0
15484,0.0
15485,0.0
15486,0.0
15487,0.0
15488,0.0
15489,0.0
15490,0.0
15491,0.0
15492,0.0
15493,0.0
15494,0.0
15495,0.0
15496,0.0
15497,0.0
15498,0.0
15499,0.0
15500,4572.438
15501,0.0
15502,0.0
15503,0.0
15504,0.0
15505,0.0
15506,0.0
15507,0.0
15508,0.0
15509,0.0
15510,0.0
15511,0.0
15512,0.0
15513,0.0
15514,0.0
15515,0.0
15516,0.0
15517,0.0
15518,0.0
15519,0.0
15520,0.0
15521,0.0
15522,0.0
15523,0.0
15524,0.0
15525,0.0
15526,0.0
15527,0.0
15528,0.0
15529,0.0
15530,0.0
15531,0.0
15532,0.0
15533,0.0
15534,0.0
15535,0.0
15536,0.0
15537,0.0
15538,0.0
15539,0.0
15540,0.0
15541,0.0
15542,0.0
15543,0.0
15544,0.0
15545,0.0
15546,0.0
15547,0.0
15548,0.0
15549,0.0
15550,0.0
15551,0.0
15552,0.0
15553,0.0
15554,0.0
15555,0.0
15556,0.004127414
15557,0.0
15558,0.0
15559,0.0
15560,0.0
15561,0.0
15562,0.0
15563,0.0
15564,0.0
15565,0.0
15566,0.0
15567,0.0
15568,3145.292
15569,0.0
15570,0.0
15571,0.0
15572,0.0
15573,0.0
15574,0.0
15575,0.0
15576,0.0
15577,0.0
15578,0.0
15579,0.0
15580,0.0
15581,0.0
15582,0.0
15583,0.0
15584,0.0
15585,0.0
15586,0.0
15587,0.0
15588,0.0
15589,0.0
15590,0.0
15591,0.0
15592,0.0
15593,0.0
15594,0.0
15595,0.0
15596,0.0
15597,0.0
15598,0.0
15599,0.0
15600,0.0
15601,0.0
15602,0.04352604
15603,0.0
15604,0.0
15605,0.0
15606,0.0
15607,0.0
15608,0.0
15609,12398.403
15610,28689.336
15611,0.0
15612,0.0
15613,0.0
15614,0.0
15615,0.0
15616,0.0
15617,0.0
15618,4956.413
15619,0.0
15620,0.0
15621,0.0
15622,0.0
15623,0.0
15624,0.0
15625,0.0
15626,0.0
15627,0.0
15628,0.0
15629,0.0
15630,0.0
15631,0.0
15632,0.0
15633,0.0
15634,0.0
15635,0.0
15636,0.0
15637,5882.3413
15638,0.0
15639,0.0
15640,0.0
15641,0.0
15642,0.0
15643,0.0
15644,0.0
15645,0.0
15646,0.0
15647,5738.4897
15648,0.0
15649,0.0
15650,0.0
15651,0.0
15652,0.004065171
15653,0.0
15654,0.0
15655,0.028030783
15656,0.0
15657,0.0
15658,0.0
15659,0.0
15660,0.0
15661,0.0
15662,0.0
15663,0.0
15664,0.0
15665,10577.175
15666,0.009422067
15667,0.0
15668,0.0
15669,0.0
15670,0.0
15671,0.0
15672,0.0
15673,0.0
15674,0.0
15675,0.0
15676,0.0
15677,0.0
15678,0.0
15679,0.0
15680,0.0
15681,0.0
15682,6663.792
15683,0.0
15684,0.0
15685,0.0
15686,0.0
15687,0.0
15688,0.0
15689,0.0
15690,0.0
15691,0.0
15692,0.0
15693,0.0
15694,0.0
15695,0.0
15696,0.0
15697,0.0
15698,0.0
15699,0.0
15700,0.0
15701,0.015538977
15702,0.105603024
15703,0.0
15704,0.0
15705,0.0
15706,0.0
15707,0.0
15708,0.0
15709,0.0
15710,0.0
15711,0.0
15712,0.0
15713,0.0
15714,0.0
15715,0.0
15716,0.0
15717,0.0
15718,0.0
15719,0.0
15720,0.0
15721,0.0
15722,0.0
15723,0.0
15724,0.0
15725,0.0
15726,0.0
15727,0.0
15728,0.0
15729,0.0
15730,0.0
15731,0.0
15732,0.0
15733,0.0
15734,0.0
15735,0.0
15736,0.0
15737,0.0
15738,0.0
15739,0.0
15740,0.0
15741,0.0
15742,0.0
15743,0.0
15744,2638.7852
15745,0.0
15746,0.0
15747,0.0
15748,0.0
15749,0.0
15750,0.0
15751,0.0
15752,0.0
15753,0.0
15754,0.0
15755,0.0
15756,0.0
15757,0.0
15758,5746.35
15759,0.0
15760,0.0
15761,0.0
15762,0.0
15763,0.0
15764,0.0
15765,0.0
15766,0.0
15767,0.0
15768,0.0
15769,0.0
15770,0.0
15771,0.0
15772,0.0
15773,0.0
15774,0.0
15775,0.0
15776,0.0
15777,0.0
15778,0.0
15779,0.0
15780,0.0
15781,0.0
15782,0.0
15783,0.0
15784,0.0
15785,0.0
15786,0.0
15787,0.0
15788,0.0
15789,0.0
15790,0.0
15791,0.0
15792,0.0
15793,0.0
15794,0.0
15795,0.0
15796,0.0
15797,0.0
15798,0.0
15799,0.0
15800,0.0
15801,5998.586
15802,0.0
15803,0.0
15804,0.0
15805,0.0
15806,0.0
15807,0.0
15808,0.0
15809,0.0
15810,0.0
15811,3599.0657
15812,0.0
15813,0.0
15814,0.0
15815,5258.393
15816,0.0
15817,0.0
15818,0.0
15819,0.0
15820,0.0
15821,0.0
15822,0.0
15823,0.0
15824,0.0
15825,0.0
15826,0.0
15827,0.0
15828,0.0
15829,0.0
15830,0.0
15831,0.0
15832,0.0
15833,0.0
15834,0.0
15835,0.0
15836,0.0
15837,0.0
15838,0.0
15839,0.0
15840,0.0
15841,0.0
15842,22265.732
15843,0.0
15844,0.0
15845,0.0
15846,0.0
15847,0.0
15848,0.0
15849,0.0
15850,0.0
15851,0.0
15852,0.0
15853,0.0
15854,0.0
15855,0.0
15856,8989.501
15857,0.0
15858,0.0
15859,0.0
15860,0.0
15861,0.0
15862,0.0
15863,0.013830541
15864,0.0
15865,0.0
15866,0.0
15867,0.0
15868,0.0
15869,0.0
15870,0.0
15871,0.0
15872,0.0
15873,0.0
15874,0.0
15875,0.0
15876,0.0
15877,0.0
15878,0.0
15879,0.0
15880,0.0
15881,0.0
15882,0.0
15883,0.0
15884,0.0
15885,0.0
15886,0.0
15887,0.0
15888,0.0
15889,0.0
15890,0.0
15891,0.0
15892,0.0
15893,0.0
15894,0.0
15895,0.0
15896,0.0
15897,0.0
15898,0.0
15899,0.0
15900,0.0
15901,0.0
15902,0.0
15903,0.0
15904,0.0
15905,0.0
15906,0.0
15907,0.0
15908,0.0
15909,0.0
15910,0.0
15911,0.0
15912,0.0
15913,0.0
15914,0.0
15915,0.0
15916,0.0
15917,0.0
15918,0.0
15919,0.0
15920,0.0
15921,0.0
15922,0.0
15923,0.0
15924,0.0
15925,0.0
15926,0.0
15927,0.0
15928,0.0
15929,0.0
15930,0.0
15931,9314.126
15932,0.0
15933,0.0
15934,0.0
15935,0.0
15936,0.0
15937,0.0
15938,0.0
15939,0.0
15940,0.0
15941,0.0
15942,0.0
15943,0.0
15944,0.0
15945,0.0
15946,0.0
15947,0.0
15948,0.0
15949,0.0
15950,0.0
15951,0.0
15952,0.0
15953,0.0
15954,0.0
15955,0.0
15956,0.0
15957,0.0
15958,0.0
15959,0.0
15960,0.0
15961,0.0
15962,0.0
15963,0.0
15964,0.0
15965,0.0
15966,0.0
15967,0.0
15968,0.0
15969,0.0
15970,0.0
15971,0.0
15972,0.0
15973,0.0
15974,0.0
15975,4513.202
15976,14742.681
15977,0.0
15978,0.0
15979,0.0
15980,0.0
15981,0.0
15982,0.0
15983,0.0
15984,0.0
15985,0.0
15986,0.0
15987,0.0
15988,0.0
15989,0.0
15990,0.0
15991,0.0
15992,0.0
15993,0.0
15994,0.0
15995,0.0
15996,0.0
15997,0.0
15998,0.0
15999,0.0
16000,0.0
16001,0.0
16002,0.0
16003,0.0
16004,11294.935
16005,0.0
16006,0.0
16007,0.0
16008,0.0
16009,0.0
16010,0.0
16011,0.0
16012,0.0
16013,0.0
16014,0.0
16015,0.0
16016,0.0
16017,0.0
16018,0.0
16019,0.0
16020,0.0
16021,0.0
16022,0.0
16023,0.0
16024,0.0
16025,0.0
16026,0.0
16027,0.0
16028,0.0
16029,0.0
16030,0.0
16031,0.0
16032,0.0
16033,0.0
16034,0.0
16035,0.0
16036,0.0
16037,0.0
16038,0.02783521
16039,0.0
16040,0.0
16041,0.0
16042,0.0
16043,0.0
16044,0.0
16045,0.0
16046,0.0
16047,0.0
16048,0.0
16049,0.0
16050,0.0
16051,0.0
16052,0.0
16053,0.0
16054,0.0
16055,0.07437408
16056,0.0
16057,0.0
16058,0.0
16059,0.0
16060,0.0
16061,0.0
16062,0.0
16063,0.0
16064,0.0
16065,0.0
16066,0.0
16067,0.0
16068,0.0
16069,0.0
16070,0.0
16071,0.0
16072,0.0
16073,0.0
16074,4396.8213
16075,0.0
16076,0.0
16077,0.0
16078,3224.9824
16079,0.0
16080,0.0
16081,0.0
16082,0.0
16083,0.0
16084,0.0
16085,0.0
16086,0.0
16087,0.0
16088,0.0
16089,0.0
16090,0.0
16091,0.0
16092,0.0
16093,0.0
16094,0.0
16095,0.0
16096,0.0
16097,0.0
16098,0.0
16099,0.0
16100,0.0
16101,0.0
16102,0.0
16103,0.0
16104,0.0
16105,0.0
16106,0.0
16107,0.0
16108,0.0
16109,0.0
16110,0.0
16111,0.0
16112,0.0
16113,0.0
16114,0.0
16115,0.0
16116,0.0
16117,0.0
16118,0.0
16119,0.0
16120,0.0
16121,0.0
16122,0.0
16123,0.0
16124,0.0
16125,0.0
16126,0.0
16127,0.0
16128,0.0
16129,3237.3523
16130,0.0
16131,0.0
16132,0.0
16133,0.0
16134,0.0
16135,0.0
16136,0.0
16137,0.0
16138,0.0
16139,0.0
16140,0.0
16141,0.0
16142,0.0
16143,0.0
16144,9049.305
16145,0.0
16146,0.0
16147,0.0
16148,0.0
16149,0.0
16150,0.0
16151,0.0
16152,0.0
16153,0.0
16154,0.0
16155,0.0
16156,0.0
16157,0.0
16158,0.0
16159,0.0
16160,0.0
16161,0.0
16162,0.0
16163,0.0
16164,0.0
16165,0.0
16166,0.0
16167,0.0
16168,0.0
16169,0.0
16170,0.0
16171,0.0
16172,0.0
16173,0.0
16174,0.0
16175,0.0
16176,0.0
16177,0.0
16178,0.0
16179,0.0
16180,0.0
16181,0.0
16182,0.0
16183,0.0
16184,0.0
16185,0.0
16186,0.0
16187,0.0
16188,0.0
16189,0.0
16190,0.0
16191,0.0
16192,0.0
16193,0.0
16194,0.0
16195,0.0
16196,0.0
16197,0.0
16198,0.0
16199,0.0
16200,0.0
16201,0.0
16202,0.0
16203,0.0
16204,0.0
16205,0.0
16206,0.0
16207,0.0
16208,5289.6387
16209,0.0
16210,0.0
16211,0.0
16212,0.0
16213,0.0
16214,0.0
16215,0.0
16216,0.0
16217,0.0
16218,0.0
16219,0.0
16220,0.0
16221,0.0
16222,0.0
16223,0.0
16224,0.0
16225,0.0
16226,0.0
16227,0.0
16228,0.0
16229,0.0
16230,0.0
16231,0.0
16232,0.0
16233,0.0
16234,0.0
16235,0.0
16236,0.0
16237,0.0
16238,0.0
16239,0.0
16240,0.0
16241,0.0
16242,0.0
16243,0.0
16244,0.0044722124
16245,0.0
16246,0.012934652
16247,0.0
16248,0.0
16249,11212.246
16250,7257.288
16251,0.0
16252,0.0
16253,0.0
16254,0.0
16255,0.0
16256,0.0
16257,0.0
16258,0.0
16259,0.0
16260,0.0
16261,0.0
16262,0.0
16263,0.089054085
16264,0.0
16265,4098.404
16266,4873.7827
16267,8880.175
16268,3719.7751
16269,6821.8496
16270,5642.011
16271,6857.875
16272,7124.5474
16273,2634.417
16274,3741.7798
16275,6985.101
16276,7145.365
16277,5244.478
16278,7148.0234
16279,6428.7812
16280,2938.9963
16281,5157.1987
16282,9424.657
16283,12898.144
16284,9144.336
16285,7992.3276
16286,2984.98
16287,5998.643
16288,1354.0267
16289,8640.776
16290,10845.165
16291,9900.631
16292,6632.22
16293,2583.4558
16294,4375.959
16295,4644.8447
16296,9813.64
16297,5387.8784
16298,5598.5615
16299,4118.5913
16300,6592.3857
16301,2326.509
16302,7593.8774
16303,4438.3447
16304,5155.02
16305,5290.804
16306,3456.2595
16307,9428.874
16308,4650.355
16309,4719.2754
16310,4751.395
16311,7530.7573
16312,10196.584
16313,6251.15
16314,7555.0747
16315,8904.465
16316,9795.059
16317,7212.9634
16318,7615.253
16319,1709.6941
16320,3822.2444
16321,4841.293
16322,6135.323
16323,6713.887
16324,8897.046
16325,4475.053
16326,8771.776
16327,6534.0107
16328,6942.9287
16329,2605.6057
16330,14192.228
16331,2968.9495
16332,4483.522
16333,9048.148
16334,4438.3486
16335,6563.8125
16336,3233.198
16337,6685.572
16338,5664.2056
16339,4625.726
16340,6408.3823
16341,7993.1743
16342,6548.4106
16343,3603.9924
16344,8096.043
16345,12297.206
16346,6166.0474
16347,3883.4517
16348,6848.0376
16349,6488.8525
16350,4680.9297
16351,7353.689
16352,2178.5535
16353,8718.562
16354,5468.159
16355,6344.189
16356,8387.535
16357,3174.1597
16358,4647.774
16359,4018.819
16360,9010.601
16361,6374.122
16362,4734.714
16363,4910.8076
16364,6288.0894
16365,6217.6416
16366,3010.8625
16367,5484.8335
16368,4480.059
16369,7734.247
16370,5724.4946
16371,3624.3474
16372,6406.543
16373,4698.429
16374,3681.7966
16375,8014.2515
16376,8614.346
16377,4162.035
16378,9674.996
16379,3621.6587
16380,3440.358
16381,9441.986
16382,5162.125
16383,9844.9795
16384,7533.545
16385,5888.146
16386,6041.4214
16387,7145.4263
16388,7943.31
16389,4035.9456
16390,2112.343
16391,4775.841
16392,5288.347
16393,5428.326
16394,2990.6094
16395,7474.2476
16396,5700.2207
16397,4044.2004
16398,6543.7593
16399,3013.2246
16400,7000.8755
16401,7651.416
16402,2656.8833
16403,5670.7954
16404,2563.6833
16405,6206.2534
16406,2611.1726
16407,4321.634
16408,4537.423
16409,8583.426
16410,6668.332
16411,5624.242
16412,13887.738
16413,4206.803
16414,4695.401
16415,12033.486
16416,7084.8306
16417,8766.173
16418,7670.78
16419,5678.741
16420,7260.9644
16421,4156.619
16422,5956.8438
16423,11134.007
16424,5412.159
16425,2397.2466
16426,3501.5725
16427,8880.209
16428,10143.932
16429,3422.5767
16430,7280.896
16431,4989.7085
16432,2071.3142
16433,1947.1798
16434,3847.1516
16435,6284.114
16436,7538.533
16437,6388.0234
16438,5090.0493
16439,7787.3433
16440,8425.437
16441,7883.818
16442,3574.4067
16443,10831.603
16444,10762.515
16445,3831.6008
16446,6841.9917
16447,4938.1694
16448,6744.181
16449,3363.7278
16450,3294.7012
16451,4665.711
16452,11061.745
16453,7873.2075
16454,7447.583
16455,8163.332
16456,5099.584
16457,7138.1377
16458,24345.594
16459,8166.79
16460,3603.7449
16461,3051.8108
16462,6840.6934
16463,8385.704
16464,3506.0647
16465,9329.765
16466,20516.672
16467,3205.4475
16468,3145.739
16469,12067.541
16470,3509.277
16471,6915.4746
16472,3728.4824
16473,6493.1187
16474,4086.3726
16475,5649.319
16476,4210.4688
16477,6003.1133
16478,8024.1025
16479,6303.252
16480,6399.4033
16481,6259.8794
16482,4430.4053
16483,5770.0054
16484,8071.201
16485,4114.8687
16486,6248.009
16487,5543.7266
16488,5066.295
16489,5981.32
16490,5201.062
16491,6032.0073
16492,6519.1763
16493,9346.26
16494,8105.547
16495,4933.9175
16496,3875.3252
16497,4184.9062
16498,5799.4146
16499,6429.873
16500,2774.6953
16501,8834.816
16502,6023.6816
16503,9418.08
16504,7189.3633
16505,5302.6265
16506,3384.3918
16507,3010.5208
16508,11706.844
16509,4595.1523
16510,7189.699
16511,20351.664
16512,7144.3154
16513,4180.7324
16514,5347.9
16515,2987.866
16516,6338.213
16517,3247.2378
16518,4671.38
16519,10995.54
16520,5557.137
16521,9957.261
16522,16185.651
16523,5856.767
16524,6308.647
16525,4640.987
16526,5535.721
16527,5328.932
16528,9513.09
16529,7296.6074
16530,9716.072
16531,2616.7026
16532,6694.888
16533,5640.795
16534,6582.4146
16535,6663.57
16536,5534.8027
16537,7035.8726
16538,5124.692
16539,9457.822
16540,8527.237
16541,6105.5913
16542,11060.12
16543,7090.4277
16544,10320.244
16545,3694.8499
16546,2967.9612
16547,5257.6963
16548,8660.942
16549,7349.72
16550,8267.603
16551,6384.728
16552,9623.614
16553,4869.1963
16554,7371.983
16555,6699.0977
16556,3791.9272
16557,17022.72
16558,24060.479
16559,5982.6895
16560,7135.7417
16561,10216.111
16562,10783.773
16563,11313.446
16564,2900.1326
16565,5514.5933
16566,6263.0864
16567,9414.748
16568,2637.1707
16569,4092.696
16570,6296.486
16571,3946.151
16572,6774.9414
16573,3698.7783
16574,2713.5295
16575,7036.8457
16576,2166.6748
16577,4873.183
16578,6558.731
16579,6229.8286
16580,10751.711
16581,8361.919
16582,5062.5464
16583,7483.357
16584,6818.454
16585,12842.244
16586,5240.7524
16587,3200.363
16588,4091.7046
16589,12225.146
16590,4115.575
16591,7321.223
16592,2608.6987
16593,3899.3135
16594,5507.344
16595,5850.9155
16596,4452.074
16597,7409.245
16598,10647.226
16599,12430.016
16600,4511.898
16601,8756.028
16602,1984.3229
16603,4249.827
16604,6867.2217
16605,4535.709
16606,10784.0205
16607,2704.5898
16608,5192.11
16609,7634.161
16610,10559.968
16611,11036.863
16612,4910.339
16613,2340.696
16614,9905.117
16615,8370.968
16616,5008.0566
16617,4554.2383
16618,8717.563
16619,7304.7964
16620,4792.484
16621,3924.7153
16622,9072.933
16623,5987.405
16624,13933.962
16625,7589.96
16626,14509.963
16627,5005.1724
16628,5841.5303
16629,2188.5818
16630,6502.6196
16631,5130.1895
16632,5239.878
16633,7601.1533
16634,4464.565
16635,2641.479
16636,7881.9233
16637,3392.5862
16638,7126.2466
16639,7067.768
16640,5736.2734
16641,8985.283
16642,5111.9395
16643,9596.538
16644,5708.0176
16645,5177.753
16646,5415.485
16647,3044.4421
16648,10073.81
16649,7118.3257
16650,2734.8342
16651,5889.129
16652,7669.909
16653,6519.201
16654,4525.743
16655,6748.3315
16656,5784.1396
16657,4780.2573
16658,4676.5024
16659,8497.433
16660,4435.767
16661,4774.6113
16662,4557.798
16663,6214.8726
16664,3386.5781
16665,5221.552
16666,7221.348
16667,6543.6343
16668,12407.819
16669,8359.511
16670,8507.155
16671,8638.939
16672,4789.7144
16673,12512.802
16674,10206.44
16675,5810.3726
16676,7597.3115
16677,6892.7095
16678,5481.392
16679,2440.5884
16680,12051.3
16681,5774.0137
16682,5731.406
16683,4042.8582
16684,1859.9438
16685,11208.643
16686,5213.5493
16687,5019.2666
16688,4422.222
16689,5577.1885
16690,6014.995
16691,5598.524
16692,8363.689
16693,6299.7715
16694,3866.1755
16695,2979.0854
16696,2465.7612
16697,5943.665
16698,17708.94
16699,3167.236
16700,6005.4385
16701,6108.0957
16702,3879.1643
16703,4247.485
16704,5932.535
16705,2647.5605
16706,8359.821
16707,6958.203
16708,2085.2156
16709,9150.802
16710,2041.8864
16711,4319.6143
16712,13332.875
16713,8800.227
16714,10361.114
16715,2499.078
16716,5307.0947
16717,4528.662
16718,4450.4907
16719,22008.877
16720,9803.788
16721,6142.4087
16722,3296.7573
16723,5719.3423
16724,4923.227
16725,2735.7595
16726,8156.32
16727,4953.615
16728,4662.5386
16729,6444.7563
16730,4671.362
16731,5591.4688
16732,6586.1826
16733,5212.903
16734,7221.6167
16735,2852.4731
16736,4424.83
16737,5017.098
16738,9702.163
16739,7548.8945
16740,8367.36
16741,1602.6205
16742,7772.769
16743,5905.768
16744,3709.0461
16745,5555.2026
16746,5443.243
16747,4933.814
16748,7584.2217
16749,5767.0454
16750,5229.562
16751,5450.0747
16752,8084.4917
16753,5874.318
16754,4946.806
16755,6483.699
16756,5358.4087
16757,2413.3723
16758,13255.772
16759,4338.6846
16760,3587.6987
16761,6743.255
16762,8369.22
16763,9619.513
16764,3374.9324
16765,5099.185
16766,5010.145
16767,7904.1694
16768,5322.1353
16769,8589.339
16770,2735.471
16771,5171.445
16772,4954.376
16773,4636.421
16774,3032.335
16775,7727.7285
16776,6588.369
16777,5790.3555
16778,6672.2
16779,7961.4004
16780,9035.316
16781,4033.952
16782,2858.9395
16783,5179.3433
16784,6756.1694
16785,7426.0977
16786,1742.1266
16787,6808.8613
16788,4725.532
16789,7445.772
16790,5442.755
16791,3626.2944
16792,7752.963
16793,3860.6658
16794,9907.007
16795,6134.5684
16796,4883.63
16797,8282.298
16798,5136.765
16799,5163.529
16800,7056.7275
16801,3077.489
16802,9921.124
16803,9655.996
16804,7793.3394
16805,3692.2988
16806,4387.474
16807,1943.9338
16808,2155.2502
16809,6452.9375
16810,5010.6943
16811,6961.3765
16812,3680.2515
16813,4022.5547
16814,4169.4497
16815,8923.714
16816,5625.106
16817,4669.8647
16818,4506.745
16819,4100.0347
16820,4079.117
16821,4896.812
16822,7835.0845
16823,7463.761
16824,7889.9937
16825,6525.4097
16826,5628.5034
16827,3858.177
16828,5423.7974
16829,12725.841
16830,7444.856
16831,8172.151
16832,14003.506
16833,3479.0247
16834,4046.9753
16835,4552.7314
16836,9682.076
16837,8899.405
16838,8560.321
16839,9097.76
16840,8488.748
16841,6570.3335
16842,7051.1567
16843,5608.439
16844,2675.7502
16845,3919.4436
16846,3099.5188
16847,3031.3862
16848,8213.37
16849,20914.604
16850,6249.821
16851,3409.3562
16852,5647.492
16853,4382.0244
16854,5357.182
16855,2326.6257
16856,6206.1587
16857,5433.6255
16858,4288.097
16859,16477.004
16860,9813.555
16861,3809.2825
16862,3771.1133
16863,3948.0674
16864,4581.6807
16865,4921.283
16866,7370.4717
16867,4537.9463
16868,4854.245
16869,3961.014
16870,5863.2397
16871,5527.021
16872,7607.5283
16873,3461.9749
16874,8417.14
16875,8707.799
16876,5695.194
16877,4252.8486
16878,3838.7751
16879,6240.177
16880,3589.253
16881,10760.226
16882,4435.695
16883,3784.6997
16884,5884.8555
16885,5596.4473
16886,4460.6016
16887,3674.7788
16888,4231.999
16889,11414.83
16890,8391.969
16891,6105.7715
16892,3521.991
16893,5625.02
16894,9349.736
16895,4417.547
16896,5131.501
16897,5663.827
16898,11472.491
16899,7593.552
16900,4381.1924
16901,3779.0503
16902,3581.1987
16903,7913.6895
16904,5443.0664
16905,13893.144
16906,5620.7026
16907,5695.5684
16908,4767.9663
16909,3020.7598
16910,4596.3667
16911,23459.785
16912,1980.3187
16913,5447.58
16914,7762.16
16915,6973.259
16916,6511.023
16917,9485.348
16918,6041.0703
16919,4520.419
16920,3215.5728
16921,9147.59
16922,4608.739
16923,7426.7705
16924,9470.803
16925,3481.3818
16926,6273.131
16927,7556.7686
16928,4100.5312
16929,7681.6523
16930,7280.5557
16931,2673.014
16932,8795.209
16933,6462.4414
16934,5805.774
16935,11705.705
16936,7829.6685
16937,7203.929
16938,4548.0044
16939,4138.9844
16940,4988.757
16941,2865.4968
16942,7471.696
16943,2154.3086
16944,6546.8306
16945,3213.0583
16946,4736.051
16947,5918.5522
16948,4964.182
16949,5629.8994
16950,9062.927
16951,4529.6343
16952,7009.3945
16953,4360.683
16954,8080.8223
16955,10561.952
16956,7575.987
16957,3189.1536
16958,4918.702
16959,6315.414
16960,2685.1277
16961,10980.848
16962,4804.568
16963,6156.104
16964,12205.936
16965,7010.6113
16966,2054.3098
16967,5415.7944
16968,8835.491
16969,6700.964
16970,8967.056
16971,9902.935
16972,5948.1113
16973,5615.365
16974,4726.3887
16975,1959.1536
16976,5030.943
16977,8757.666
16978,2384.509
16979,8087.43
16980,7610.381
16981,5370.5815
16982,7563.128
16983,5349.1704
16984,7351.487
16985,5663.746
16986,4215.512
16987,5116.0273
16988,4080.0625
16989,6960.155
16990,7662.612
16991,10385.611
16992,5903.6504
16993,3381.71
16994,6799.302
16995,6881.831
16996,6999.44
16997,3200.4272
16998,2953.0276
16999,7886.029
17000,6543.266
17001,0.0
17002,7881.645
17003,4975.9106
17004,5842.2046
17005,5398.187
17006,1276.8577
17007,5867.3794
17008,6316.607
17009,6352.0967
17010,8197.397
17011,8500.204
17012,3952.808
17013,6457.0254
17014,3449.619
17015,1200.5369
17016,6381.434
17017,12205.854
17018,5657.186
17019,5300.017
17020,1948.4863
17021,5662.1255
17022,8516.995
17023,5813.7485
17024,9393.875
17025,3667.4597
17026,4565.369
17027,3115.4827
17028,6261.7246
17029,3814.4531
17030,2608.7485
17031,4784.103
17032,3293.815
17033,5395.6646
17034,4941.779
17035,4209.019
17036,5519.4663
17037,8434.378
17038,5709.4766
17039,3156.6123
17040,8920.0205
17041,6475.8496
17042,4958.5693
17043,1881.5946
17044,8148.4897
17045,6430.388
17046,5884.8667
17047,6682.569
17048,9398.813
17049,6876.1553
17050,6880.8135
17051,7691.8213
17052,10186.3
17053,11793.326
17054,3350.6833
17055,4536.211
17056,5144.15
17057,6216.242
17058,4255.4214
17059,8486.368
17060,8394.698
17061,5104.2754
17062,2354.8796
17063,6236.1187
17064,9311.177
17065,3752.6787
17066,7632.996
17067,2122.0383
17068,7175.881
17069,8312.038
17070,5221.432
17071,7278.2295
17072,3385.3928
17073,3822.6016
17074,6390.5586
17075,6278.524
17076,10402.048
17077,5827.078
17078,8585.547
17079,5235.496
17080,3597.8367
17081,10566.386
17082,2274.3179
17083,10591.712
17084,4863.5938
17085,4760.795
17086,7720.487
17087,5103.7446
17088,5058.0137
17089,8167.273
17090,2606.4785
17091,2990.15
17092,7004.8564
17093,6616.5884
17094,10245.639
17095,5783.2847
17096,5906.765
17097,3582.938
17098,7160.0605
17099,3118.9946
17100,12289.011
17101,8087.669
17102,14949.6875
17103,4245.184
17104,5533.9844
17105,9188.609
17106,12016.214
17107,3170.0864
17108,10952.241
17109,5389.0757
17110,5658.665
17111,4414.181
17112,5151.0337
17113,3707.8574
17114,4217.117
17115,3371.7788
17116,2738.2634
17117,9804.489
17118,5749.7163
17119,23859.438
17120,7440.8877
17121,3500.2866
17122,6021.7173
17123,9897.307
17124,5962.1074
17125,7211.423
17126,5322.643
17127,6889.193
17128,6992.667
17129,3623.0996
17130,4657.7153
17131,6058.2485
17132,7254.402
17133,5828.1733
17134,6906.8984
17135,4508.8477
17136,3858.3352
17137,4891.775
17138,9195.193
17139,9791.724
17140,8786.849
17141,7203.393
17142,3687.2234
17143,5602.8887
17144,3240.1917
17145,7880.5474
17146,9516.421
17147,8961.575
17148,5579.189
17149,4120.6777
17150,4058.0776
17151,4186.08
17152,8972.942
17153,5151.81
17154,4872.9834
17155,3808.0435
17156,6771.9956
17157,3136.2852
17158,7336.8887
17159,4013.6814
17160,5874.3066
17161,4892.3115
17162,5747.3145
17163,7415.891
17164,5865.2256
17165,4772.1436
17166,5932.1333
17167,5975.207
17168,9900.356
17169,5378.3433
17170,7850.906
17171,7809.546
17172,7397.4316
17173,5830.1636
17174,7391.648
17175,3336.0186
17176,4426.903
17177,5414.6274
17178,6512.6753
17179,7889.3394
17180,7125.968
17181,5187.645
17182,7409.789
17183,6061.3984
17184,7298.5283
17185,3388.4233
17186,12744.193
17187,3964.571
17188,4865.2686
17189,8379.691
17190,3845.629
17191,4834.4355
17192,4972.8647
17193,6686.337
17194,5070.1284
17195,3966.595
17196,6523.692
17197,6770.2065
17198,6333.989
17199,4581.8335
17200,7115.0605
17201,11029.455
17202,6294.5283
17203,5303.841
17204,5801.8047
17205,5857.6274
17206,4935.4473
17207,6440.486
17208,3347.8015
17209,7913.191
17210,5609.5625
17211,5802.347
17212,9596.538
17213,4041.2542
17214,4238.8594
17215,4042.461
17216,7363.6343
17217,6481.0713
17218,3892.839
17219,4184.2637
17220,5624.3765
17221,5233.928
17222,4424.6865
17223,5732.549
17224,5160.8057
17225,6936.9053
17226,4460.9844
17227,4094.6758
17228,5809.53
17229,6220.1626
17230,5778.0464
17231,7236.3306
17232,7515.438
17233,4174.4204
17234,8287.506
17235,5040.617
17236,5053.6685
17237,7964.1494
17238,5051.0615
17239,9916.394
17240,7170.64
17241,6279.4106
17242,5234.6523
17243,7124.065
17244,6598.1543
17245,5248.226
17246,3275.3938
17247,5125.528
17248,7160.8047
17249,4876.964
17250,3801.003
17251,7423.3926
17252,5553.539
17253,4833.343
17254,5352.8096
17255,4581.7246
17256,6934.5835
17257,6744.8438
17258,4901.705
17259,4628.979
17260,4086.4817
17261,5894.1245
17262,3253.2344
17263,6316.9805
17264,4626.4585
17265,7757.0015
17266,6453.756
17267,5479.709
17268,11656.618
17269,4700.339
17270,4696.8657
17271,10550.484
17272,6048.733
17273,7381.383
17274,7310.386
17275,4949.1426
17276,5876.352
17277,4590.513
17278,6599.621
17279,10694.337
17280,7038.128
17281,2600.2356
17282,4659.4575
17283,7768.396
17284,8213.872
17285,4515.8765
17286,5323.4604
17287,4300.5337
17288,3825.3667
17289,2954.8904
17290,4480.927
17291,6127.5273
17292,6460.3647
17293,5898.9897
17294,5602.7603
17295,6732.7856
17296,8035.024
17297,7176.9077
17298,3846.6562
17299,9594.086
17300,9222.122
17301,4479.3027
17302,6170.642
17303,4822.502
17304,6134.188
17305,3181.3928
17306,5355.6953
17307,4318.7983
17308,9270.132
17309,6432.3145
17310,6886.0137
17311,7554.023
17312,5388.3975
17313,7479.2324
17314,21949.094
17315,8097.441
17316,4885.2095
17317,2810.692
17318,5096.389
17319,7695.7915
17320,4772.016
17321,10626.489
17322,20005.574
17323,3499.125
17324,4837.1157
17325,9163.509
17326,3967.3745
17327,7245.15
17328,5246.945
17329,7178.119
17330,4113.8677
17331,5193.036
17332,4795.53
17333,6978.981
17334,7873.117
17335,5827.934
17336,5815.146
17337,6109.8496
17338,4198.0166
17339,4940.3364
17340,6413.4946
17341,4030.9746
17342,5212.679
17343,6463.7607
17344,5695.6934
17345,5633.638
17346,6147.3086
17347,6631.841
17348,6772.3506
17349,10082.826
17350,7071.1665
17351,5308.0513
17352,3305.5972
17353,5286.0474
17354,5798.9004
17355,4927.4224
17356,3823.7869
17357,8117.6006
17358,5342.042
17359,9893.815
17360,6461.9424
17361,4848.4653
17362,4416.502
17363,4671.8745
17364,9577.044
17365,4199.843
17366,6895.524
17367,18319.062
17368,6615.522
17369,5327.0874
17370,4813.141
17371,4150.062
17372,6071.0327
17373,3775.933
17374,5189.659
17375,10477.612
17376,4515.7085
17377,12637.498
17378,14226.771
17379,4966.527
17380,5979.9966
17381,4963.7227
17382,6369.5884
17383,5196.5894
17384,9533.409
17385,6469.6636
17386,9078.109
17387,3512.3315
17388,7157.998
17389,4733.5576
17390,7018.9883
17391,5799.304
17392,5542.5107
17393,5916.097
17394,5101.457
17395,8130.06
17396,8943.371
17397,5554.8
17398,10342.75
17399,6127.7437
17400,8233.63
17401,5078.875
17402,3904.3232
17403,5017.395
17404,8513.414
17405,5889.0503
17406,6928.23
17407,5790.549
17408,8371.4795
17409,4237.315
17410,7634.9185
17411,6685.489
17412,3390.7678
17413,15025.246
17414,20189.678
17415,5705.7803
17416,6324.824
17417,8282.101
17418,9699.545
17419,10994.324
17420,4407.5923
17421,6254.335
17422,5704.98
17423,7749.8135
17424,3582.0083
17425,5160.2544
17426,4848.0864
17427,4655.6636
17428,7143.1436
17429,4604.182
17430,3857.6948
17431,6508.111
17432,3400.6055
17433,4034.8447
17434,5455.812
17435,5167.717
17436,8683.664
17437,7327.615
17438,5634.778
17439,5886.7476
17440,6105.4688
17441,11557.947
17442,6008.246
17443,4290.458
17444,3840.9802
17445,9218.982
17446,4227.279
17447,6175.4526
17448,2880.5579
17449,4537.107
17450,6353.236
17451,5284.041
17452,4210.866
17453,7337.5186
17454,9174.257
17455,12042.774
17456,6457.0254
17457,8066.0605
17458,2875.9998
17459,4237.416
17460,5904.1797
17461,3679.669
17462,9047.096
17463,4084.6577
17464,4961.394
17465,7992.7397
17466,9335.809
17467,8227.86
17468,4831.7896
17469,4383.345
17470,9887.514
17471,7245.668
17472,5441.535
17473,4261.173
17474,6794.673
17475,8443.634
17476,4084.3616
17477,5208.519
17478,7628.8477
17479,7121.429
17480,13331.502
17481,6083.6753
17482,12505.691
17483,5240.093
17484,4833.509
17485,3135.0198
17486,5983.5967
17487,4763.643
17488,4638.677
17489,7871.946
17490,4092.5164
17491,3942.7383
17492,6749.432
17493,3620.4497
17494,6571.6807
17495,5971.851
17496,6452.716
17497,7623.3413
17498,4627.915
17499,8342.815
17500,5463.0034
17501,4463.36
17502,4843.889
17503,3830.6433
17504,9566.071
17505,5792.0347
17506,3942.5312
17507,6094.0654
17508,7479.482
17509,6598.526
17510,5044.759
17511,7646.039
17512,5253.7456
17513,4736.5615
17514,4120.328
17515,7281.222
17516,5229.033
17517,5882.1284
17518,4681.3804
17519,4700.034
17520,4333.63
17521,4904.689
17522,7022.799
17523,8326.1455
17524,10463.472
17525,8917.171
17526,7918.3022
17527,8697.756
17528,4914.2095
17529,11234.521
17530,9816.616
17531,5929.3843
17532,7872.5166
17533,7588.107
17534,5537.4854
17535,3449.089
17536,10286.998
17537,5302.6416
17538,6702.3447
17539,4821.7017
17540,2128.7183
17541,10802.21
17542,4942.264
17543,4148.2417
17544,4676.596
17545,4631.8853
17546,6248.009
17547,6286.656
17548,6296.7617
17549,5131.8633
17550,3711.5132
17551,3749.065
17552,3218.9673
17553,6277.56
17554,17138.691
17555,3939.52
17556,5208.474
17557,6367.359
17558,4865.157
17559,3814.4822
17560,4687.9717
17561,3642.103
17562,6825.4814
17563,5891.5503
17564,3119.587
17565,8410.495
17566,3961.1877
17567,4651.4907
17568,12035.644
17569,6840.282
17570,9801.787
17571,4688.7275
17572,5326.188
17573,4025.28
17574,4633.909
17575,20041.553
17576,8621.25
17577,6289.049
17578,4411.525
17579,4636.58
17580,5248.006
17581,3938.6145
17582,9656.761
17583,4887.5723
17584,4298.1836
17585,6651.536
17586,4054.603
17587,5603.2896
17588,6298.2217
17589,5497.54
17590,6409.513
17591,3706.2698
17592,4706.8354
17593,5035.7056
17594,8550.97
17595,7037.927
17596,6777.818
17597,3236.5093
17598,6882.5464
17599,5635.9116
17600,4391.276
17601,5984.8696
17602,6431.0386
17603,5285.3315
17604,5989.181
17605,5407.216
17606,4831.7617
17607,4783.9385
17608,7437.943
17609,5176.6367
17610,4887.778
17611,7206.926
17612,5080.232
17613,4118.2534
17614,10962.713
17615,4754.0786
17616,2893.943
17617,6793.7075
17618,6760.295
17619,9461.521
17620,3994.7703
17621,5831.1035
17622,5007.789
17623,6987.0
17624,4901.7705
17625,7353.0156
17626,2675.467
17627,4705.3545
17628,4875.3174
17629,4476.945
17630,4268.834
17631,6227.2563
17632,6372.7485
17633,5817.5093
17634,6796.6436
17635,5813.7764
17636,8248.415
17637,3906.756
17638,4949.256
17639,5650.8384
17640,6991.8066
17641,7382.404
17642,3161.9226
17643,7667.4004
17644,5075.606
17645,6216.343
17646,4541.991
17647,3957.6638
17648,6860.6685
17649,4907.717
17650,8592.666
17651,5905.6045
17652,5125.2393
17653,6965.295
17654,5781.437
17655,5093.172
17656,6706.898
17657,4858.799
17658,9297.741
17659,9180.297
17660,7178.66
17661,4211.6616
17662,4330.3657
17663,3434.4524
17664,2960.5225
17665,6698.229
17666,4504.364
17667,8424.408
17668,3516.824
17669,4482.821
17670,4834.9565
17671,8301.611
17672,4802.121
17673,4219.475
17674,4496.2334
17675,4240.91
17676,4043.6528
17677,6877.782
17678,7154.674
17679,6802.1753
17680,7038.652
17681,6114.846
17682,5830.381
17683,4163.0513
17684,4779.514
17685,9575.163
17686,7884.1865
17687,9288.0625
17688,15420.92
17689,4477.641
17690,3581.2363
17691,5496.6646
17692,8343.214
17693,8006.6797
17694,7076.6113
17695,7609.379
17696,7591.6616
17697,6228.1294
17698,5656.544
17699,4812.4204
17700,4243.249
17701,3792.651
17702,3698.7432
17703,4369.5396
17704,6669.935
17705,18470.393
17706,6235.9224
17707,4800.431
17708,6440.123
17709,3851.5947
17710,6557.9805
17711,4042.249
17712,7735.531
17713,5374.8916
17714,6040.246
17715,14375.537
17716,10763.12
17717,4735.6807
17718,6057.457
17719,3784.5662
17720,4461.478
17721,5049.703
17722,6642.8755
17723,3952.0125
17724,4063.807
17725,4532.158
17726,4464.6626
17727,6023.78
17728,6504.946
17729,3739.2144
17730,6944.7964
17731,8492.23
17732,5484.614
17733,4309.206
17734,3563.2402
17735,7263.278
17736,4010.6465
17737,9649.781
17738,4143.6855
17739,5416.544
17740,6409.3667
17741,4891.3877
17742,3807.3425
17743,4303.993
17744,4920.6357
17745,9819.585
17746,9329.872
17747,5446.042
17748,3897.5396
17749,5620.0005
17750,7883.254
17751,4065.1755
17752,4689.877
17753,5642.5547
17754,10202.353
17755,7057.8716
17756,6078.6113
17757,5734.337
17758,4017.627
17759,8481.537
17760,4782.036
17761,13389.557
17762,5346.88
17763,4581.72
17764,4950.7617
17765,3561.5376
17766,5514.9775
17767,20097.828
17768,3225.2595
17769,4511.8203
17770,8108.988
17771,5458.5186
17772,6446.0723
17773,7404.385
17774,5332.0083
17775,4060.8271
17776,3185.988
17777,9125.403
17778,5201.479
17779,7212.427
17780,7218.6416
17781,4108.0205
17782,5955.0938
17783,6082.486
17784,3366.7454
17785,7783.608
17786,9013.608
17787,3589.6501
17788,7521.9854
17789,5945.428
17790,5980.35
17791,9224.577
17792,6317.7397
17793,6775.032
17794,4241.9497
17795,4223.1514
17796,6913.608
17797,3071.529
17798,7443.571
17799,3516.8542
17800,5913.293
17801,4187.138
17802,4803.202
17803,5501.947
17804,6432.7744
17805,5593.5815
17806,7746.325
17807,4992.213
17808,6850.35
17809,4874.9497
17810,8118.654
17811,9610.827
17812,7134.0605
17813,2925.8606
17814,5118.0776
17815,6593.8887
17816,3280.6504
17817,10020.415
17818,4424.822
17819,6139.837
17820,10820.121
17821,6574.1885
17822,3148.2458
17823,7464.281
17824,9319.697
17825,5402.39
17826,8538.924
17827,7720.9507
17828,5135.668
17829,5352.5645
17830,6128.153
17831,4103.869
17832,5121.154
17833,7059.4473
17834,3897.7588
17835,6221.521
17836,6378.3794
17837,5898.028
17838,6709.5337
17839,5782.176
17840,6552.534
17841,5317.8677
17842,6019.656
17843,6026.3887
17844,6237.8857
17845,6355.824
17846,6511.017
17847,9397.245
17848,5341.3696
17849,4183.214
17850,5594.1895
17851,6699.615
17852,6127.4106
17853,4306.387
17854,3974.219
17855,6823.0015
17856,6795.6323
17857,5645.3325
17858,6782.4287
17859,4698.1963
17860,5946.109
17861,4451.48
17862,2504.2786
17863,5747.1724
17864,5971.0425
17865,5623.9956
17866,8124.7964
17867,7507.0483
17868,4341.649
17869,7037.343
17870,3777.677
17871,2387.8818
17872,5868.7563
17873,10827.822
17874,6627.1553
17875,6354.369
17876,3441.3362
17877,6061.6416
17878,7949.495
17879,5289.8657
17880,6884.234
17881,4278.1035
17882,4491.9165
17883,4197.0156
17884,5505.3853
17885,4578.8584
17886,4232.1523
17887,4117.126
17888,3989.4731
17889,5524.0645
17890,6017.859
17891,4194.83
17892,5910.9585
17893,6841.6587
17894,5760.4316
17895,3888.571
17896,8339.554
17897,6444.652
17898,4373.422
17899,3031.039
17900,9027.865
17901,5582.676
17902,4432.4766
17903,6624.1094
17904,8028.3975
17905,6730.095
17906,5594.4673
17907,7200.879
17908,7890.8667
17909,11959.744
17910,4504.274
17911,4407.029
17912,4633.8296
17913,6188.496
17914,4584.4565
17915,7605.236
17916,7905.9863
17917,4626.1895
17918,3457.8325
17919,4731.102
17920,10196.788
17921,4150.181
17922,6771.563
17923,3133.199
17924,6104.4497
17925,6991.013
17926,6266.397
17927,7276.876
17928,5824.8496
17929,3747.0842
17930,5716.005
17931,6211.406
17932,7987.6714
17933,6466.5605
17934,7488.219
17935,5292.6265
17936,4280.0996
17937,9578.359
17938,3467.65
17939,9228.871
17940,4911.8193
17941,4055.628
17942,6455.8125
17943,5374.661
17944,6095.1816
17945,7610.0176
17946,3627.8652
17947,3942.49
17948,6364.9546
17949,6919.8555
17950,9089.416
17951,5040.1797
17952,5355.1997
17953,4621.99
17954,5992.8784
17955,4407.365
17956,9925.3545
17957,8391.816
17958,12215.951
17959,3758.3857
17960,5351.6353
17961,10087.164
17962,11420.003
17963,4308.043
17964,9754.355
17965,5410.776
17966,4978.688
17967,4052.1013
17968,4169.5654
17969,4940.313
17970,5137.7207
17971,3493.115
17972,4175.711
17973,7898.9917
17974,6355.8
17975,23960.936
17976,5938.797
17977,3246.928
17978,5664.7563
17979,9661.008
17980,5748.274
17981,6847.848
17982,5038.6465
17983,6583.4126
17984,6688.072
17985,3363.5642
17986,4388.1816
17987,5595.86
17988,6990.0063
17989,5499.554
17990,6438.4893
17991,4203.021
17992,3661.2761
17993,4506.5
17994,8701.539
17995,9124.4375
17996,8313.029
17997,6650.09
17998,3457.483
17999,5162.5093
18000,3095.881
18001,7486.198
18002,8735.65
18003,8635.512
18004,5104.9326
18005,3878.476
18006,3799.9333
18007,3851.3376
18008,8496.679
18009,4722.603
18010,4471.064
18011,3555.9666
18012,6431.9097
18013,2951.138
18014,6821.147
18015,3673.4856
18016,5603.3696
18017,4538.0894
18018,5480.749
18019,6843.408
18020,5590.3115
18021,4518.061
18022,5647.659
18023,5614.305
18024,9203.871
18025,4958.0537
18026,7583.8237
18027,7458.104
18028,6959.577
18029,5454.7085
18030,6948.832
18031,3150.6975
18032,4216.2964
18033,5139.495
18034,6016.6475
18035,7379.074
18036,6582.2764
18037,4965.717
18038,6883.7676
18039,5759.624
18040,6865.054
18041,3193.6077
18042,12269.651
18043,3726.8433
18044,4621.964
18045,7952.604
18046,3574.4478
18047,4443.1143
18048,4671.1523
18049,6161.35
18050,4586.9062
18051,3691.989
18052,6071.125
18053,6269.996
18054,5966.078
18055,4348.525
18056,6763.165
18057,10450.267
18058,6025.6357
18059,4993.213
18060,5353.9126
18061,5552.9985
18062,4525.467
18063,5956.6733
18064,3162.4143
18065,7384.01
18066,5358.894
18067,5379.846
18068,9578.149
18069,3819.7476
18070,3857.8054
18071,3722.6362
18072,6822.6694
18073,6210.0073
18074,3615.152
18075,3875.4175
18076,5214.942
18077,4796.449
18078,4222.394
18079,5456.9204
18080,4935.7817
18081,6590.4307
18082,4163.782
18083,3861.325
18084,5365.4253
18085,5979.2095
18086,5604.198
18087,6554.7725
18088,6927.569
18089,3858.0996
18090,7823.8306
18091,4801.9883
18092,4723.9727
18093,7415.318
18094,4670.4307
18095,9477.399
18096,6713.1826
18097,5840.901
18098,4777.3994
18099,6757.13
18100,6107.5425
18101,5011.7554
18102,3093.1887
18103,4828.942
18104,6917.7705
18105,4433.927
18106,3564.5525
18107,7043.924
18108,5273.7437
18109,4574.907
18110,4997.077
18111,4361.507
18112,6597.4243
18113,6243.481
18114,4670.021
18115,4248.7046
18116,3902.8708
18117,5429.548
18118,3060.064
18119,6059.202
18120,4271.6157
18121,7232.894
18122,6159.728
18123,5201.092
18124,11035.043
18125,4493.078
18126,4302.183
18127,10081.537
18128,5662.045
18129,6842.533
18130,6919.5586
18131,4472.719
18132,5408.9385
18133,4347.3345
18134,6250.5
18135,10364.297
18136,6702.4854
18137,2343.9656
18138,4411.348
18139,7138.267
18140,7532.345
18141,4213.418
18142,4899.162
18143,4005.7944
18144,3657.398
18145,2784.4219
18146,4241.5854
18147,5659.6743
18148,5968.8896
18149,5601.425
18150,5311.7285
18151,6168.2944
18152,7465.8047
18153,6672.5693
18154,3547.8752
18155,9181.724
18156,8530.45
18157,4221.609
18158,5815.379
18159,4438.5225
18160,5653.216
18161,2876.6873
18162,5140.03
18163,3942.2644
18164,8871.903
18165,6020.4595
18166,6380.777
18167,7218.5176
18168,4948.8213
18169,6975.2744
18170,21308.586
18171,7501.0864
18172,4615.087
18173,2543.4226
18174,4654.6865
18175,7270.9233
18176,4498.1426
18177,10110.531
18178,19144.45
18179,3283.553
18180,4613.1543
18181,8680.625
18182,3744.64
18183,6911.584
18184,4959.421
18185,6837.758
18186,3888.0146
18187,4802.918
18188,4462.355
18189,6706.629
18190,7356.376
18191,5344.1777
18192,5368.2925
18193,5811.514
18194,3866.7803
18195,4657.72
18196,6021.4414
18197,3727.7925
18198,4773.6
18199,6132.632
18200,5428.7505
18201,5350.9463
18202,5834.286
18203,6377.4365
18204,6300.2104
18205,9756.737
18206,6714.5913
18207,5065.314
18208,3001.25
18209,4961.9146
18210,5512.784
18211,4581.1084
18212,3619.5276
18213,7661.5376
18214,4880.6772
18215,9539.175
18216,6155.722
18217,4437.248
18218,4128.3027
18219,4385.4614
18220,8814.448
18221,3873.019
18222,6581.002
18223,17934.146
18224,6131.9126
18225,5029.0337
18226,4403.226
18227,3925.977
18228,5700.134
18229,3534.0667
18230,4938.1504
18231,9973.267
18232,4092.29
18233,11850.4795
18234,13762.738
18235,4514.692
18236,5677.6904
18237,4707.518
18238,6107.8335
18239,4911.398
18240,9006.622
18241,5872.884
18242,8658.117
18243,3324.3975
18244,6810.849
18245,4328.9697
18246,6716.6924
18247,5337.565
18248,5194.3047
18249,5443.295
18250,4865.018
18251,7482.0938
18252,8646.68
18253,5120.475
18254,9848.173
18255,5674.4204
18256,7779.763
18257,4817.091
18258,3662.1074
18259,4634.391
18260,8017.3477
18261,5421.2837
18262,6317.788
18263,5317.381
18264,7696.063
18265,3855.653
18266,7352.7773
18267,6348.6807
18268,3082.4927
18269,14371.932
18270,19763.102
18271,5296.626
18272,5796.1187
18273,7687.648
18274,9224.022
18275,10492.072
18276,4166.945
18277,5943.115
18278,5225.7773
18279,7189.926
18280,3380.2554
18281,4871.7793
18282,4519.229
18283,4425.59
18284,6779.111
18285,4383.0566
18286,3623.808
18287,6000.062
18288,3214.7295
18289,3763.8857
18290,5021.3833
18291,4764.1113
18292,8092.2524
18293,6841.9067
18294,5416.487
18295,5403.751
18296,5638.611
18297,11002.884
18298,5694.33
18299,4038.2485
18300,3536.8186
18301,8726.798
18302,4007.2354
18303,5655.055
18304,2629.6035
18305,4300.144
18306,6085.3467
18307,4878.0107
18308,3834.9026
18309,6853.814
18310,8501.713
18311,11486.122
18312,6168.424
18313,7729.439
18314,2708.0508
18315,3902.335
18316,5420.1304
18317,3424.2192
18318,8575.415
18319,3825.8594
18320,4719.455
18321,7619.227
18322,8954.791
18323,7730.9727
18324,4554.8335
18325,4195.7783
18326,9952.731
18327,6740.284
18328,5172.195
18329,3896.2534
18330,6365.8228
18331,8133.3174
18332,3731.7312
18333,4950.6157
18334,7065.2134
18335,6788.694
18336,12898.119
18337,5713.3174
18338,11983.859
18339,4878.741
18340,4492.332
18341,2961.1538
18342,5652.817
18343,4416.683
18344,4306.4487
18345,7560.5894
18346,3764.8481
18347,3713.3157
18348,6248.6343
18349,3415.3687
18350,6258.6196
18351,5518.429
18352,6162.537
18353,7007.717
18354,4260.181
18355,7979.189
18356,5180.154
18357,4161.9478
18358,4443.1865
18359,3651.8025
18360,9194.693
18361,5429.4653
18362,3746.8481
18363,5748.0166
18364,7047.929
18365,6226.906
18366,4772.8765
18367,7301.836
18368,4969.176
18369,4494.741
18370,3843.5715
18371,6685.425
18372,4940.7324
18373,5609.851
18374,4326.819
18375,4371.349
18376,4088.6145
18377,4454.2705
18378,6531.88
18379,8157.0747
18380,9695.8545
18381,8471.464
18382,7377.786
18383,8437.732
18384,4632.9634
18385,10745.222
18386,9521.105
18387,5516.382
18388,7478.726
18389,7148.9507
18390,5268.9067
18391,3278.3572
18392,9911.468
18393,4913.136
18394,6356.4062
18395,4580.033
18396,1955.6937
18397,10284.811
18398,4564.89
18399,3791.4028
18400,4410.5024
18401,4256.704
18402,5987.2676
18403,6000.732
18404,5913.2705
18405,4781.1465
18406,3415.17
18407,3547.5605
18408,3025.882
18409,5778.686
18410,16510.982
18411,3700.2112
18412,4744.995
18413,6047.9365
18414,4609.552
18415,3495.1182
18416,4280.655
18417,3445.705
18418,6311.217
18419,5359.697
18420,2941.5671
18421,7878.0146
18422,3772.718
18423,4396.8003
18424,11600.62
18425,6321.7
18426,9466.874
18427,4514.4165
18428,5063.449
18429,3685.8132
18430,4289.2837
18431,19389.852
18432,8093.156
18433,5808.289
18434,4186.855
18435,4237.3516
18436,4989.171
18437,3728.9805
18438,9448.121
18439,4625.4614
18440,4013.5054
18441,6178.64
18442,3688.2788
18443,5299.916
18444,6011.376
18445,5105.4585
18446,5926.331
18447,3502.7886
18448,4449.1704
18449,4664.923
18450,7950.0786
18451,6628.5146
18452,6262.549
18453,3082.0251
18454,6387.786
18455,5323.938
18456,4185.07
18457,5638.1
18458,6119.7476
18459,4967.6924
18460,5610.9536
18461,5135.237
18462,4459.6616
18463,4390.8945
18464,7048.44
18465,4760.913
18466,4587.3525
18467,6797.571
18468,4680.7153
18469,3903.1091
18470,10208.796
18471,4469.6016
18472,2629.769
18473,6521.3716
18474,6382.591
18475,9180.323
18476,3807.5205
18477,5574.2314
18478,4746.018
18479,6607.4814
18480,4471.418
18481,6737.038
18482,2426.34
18483,4332.729
18484,4482.6025
18485,4119.0312
18486,4070.1035
18487,5747.9067
18488,5906.112
18489,5549.8057
18490,6484.466
18491,5457.269
18492,7708.552
18493,3557.765
18494,4784.436
18495,5408.485
18496,6528.1426
18497,6944.6904
18498,2966.1184
18499,7312.6387
18500,4728.35
18501,5741.72
18502,4236.1753
18503,3728.536
18504,6391.9062
18505,4636.2173
18506,7951.0723
18507,5421.909
18508,4853.56
18509,6396.8706
18510,5485.545
18511,4706.7817
18512,6404.4595
18513,4610.163
18514,8819.494
18515,8492.304
18516,6821.4526
18517,3978.5356
18518,4008.6345
18519,3252.6633
18520,2782.8154
18521,6318.427
18522,4135.74
18523,8027.976
18524,3233.8274
18525,4100.3276
18526,4612.7188
18527,7866.6167
18528,4374.611
18529,3886.791
18530,4122.333
18531,4011.7178
18532,3769.0059
18533,6603.2163
18534,6816.0547
18535,6471.2373
18536,6518.1753
18537,5628.944
18538,5368.236
18539,3936.8303
18540,4363.6045
18541,8940.676
18542,7459.2134
18543,9163.439
18544,14692.935
18545,4223.139
18546,3329.6978
18547,5196.8022
18548,7676.386
18549,7500.128
18550,6540.6953
18551,7056.99
18552,7003.7344
18553,5928.9146
18554,5199.941
18555,4386.2397
18556,4034.8755
18557,3474.1428
18558,3488.809
18559,4121.2085
18560,6112.129
18561,17687.537
18562,5981.411
18563,4557.859
18564,6085.4336
18565,3523.063
18566,6049.454
18567,3775.973
18568,7402.4707
18569,4987.377
18570,5796.6885
18571,13995.281
18572,10045.937
18573,4507.536
18574,5832.984
18575,3471.2278
18576,4223.252
18577,4819.0303
18578,6172.62
18579,3628.3223
18580,3693.236
18581,4307.6484
18582,4143.8477
18583,5687.2354
18584,5916.4185
18585,3514.768
18586,6405.9194
18587,8062.884
18588,4983.834
18589,3943.8704
18590,3250.0796
18591,6931.396
18592,3786.935
18593,9206.9795
18594,3812.9543
18595,4979.144
18596,6141.852
18597,4476.0864
18598,3535.4087
18599,3930.5789
18600,4584.8154
18601,9403.046
18602,8890.836
18603,5016.3325
18604,3701.1643
18605,5370.812
18606,7491.1265
18607,3766.0696
18608,4318.9385
18609,5395.2427
18610,9859.356
18611,6738.3877
18612,5819.4243
18613,5477.979
18614,3798.759
18615,8084.8003
18616,4475.7363
18617,12818.761
18618,4949.9263
18619,4195.5425
18620,4644.5254
18621,3337.559
18622,5267.6704
18623,19399.12
18624,3024.465
18625,4082.897
18626,7663.869
18627,5005.473
18628,6156.4033
18629,6958.117
18630,4861.9795
18631,3727.4832
18632,2946.8477
18633,8831.969
18634,4980.7163
18635,6840.7715
18636,6743.017
18637,3886.6091
18638,5596.9595
18639,5667.5073
18640,3111.8884
18641,7463.854
18642,8772.454
18643,3407.841
18644,6937.0044
18645,5478.8467
18646,5541.0093
18647,8574.646
18648,5821.5674
18649,6392.4854
18650,3994.2483
18651,3844.9944
18652,6639.0435
18653,2814.9653
18654,7169.457
18655,3297.4807
18656,5585.7173
18657,3958.151
18658,4454.4873
18659,5192.67
18660,6112.3853
18661,5133.9634
18662,7191.8735
18663,4751.3994
18664,6455.683
18665,4640.987
18666,7720.8843
18667,9293.769
18668,6843.6494
18669,2674.1758
18670,4858.808
18671,6327.449
18672,3085.1082
18673,9495.975
18674,4091.0254
18675,5819.0576
18676,10383.393
18677,6237.5464
18678,2948.7148
18679,7270.7153
18680,9036.126
18681,5064.5215
18682,8214.271
18683,7286.1895
18684,4734.1943
18685,5057.7437
18686,5822.2334
18687,3956.0522
18688,4860.8945
18689,6464.735
18690,3661.807
18691,5843.2803
18692,5832.194
18693,5601.051
18694,6146.851
18695,5528.74
18696,6193.137
18697,5020.3486
18698,5742.536
18699,5691.224
18700,5975.8228
18701,6008.074
18702,6006.51
18703,8998.988
18704,4906.6167
18705,3972.271
18706,5143.2715
18707,6163.848
18708,5749.93
18709,4075.2627
18710,3758.1885
18711,6505.6597
18712,6483.6865
18713,5417.5205
18714,6224.5366
18715,4347.0234
18716,5602.5146
18717,4041.2427
18718,2330.4158
18719,5333.534
18720,5486.6597
18721,5234.937
18722,7803.098
18723,7172.309
18724,4101.376
18725,6667.734
18726,3548.1528
18727,2223.488
18728,5385.9
18729,10468.383
18730,6261.844
18731,6042.038
18732,3251.0254
18733,5735.119
18734,7507.7144
18735,4889.382
18736,6490.7036
18737,4014.3591
18738,4270.1084
18739,4000.3987
18740,5188.481
18741,4318.617
18742,3997.7056
18743,3765.9187
18744,3767.6362
18745,5256.1416
18746,5699.5845
18747,3883.8074
18748,5590.1997
18749,6449.313
18750,5447.616
18751,3685.1875
18752,7825.4575
18753,6068.4736
18754,4019.7852
18755,2834.9841
18756,8625.272
18757,5131.6377
18758,4066.8784
18759,6172.2314
18760,7642.343
18761,6392.772
18762,5254.312
18763,6900.1357
18764,7301.348
18765,11617.838
18766,4253.181
18767,4025.9404
18768,4207.582
18769,5877.462
18770,4224.5093
18771,7147.328
18772,7462.9995
18773,4324.438
18774,3239.138
18775,4422.45
18776,10060.492
18777,3894.7854
18778,6277.8413
18779,2957.3228
18780,5614.53
18781,6598.2173
18782,5923.3867
18783,6947.0093
18784,5583.533
18785,3427.1343
18786,5283.396
18787,5856.985
18788,7489.755
18789,6105.9814
18790,6983.7886
18791,4884.268
18792,4034.479
18793,9143.83
18794,3290.5518
18795,8758.91
18796,4539.2324
18797,3698.863
18798,6060.052
18799,5105.186
18800,5767.007
18801,7184.1196
18802,3407.714
18803,3687.0652
18804,5919.9297
18805,6579.521
18806,8731.91
18807,4617.993
18808,5063.6426
18809,4403.982
18810,5523.5796
18811,4150.589
18812,9169.113
18813,8093.14
18814,11823.893
18815,3442.7283
18816,5029.024
18817,9694.144
18818,11056.197
18819,4062.7527
18820,9162.696
18821,5140.8633
18822,4560.642
18823,3740.9197
18824,3798.5234
18825,4696.7715
18826,4892.447
18827,3253.2437
18828,3942.3245
18829,7346.643
18830,6082.41
18831,22866.387
18832,5459.982
18833,3157.6091
18834,5531.2876
18835,9641.806
18836,5742.306
18837,6745.4937
18838,4941.793
18839,6510.5137
18840,6622.77
18841,3288.8477
18842,4335.3667
18843,5366.567
18844,6949.1167
18845,5407.8604
18846,6218.3174
18847,4100.5977
18848,3631.9167
18849,4317.8223
18850,8516.216
18851,8816.029
18852,8157.1367
18853,6402.9385
18854,3415.4207
18855,4932.115
18856,3107.8418
18857,7359.906
18858,8314.893
18859,8562.788
18860,4884.9346
18861,3839.8188
18862,3727.5686
18863,3704.5518
18864,8338.917
18865,4538.583
18866,4253.952
18867,3480.9436
18868,6386.3545
18869,2891.2898
18870,6544.8765
18871,3501.3152
18872,5512.4316
18873,4391.326
18874,5379.072
18875,6534.3535
18876,5511.1333
18877,4447.5073
18878,5615.0977
18879,5501.59
18880,8827.674
18881,4736.3896
18882,7554.145
18883,7354.271
18884,6839.636
18885,5323.3643
18886,6756.369
18887,3116.7222
18888,4179.4526
18889,5102.6104
18890,5736.246
18891,7118.4272
18892,6315.0107
18893,4938.1504
18894,6594.7065
18895,5665.7236
18896,6677.6626
18897,3168.055
18898,12098.414
18899,3682.1372
18900,4563.423
18901,7818.5415
18902,3485.1135
18903,4303.5376
18904,4569.6606
18905,5902.592
18906,4326.377
18907,3605.901
18908,5825.967
18909,6024.354
18910,5851.8086
18911,4293.6104
18912,6633.2896
18913,10185.853
18914,5960.623
18915,4824.9775
18916,5136.1284
18917,5449.4976
18918,4302.4536
18919,5706.6943
18920,3147.282
18921,7123.5757
18922,5303.0312
18923,5196.0786
18924,9985.621
18925,3786.0142
18926,3699.163
18927,3578.1047
18928,6566.424
18929,6156.016
18930,3529.2185
18931,3782.913
18932,5031.884
18933,4569.774
18934,4187.526
18935,5395.2324
18936,4898.6904
18937,6485.5854
18938,4077.3662
18939,3812.358
18940,5137.819
18941,5917.22
18942,5648.85
18943,6177.774
18944,6633.973
18945,3719.5303
18946,7629.801
18947,4796.9067
18948,4587.895
18949,7112.774
18950,4493.7593
18951,9338.659
18952,6491.075
18953,5625.68
18954,4518.2764
18955,6642.5205
18956,5874.5586
18957,4970.7827
18958,3045.8308
18959,4754.31
18960,6881.752
18961,4240.137
18962,3515.7642
18963,6939.1484
18964,5206.3633
18965,4472.0493
18966,4876.252
18967,4357.989
18968,6517.7646
18969,6012.93
18970,4613.3613
18971,4074.5356
18972,3878.6685
18973,5233.6987
18974,3018.1702
18975,5981.7993
18976,4124.422
18977,6960.082
18978,6083.542
18979,5126.985
18980,10756.573
18981,4476.142
18982,4077.448
18983,9928.791
18984,5547.429
18985,6559.488
18986,6793.098
18987,4202.119
18988,5167.0317
18989,4273.67
18990,6165.377
18991,10286.9
18992,6606.0576
18993,2217.0144
18994,4316.6445
18995,6823.3594
18996,7163.107
18997,4122.168
18998,4745.982
18999,3900.634
19000,3667.2078
19001,2774.0046
19002,4205.2627
19003,5409.3823
19004,5710.1357
19005,5519.4927
19006,5256.0967
19007,5882.218
19008,7143.934
19009,6416.4497
19010,3420.7454
19011,9038.79
19012,8189.528
19013,4138.882
19014,5713.808
19015,4297.5894
19016,5453.195
19017,2714.9512
19018,5139.01
19019,3787.7012
19020,8727.264
19021,5891.6235
19022,6148.352
19023,7126.2056
19024,4706.665
19025,6755.1514
19026,21088.58
19027,7196.5947
19028,4560.2246
19029,2413.6323
19030,4463.4194
19031,7119.487
19032,4355.4575
19033,9683.997
19034,18553.902
19035,3219.1333
19036,4592.8477
19037,8484.378
19038,3683.0823
19039,6845.569
19040,4845.7607
19041,6736.678
19042,3753.9355
19043,4629.3677
19044,4323.584
19045,6637.264
19046,7118.5566
19047,5061.3247
19048,5140.069
19049,5729.903
19050,3726.0007
19051,4555.338
19052,5879.374
19053,3604.9688
19054,4533.3735
19055,6050.539
19056,5364.1514
19057,5265.5054
19058,5714.2983
19059,6341.6055
19060,6039.526
19061,9846.886
19062,6606.845
19063,5009.017
19064,2852.4907
19065,4834.6016
19066,5438.733
19067,4463.2065
19068,3575.9893
19069,7505.6523
19070,4668.6533
19071,9506.36
19072,6063.642
19073,4215.5044
19074,4033.8865
19075,4234.2847
19076,8387.76
19077,3721.8232
19078,6498.1987
19079,17808.818
19080,5874.2563
19081,4957.9927
19082,4176.715
19083,3893.1956
19084,5570.261
19085,3472.9832
19086,4897.7837
19087,9939.593
19088,3887.1135
19089,11258.527
19090,13627.447
19091,4251.4814
19092,5606.4385
19093,4642.878
19094,6044.165
19095,4847.115
19096,8745.5205
19097,5529.241
19098,8596.412
19099,3295.6348
19100,6702.479
19101,4110.0156
19102,6599.2495
19103,5093.0264
19104,5061.1123
19105,5192.303
19106,4727.908
19107,7161.9727
19108,8569.152
19109,4887.3955
19110,9672.127
19111,5450.6104
19112,7638.568
19113,4729.072
19114,3621.0852
19115,4460.2827
19116,7814.4785
19117,5177.2886
19118,5984.8696
19119,5077.4316
19120,7346.762
19121,3644.025
19122,7303.3545
19123,6257.4077
19124,2927.4702
19125,14149.896
19126,19629.242
19127,5100.09
19128,5553.031
19129,7449.8423
19130,9066.722
19131,10484.09
19132,4144.0967
19133,5887.2246
19134,5004.132
19135,6871.5723
19136,3352.6594
19137,4801.796
19138,4412.72
19139,4364.6406
19140,6677.65
19141,4354.9966
19142,3579.3577
19143,5713.328
19144,3160.861
19145,3684.0837
19146,4823.721
19147,4619.958
19148,7773.2656
19149,6608.5845
19150,5405.4263
19151,5150.906
19152,5398.7896
19153,10980.094
19154,5625.1704
19155,3987.62
19156,3411.4807
19157,8560.55
19158,3949.6497
19159,5417.4893
19160,2549.6204
19161,4276.17
19162,6042.1133
19163,4685.9644
19164,3623.6802
19165,6610.684
19166,8172.6343
19167,11479.616
19168,6108.2007
19169,7599.4497
19170,2699.102
19171,3744.8972
19172,5204.099
19173,3347.8718
19174,8413.889
19175,3762.7837
19176,4657.982
19177,7512.3706
19178,8893.49
19179,7504.514
19180,4461.1465
19181,4192.3857
19182,10521.524
19183,6482.067
19184,5131.4517
19185,3701.514
19186,6193.4976
19187,8066.1836
19188,3561.9963
19189,4920.18
19190,6757.5103
19191,6717.2886
19192,12772.484
19193,5584.716
19194,11805.255
19195,4723.4097
19196,4377.479
19197,2959.2432
19198,5558.054
19199,4263.4497
19200,4189.4233
19201,7444.6
19202,3616.556
19203,3683.2368
19204,6003.045
19205,3355.0718
19206,6172.3906
19207,5294.5854
19208,6090.631
19209,6721.6787
19210,4078.7434
19211,7859.53
19212,5103.005
19213,4074.1782
19214,4227.472
19215,3631.4316
19216,9117.956
19217,5319.5366
19218,3727.7854
19219,5649.7446
19220,6883.236
19221,6114.951
19222,4690.5303
19223,7206.424
19224,4870.892
19225,4354.984
19226,3767.8196
19227,6381.8726
19228,4885.2046
19229,5510.1504
19230,4172.4976
19231,4254.6016
19232,4009.4988
19233,4174.285
19234,6285.4985
19235,8298.849
19236,9294.921
19237,8310.69
19238,7086.1143
19239,8451.53
19240,4552.5664
19241,10576.721
19242,9463.877
19243,5327.5396
19244,7362.328
19245,6955.5957
19246,5195.023
19247,3263.3145
19248,9826.724
19249,4745.027
19250,6274.411
19251,4509.695
19252,1905.4026
19253,10045.15
19254,4377.4326
19255,3612.508
19256,4343.3843
19257,4083.446
19258,5936.0503
19259,5939.4883
19260,5766.451
19261,4686.55
19262,3290.26
19263,3534.9836
19264,2952.515
19265,5540.5444
19266,15977.631
19267,3656.7664
19268,4520.7295
19269,5975.0986
19270,4537.1978
19271,3389.8687
19272,4073.1406
19273,3430.8242
19274,6027.4004
19275,5084.571
19276,2911.672
19277,7612.5225
19278,3761.535
19279,4322.982
19280,11598.629
19281,6060.9937
19282,9383.05
19283,4531.324
19284,5009.237
19285,3530.0032
19286,4152.058
19287,19141.95
19288,7854.419
19289,5549.213
19290,4152.977
19291,4029.337
19292,4924.5283
19293,3707.3835
19294,9469.113
19295,4545.94
19296,3935.9592
19297,5912.983
19298,3491.7725
19299,5195.702
19300,5935.088
19301,4916.0566
19302,5651.2427
19303,3479.34
19304,4356.16
19305,4504.2393
19306,7631.781
19307,6484.3423
19308,5983.2656
19309,3073.2349
19310,6138.2383
19311,5239.3228
19312,4155.3823
19313,5534.217
19314,6041.606
19315,4872.825
19316,5480.817
19317,5059.6206
19318,4297.007
19319,4200.516
19320,6939.016
19321,4522.8647
19322,4506.1304
19323,6623.566
19324,4470.7314
19325,3878.713
19326,9822.273
19327,4394.7583
19328,2530.784
19329,6467.0044
19330,6249.8384
19331,9173.181
19332,3790.3289
19333,5506.7666
19334,4676.636
19335,6495.4536
19336,4278.2954
19337,6438.913
19338,2312.1248
19339,4212.0557
19340,4338.912
19341,3960.4775
19342,4057.4468
19343,5509.2676
19344,5691.3545
19345,5463.144
19346,6423.792
19347,5348.798
19348,7445.2534
19349,3362.5598
19350,4817.3667
19351,5364.735
19352,6284.036
19353,6767.811
19354,2941.469
19355,7052.0376
19356,4593.093
19357,5559.0776
19358,4140.134
19359,3670.1616
19360,6178.699
19361,4593.772
19362,7645.915
19363,5145.5483
19364,4808.818
19365,6136.125
19366,5430.206
19367,4549.1675
19368,6329.894
19369,4596.459
19370,8778.673
19371,8174.443
19372,6719.5825
19373,3933.7634
19374,3872.96
19375,3200.3418
19376,2757.8108
19377,6192.3516
19378,3948.3274
19379,7926.69
19380,3109.1526
19381,3882.559
19382,4558.476
19383,7719.6475
19384,4132.231
19385,3727.028
19386,3984.8367
19387,3959.6501
19388,3679.2898
19389,6500.598
19390,6699.1807
19391,6375.119
19392,6249.6714
19393,5411.447
19394,5114.622
19395,3876.3752
19396,4120.6895
19397,8648.032
19398,7285.3975
19399,9366.025
19400,14165.587
19401,4186.687
19402,3257.1719
19403,5138.108
19404,7331.838
19405,7263.95
19406,6246.0063
19407,6752.459
19408,6724.6924
19409,5846.8203
19410,4972.9688
19411,4190.7744
19412,4015.9756
19413,3309.0867
19414,3454.5388
19415,4083.3916
19416,5853.472
19417,17420.145
19418,5932.858
19419,4468.429
19420,5989.198
19421,3372.731
19422,5759.525
19423,3645.2139
19424,7272.2686
19425,4804.6914
19426,5741.326
19427,13873.203
19428,9505.716
19429,4495.7744
19430,5787.363
19431,3343.4578
19432,4168.0024
19433,4778.402
19434,5933.0557
19435,3516.0022
19436,3491.739
19437,4266.79
19438,4022.3857
19439,5604.973
19440,5618.3926
19441,3422.0706
19442,6111.4937
19443,7913.546
19444,4718.1543
19445,3796.3826
19446,3131.415
19447,6846.9336
19448,3731.1367
19449,9056.817
19450,3663.5925
19451,4727.3535
19452,6085.6777
19453,4273.7925
19454,3449.9348
19455,3720.155
19456,4467.9688
19457,9237.625
19458,8740.7
19459,4791.9766
19460,3668.3416
19461,5313.8315
19462,7394.7227
19463,3686.907
19464,4157.8564
19465,5350.0635
19466,9795.33
19467,6653.7764
19468,5741.315
19469,5395.3506
19470,3752.0774
19471,7954.8877
19472,4389.387
19473,12626.764
19474,4776.2373
19475,3997.5034
19476,4548.642
19477,3243.6338
19478,5232.8403
19479,19085.93
19480,2994.3948
19481,3862.165
19482,7501.7373
19483,4823.9883
19484,6090.695
19485,6790.5977
19486,4643.839
19487,3579.7163
19488,2872.316
19489,8757.607
19490,4947.599
19491,6745.571
19492,6530.3657
19493,3832.6353
19494,5448.105
19495,5542.5845
19496,3030.3193
19497,7387.1445
19498,8813.313
19499,3379.8008
19500,6662.273
19501,5231.922
19502,5349.839
19503,8248.644
19504,5549.8374
19505,6248.3604
19506,3910.619
19507,3650.8516
19508,6542.093
19509,2715.1636
19510,7115.495
19511,3262.2312
19512,5497.1416
19513,3919.668
19514,4301.7725
19515,5105.6533
19516,6020.689
19517,4866.318
19518,6894.0903
19519,4689.828
19520,6306.012
19521,4602.6143
19522,7620.31
19523,9216.267
19524,6777.9663
19525,2567.3328
19526,4784.258
19527,6273.681
19528,3044.056
19529,9255.501
19530,3950.7158
19531,5750.232
19532,10230.815
19533,6148.7686
19534,2894.9097
19535,7307.0474
19536,8962.02
19537,4954.2197
19538,8142.1504
19539,7150.274
19540,4548.0693
19541,4988.519
19542,5754.9507
19543,3989.9412
19544,4798.284
19545,6162.4136
19546,3611.8877
19547,5711.427
19548,5566.5483
19549,5554.9644
19550,5884.642
19551,5469.6304
19552,6091.0957
19553,4919.4106
19554,5647.9126
19555,5594.499
19556,5892.472
19557,5905.9316
19558,5753.6006
19559,8855.258
19560,4727.475
19561,3936.868
19562,4916.521
19563,5886.652
19564,5625.8843
19565,3994.614
19566,3719.864
19567,6413.3477
19568,6275.9316
19569,5380.2417
19570,5970.8374
19571,4186.8667
19572,5506.9766
19573,3852.3296
19574,2303.6682
19575,5143.1587
19576,5258.875
19577,5120.1284
19578,7726.4536
19579,7077.4414
19580,4056.603
19581,6554.5283
19582,3473.5066
19583,2183.0647
19584,5181.7153
19585,10411.397
19586,6138.6367
19587,5982.849
19588,3214.4412
19589,5643.1846
19590,7363.656
19591,4758.9243
19592,6379.949
19593,3950.8215
19594,4224.4893
19595,3973.1992
19596,5095.981
19597,4257.0454
19598,3972.3845
19599,3594.7148
19600,3702.9478
19601,5187.6
19602,5641.2524
19603,3763.6416
19604,5498.2954
19605,6319.9575
19606,5389.6875
19607,3647.8228
19608,7590.0107
19609,5939.4766
19610,3841.156
19611,2809.35
19612,8531.63
19613,4887.698
19614,3936.177
19615,5970.6094
19616,7508.6597
19617,6304.033
19618,5150.3213
19619,6822.6826
19620,7052.374
19621,11594.051
19622,4223.321
19623,3865.1465
19624,3998.392
19625,5808.915
19626,4038.002
19627,6973.458
19628,7300.339
19629,4236.9634
19630,3196.3936
19631,4323.6953
19632,10252.657
19633,3827.0784
19634,6042.943
19635,2923.9548
19636,5346.844
19637,6470.725
19638,5803.7144
19639,6858.359
19640,5516.261
19641,3275.4312
19642,5073.0845
19643,5757.5586
19644,7354.9727
19645,5975.7427
19646,6729.171
19647,4700.3438
19648,3956.6636
19649,9010.687
19650,3271.2532
19651,8591.937
19652,4359.315
19653,3517.4314
19654,5935.178
19655,5035.6143
19656,5675.6978
19657,7033.7188
19658,3372.4705
19659,3612.5906
19660,5730.854
19661,6445.1377
19662,8642.425
19663,4387.7544
19664,4981.7095
19665,4388.1313
19666,5289.684
19667,4096.852
19668,8768.364
19669,8007.4053
19670,11726.434
19671,3297.3674
19672,4926.4873
19673,9391.269
19674,11069.491
19675,4029.4868
19676,8865.796
19677,5075.7417
19678,4353.6465
19679,3606.207
19680,3652.2693
19681,4643.2144
19682,4842.3784
19683,3184.5813
19684,3917.9746
19685,7124.1396
19686,6000.984
19687,23187.96
19688,5216.066
19689,3186.517
19690,5593.0957
19691,9499.046
19692,5827.545
19693,6936.978
19694,5024.6367
19695,6541.4624
19696,6661.4155
19697,3271.381
19698,4459.568
19699,5277.4927
19700,7039.249
19701,5525.1816
19702,6046.5063
19703,4099.921
19704,3631.726
19705,4258.2393
19706,8634.491
19707,8820.528
19708,8298.556
19709,6502.973
19710,3525.2751
19711,4846.4126
19712,3141.8042
19713,7560.3516
19714,8266.238
19715,8394.435
19716,4927.8125
19717,3972.737
19718,3806.6199
19719,3598.846
19720,8504.17
19721,4505.692
19722,4157.2695
19723,3450.9355
19724,6421.4824
19725,2944.5518
19726,6402.5845
19727,3425.1504
19728,5439.2725
19729,4289.4883
19730,5308.8213
19731,6459.151
19732,5438.8003
19733,4471.0723
19734,5855.2925
19735,5480.3516
19736,8764.317
19737,4614.792
19738,7628.2075
19739,7363.803
19740,6942.247
19741,5393.879
19742,6792.8003
19743,3119.563
19744,4243.37
19745,5325.1973
19746,5565.4863
19747,6834.6733
19748,6297.915
19749,5038.7134
19750,6492.2207
19751,5617.7817
19752,6709.15
19753,3294.4749
19754,12331.3125
19755,3803.7922
19756,4549.3755
19757,8039.37
19758,3470.6416
19759,4350.143
19760,4622.6914
19761,5911.838
19762,4224.465
19763,3565.0354
19764,5629.9907
19765,5942.3213
19766,5999.1294
19767,4297.114
19768,6719.275
19769,9958.837
19770,6025.9863
19771,4699.38
19772,5108.031
19773,5543.827
19774,4131.017
19775,5502.3354
19776,3281.5205
19777,7078.704
19778,5374.6147
19779,5193.0312
19780,10380.383
19781,3937.7654
19782,3717.8596
19783,3474.2754
19784,6579.2886
19785,6124.121
19786,3574.5295
19787,3876.93
19788,4909.7305
19789,4507.136
19790,4160.6377
19791,5369.388
19792,4897.6064
19793,6582.7095
19794,4083.2163
19795,3950.0679
19796,5064.5264
19797,5851.563
19798,5668.486
19799,6141.7583
19800,6673.04
19801,3612.2495
19802,7268.046
19803,5026.8994
19804,4608.9233
19805,7042.936
19806,4366.6104
19807,9546.83
19808,6396.6265
19809,5489.4443
19810,4419.0938
19811,6820.041
19812,5864.6885
19813,4955.0186
19814,3032.144
19815,4883.397
19816,6920.575
19817,4277.0713
19818,3609.3494
19819,7165.8403
19820,5191.055
19821,4397.379
19822,4899.036
19823,4563.2183
19824,6737.302
19825,5924.4995
19826,4546.465
19827,4067.7358
19828,3894.3396
19829,5318.456
19830,2999.9016
19831,5966.499
19832,4114.2993
19833,6880.9775
19834,6041.122
19835,5101.749
19836,10430.033
19837,4589.2256
19838,3931.505
19839,10176.036
19840,5566.8086
19841,6434.149
19842,6984.5747
19843,4075.4336
19844,5148.234
19845,4240.2993
19846,6322.7676
19847,10234.66
19848,6595.298
19849,2155.5823
19850,4298.491
19851,6830.835
19852,7134.646
19853,4091.4119
19854,4796.1104
19855,3934.4875
19856,3682.6782
19857,2898.245
19858,4377.2114
19859,5302.632
19860,5585.5146
19861,5652.1323
19862,5462.5186
19863,5855.1973
19864,6956.199
19865,6356.618
19866,3342.5615
19867,9120.175
19868,8274.363
19869,4186.4155
19870,5827.2783
19871,4395.2065
19872,5559.0986
19873,2638.551
19874,5138.7305
19875,3787.8708
19876,8819.704
19877,5878.864
19878,6149.0913
19879,7141.795
19880,4570.5103
19881,6753.773
19882,21486.023
19883,7123.875
19884,4679.6704
19885,2325.5947
19886,4468.497
19887,7255.703
19888,4248.3315
19889,9707.041
19890,19360.822
19891,3173.7993
19892,4628.745
19893,8328.735
19894,3754.0894
19895,7084.1885
19896,4870.776
19897,6915.5337
19898,3833.9553
19899,4515.282
19900,4213.651
19901,6665.4575
19902,6933.915
19903,4846.995
19904,5074.2456
19905,5686.677
19906,3623.3796
19907,4631.5938
19908,5769.4443
19909,3517.6326
19910,4465.7446
19911,6251.3706
19912,5480.007
19913,5293.0405
19914,5720.073
19915,6439.423
19916,5813.288
19917,10321.789
19918,6714.316
19919,5076.1
19920,2800.5422
19921,4882.023
19922,5567.9185
19923,4510.1553
19924,3549.2834
19925,7620.121
19926,4654.527
19927,9599.962
19928,6177.556
19929,4141.884
19930,4121.7866
19931,4132.203
19932,8348.842
19933,3606.2483
19934,6519.636
19935,17169.432
19936,5758.2124
19937,5067.856
19938,4064.3381
19939,4048.1567
19940,5697.3613
19941,3553.5183
19942,4930.8643
19943,9877.588
19944,3842.6697
19945,11221.586
19946,13622.574
19947,4124.7837
19948,5725.2646
19949,4663.5884
19950,6096.612
19951,5027.724
19952,8358.952
19953,5412.4688
19954,8594.715
19955,3296.4524
19956,6877.651
19957,3977.1125
19958,6474.0034
19959,5018.3906
19960,5149.3145
19961,5069.935
19962,4851.8335
19963,7217.12
19964,8547.366
19965,4782.6016
19966,9881.8
19967,5424.9873
19968,7738.623
19969,4677.359
19970,3627.8376
19971,4444.5596
19972,7754.59
19973,5162.4106
19974,5867.9673
19975,5026.8467
19976,7342.195
19977,3499.1582
19978,7281.757
19979,6450.3403
19980,2881.0334
19981,14457.416
19982,19213.684
19983,5000.2095
19984,5571.9404
19985,7526.6284
19986,9315.387
19987,10389.316
19988,4300.2876
19989,6118.802
19990,5041.728
19991,6787.2046
19992,3483.538
19993,4919.0586
19994,4412.1646
19995,4338.424
19996,6889.7715
19997,4398.6123
19998,3680.192
19999,5571.313
20000,3152.3962
20001,3700.3772
20002,4833.435
20003,4671.3706
20004,7738.202
20005,6428.033
20006,5473.4766
20007,5101.7686
20008,5322.262
20009,10879.955
20010,5784.2886
20011,4102.327
20012,3323.8298
20013,8439.962
20014,3997.4424
20015,5425.831
20016,2598.4724
20017,4470.2197
20018,6011.1406
20019,4537.929
20020,3430.2842
20021,6427.5796
20022,8261.344
20023,11405.036
20024,6134.931
20025,7427.819
20026,2823.331
20027,3697.057
20028,5275.802
20029,3363.0764
20030,8648.898
20031,3874.7227
20032,4724.432
20033,7715.3633
20034,9024.379
20035,7317.565
20036,4519.0435
20037,4229.122
20038,11175.062
20039,6411.7266
20040,5334.964
20041,3516.3948
20042,6218.513
20043,8024.539
20044,3473.202
20045,5126.149
20046,6687.3447
20047,6926.6177
20048,13003.703
20049,5584.5293
20050,12069.646
20051,4622.4136
20052,4388.3784
20053,3106.1643
20054,5738.9004
20055,4149.6147
20056,4203.474
20057,7414.8726
20058,3502.4343
20059,3813.0452
20060,5922.1323
20061,3377.1643
20062,6129.147
20063,5205.2905
20064,6039.5605
20065,6740.4385
20066,3982.5908
20067,7975.643
20068,5078.4634
20069,4091.2947
20070,4048.5312
20071,3666.5083
20072,9184.089
20073,5435.5693
20074,3789.6853
20075,5774.14
20076,6958.23
20077,6249.964
20078,4753.8975
20079,7398.899
20080,4952.977
20081,4455.6094
20082,3733.6326
20083,6355.2056
20084,5017.036
20085,5562.143
20086,4061.66
20087,4235.2744
20088,3987.9739
20089,3967.5598
20090,6079.0
20091,8473.808
20092,9340.271
20093,8396.8125
20094,6957.878
20095,8639.722
20096,4611.6323
20097,10803.622
20098,9455.748
20099,5171.149
20100,7575.4087
20101,7002.4517
20102,5230.914
20103,3334.978
20104,9644.841
20105,4632.0312
20106,6480.002
20107,4468.7275
20108,1933.3384
20109,10085.701
20110,4220.566
20111,3584.278
20112,4416.346
20113,4115.355
20114,6021.585
20115,6028.4067
20116,5727.5967
20117,4756.7866
20118,3194.979
20119,3700.6914
20120,2984.342
20121,5552.6914
20122,16256.352
20123,3777.7742
20124,4488.8584
20125,6175.07
20126,4558.5933
20127,3438.3435
20128,4023.8826
20129,3585.4988
20130,5840.9565
20131,4994.937
20132,2903.8523
20133,7555.154
20134,3780.615
20135,4329.808
20136,12125.515
20137,6002.564
20138,9366.767
20139,4629.6855
20140,5153.54
20141,3503.2432
20142,4174.7153
20143,19420.703
20144,7675.215
20145,5419.4326
20146,4234.0664
20147,3912.8464
20148,4948.425
20149,3864.4905
20150,9281.43
20151,4560.4507
20152,3913.4363
20153,5750.709
20154,3404.2864
20155,5263.888
20156,5958.611
20157,4795.7764
20158,5491.6597
20159,3626.419
20160,4304.0303
20161,4386.633
20162,7581.177
20163,6588.4443
20164,5947.147
20165,3096.8057
20166,5927.965
20167,5416.497
20168,4232.815
20169,5626.7803
20170,6219.1304
20171,4989.78
20172,5543.351
20173,5175.432
20174,4182.699
20175,4114.3345
20176,6975.2476
20177,4333.5845
20178,4455.1333
20179,6433.7197
20180,4334.221
20181,4028.3606
20182,9906.5625
20183,4505.258
20184,2520.3123
20185,6486.767
20186,6137.3135
20187,9157.044
20188,3852.4546
20189,5552.3633
20190,4654.1313
20191,6710.5513
20192,4268.7603
20193,6467.948
20194,2274.8335
20195,4284.74
20196,4355.3745
20197,3978.327
20198,4070.5537
20199,5528.9297
20200,5733.134
20201,5494.4893
20202,6542.2236
20203,5345.218
20204,7402.033
20205,3169.8022
20206,4847.6333
20207,5349.41
20208,6135.809
20209,6867.261
20210,3043.1733
20211,7137.974
20212,4515.3296
20213,5594.12
20214,4143.061
20215,3676.339
20216,6035.351
20217,4709.544
20218,7743.828
20219,5033.3237
20220,5010.7563
20221,6121.265
20222,5643.82
20223,4568.488
20224,6263.0327
20225,4767.534
20226,8820.949
20227,8220.408
20228,6818.3955
20229,4016.803
20230,3770.9836
20231,3187.8823
20232,2866.242
20233,6300.1743
20234,3783.6277
20235,8139.068
20236,3013.5178
20237,3690.0278
20238,4537.0723
20239,7885.292
20240,3973.8665
20241,3604.9722
20242,4013.5857
20243,4063.7063
20244,3608.4026
20245,6380.1074
20246,6692.341
20247,6511.5635
20248,6187.4277
20249,5476.0933
20250,4978.318
20251,3957.479
20252,3953.3699
20253,8660.843
20254,7398.8853
20255,9601.07
20256,14376.264
20257,4335.044
20258,3219.2407
20259,5305.981
20260,7353.8013
20261,7077.0835
20262,6191.5483
20263,6695.0864
20264,6793.837
20265,5806.9316
20266,4941.8306
20267,4159.503
20268,4053.81
20269,3176.1406
20270,3587.9556
20271,4224.3604
20272,5844.54
20273,17752.365
20274,6023.4404
20275,4453.353
20276,6140.259
20277,3300.1084
20278,5531.0767
20279,3525.2852
20280,7228.1494
20281,4703.6133
20282,5768.696
20283,13579.676
20284,9473.062
20285,4695.2754
20286,5719.817
20287,3331.3372
20288,4281.39
20289,4867.6177
20290,5747.4077
20291,3539.8767
20292,3356.221
20293,4272.5938
20294,3990.4893
20295,5773.595
20296,5613.6465
20297,3400.385
20298,6049.685
20299,8107.1006
20300,4644.61
20301,3842.1345
20302,3125.944
20303,7040.693
20304,3706.9946
20305,9277.562
20306,3641.5784
20307,4510.775
20308,6093.403
20309,4227.299
20310,3406.2095
20311,3488.9587
20312,4414.0044
20313,9259.925
20314,8926.719
20315,4716.3726
20316,3738.0767
20317,5389.6465
20318,7582.334
20319,3792.991
20320,4154.102
20321,5448.432
20322,9563.435
20323,6679.6504
20324,5741.1343
20325,5387.061
20326,3741.9834
20327,8134.264
20328,4493.811
20329,12898.119
20330,4783.747
20331,3904.6138
20332,4652.6714
20333,3251.649
20334,5379.564
20335,18335.387
20336,3091.929
20337,3780.77
20338,7574.7944
20339,4872.9927
20340,6130.62
20341,6834.204
20342,4639.19
20343,3459.687
20344,2908.3281
20345,8727.197
20346,4985.4077
20347,6798.6665
20348,6460.026
20349,3807.6694
20350,5249.3076
20351,5527.891
20352,3019.976
20353,7398.109
20354,8945.427
20355,3421.248
20356,6748.7886
20357,5164.824
20358,5378.4507
20359,8205.36
20360,5504.771
20361,6355.4907
20362,3975.675
20363,3552.166
20364,6467.7695
20365,2665.434
20366,7189.0547
20367,3377.1128
20368,5687.973
20369,4069.0164
20370,4229.271
20371,5272.305
20372,6171.16
20373,4724.351
20374,6752.401
20375,4663.486
20376,6403.6772
20377,4607.297
20378,7872.299
20379,9222.571
20380,6860.42
20381,2521.9526
20382,4753.1445
20383,6355.6177
20384,3026.9158
20385,9066.791
20386,3853.3071
20387,5972.398
20388,10263.557
20389,6351.9756
20390,2944.6233
20391,7216.1494
20392,8893.16
20393,4974.582
20394,8211.969
20395,7101.0264
20396,4417.6943
20397,5172.7227
20398,5947.4927
20399,4029.5059
20400,4781.429
20401,6184.8784
20402,3703.4248
20403,5695.6606
20404,5520.93
20405,5787.9146
20406,5924.262
20407,5535.0137
20408,6299.393
20409,4953.965
20410,5526.2197
20411,5705.916
20412,5859.5835
20413,6094.612
20414,5719.686
20415,8908.67
20416,4811.975
20417,3935.6775
20418,4881.008
20419,5867.5923
20420,5708.4966
20421,3986.7607
20422,3740.7163
20423,6434.5786
20424,6391.534
20425,5456.6655
20426,5990.6895
20427,4113.7227
20428,5662.4067
20429,3828.919
20430,2381.1956
20431,5121.833
20432,5290.7637
20433,5263.3564
20434,7725.282
20435,7220.0396
20436,4211.6616
20437,6694.243
20438,3468.702
20439,2227.4778
20440,5213.579
20441,10199.2295
20442,6234.3467
20443,6205.9043
20444,3221.2866
20445,5818.653
20446,7544.547
20447,4835.3535
20448,6379.5293
20449,4070.111
20450,4301.0137
20451,3983.2825
20452,5263.9033
20453,4415.3857
20454,4108.577
20455,3553.3455
20456,3728.1697
20457,5137.5005
20458,5823.9775
20459,3676.013
20460,5670.2324
20461,6319.825
20462,5482.0874
20463,3652.1125
20464,7509.9634
20465,6036.1685
20466,3708.1333
20467,2914.4026
20468,8732.343
20469,4755.3125
20470,3958.9402
20471,5813.815
20472,7620.2227
20473,6506.2554
20474,5189.5405
20475,6889.9424
20476,7096.321
20477,11264.94
20478,4380.699
20479,3907.7512
20480,3944.0737
20481,6015.7124
20482,3894.336
20483,7094.859
20484,7451.9673
20485,4201.061
20486,3294.4026
20487,4323.2583
20488,10494.094
20489,3906.1934
20490,5969.6357
20491,2917.923
20492,5263.2104
20493,6446.9146
20494,5889.578
20495,6993.0405
20496,5433.154
20497,3153.7288
20498,5040.1313
20499,5885.08
20500,7282.6045
20501,6065.6377
20502,6674.479
20503,4671.2017
20504,3994.1416
20505,9251.494
20506,3275.475
20507,8816.046
20508,4242.6455
20509,3409.867
20510,6018.295
20511,5059.6787
20512,5764.796
20513,7174.1836
20514,3476.301
20515,3676.69
20516,5695.487
20517,6469.713
20518,8505.639
20519,4302.77
20520,5068.1123
20521,4506.745
20522,5295.368
20523,4215.5728
20524,8797.994
20525,8006.168
20526,11384.974
20527,3179.3662
20528,5035.3022
20529,9518.154
20530,11257.905
20531,4158.265
20532,8777.292
20533,5056.7983
20534,4324.97
20535,3511.313
20536,3682.0354
20537,4649.3438
20538,4818.851
20539,3148.6694
20540,4064.1443
20541,7204.307
20542,6037.867
20543,21789.33
20544,5177.926
20545,3550.3774
20546,6006.441
20547,11110.944
20548,6542.692
20549,7605.802
20550,5515.072
20551,7426.664
20552,7524.97
20553,3566.2563
20554,4829.826
20555,6206.8984
20556,8101.2725
20557,6044.678
20558,6997.0703
20559,4745.172
20560,3934.6978
20561,4889.7173
20562,9633.698
20563,9612.212
20564,9091.471
20565,7404.194
20566,3834.266
20567,5638.256
20568,3253.7122
20569,8309.47
20570,9718.473
20571,9746.934
20572,5524.3438
20573,4251.1816
20574,4050.9302
20575,4087.9087
20576,9437.386
20577,4990.213
20578,4702.689
20579,3798.933
20580,7345.7812
20581,3263.4639
20582,7550.947
20583,3872.9304
20584,5860.8354
20585,4887.479
20586,5900.0195
20587,7708.765
20588,5966.4365
20589,4997.5586
20590,6455.4062
20591,6231.7783
20592,10255.807
20593,5162.455
20594,8792.281
20595,8405.731
20596,8209.36
20597,6197.1377
20598,7312.046
20599,3352.2595
20600,4760.527
20601,5881.3877
20602,6434.984
20603,7937.759
20604,7613.6045
20605,5700.5522
20606,7489.8193
20607,6246.257
20608,7257.8276
20609,3583.7583
20610,13716.089
20611,4139.6084
20612,5054.5894
20613,8824.164
20614,3874.2532
20615,4736.7197
20616,4960.192
20617,6684.1436
20618,4725.6357
20619,4005.1982
20620,6302.476
20621,7034.128
20622,6596.4995
20623,4803.99
20624,7382.2207
20625,12123.549
20626,6835.143
20627,5254.112
20628,6034.568
20629,6099.654
20630,4648.448
20631,6388.9683
20632,3555.0747
20633,8467.021
20634,6082.5903
20635,6034.2515
20636,12781.088
20637,4285.492
20638,4086.9377
20639,3883.5813
20640,7955.578
20641,6674.0713
20642,4053.6362
20643,4290.785
20644,5639.832
20645,5154.902
20646,4441.038
20647,5996.6523
20648,5309.1504
20649,7459.043
20650,4737.176
20651,4293.0864
20652,5838.4165
20653,6426.317
20654,6026.55
20655,7200.103
20656,7577.425
20657,4032.1475
20658,8526.099
20659,5531.752
20660,4807.713
20661,8283.665
20662,4885.102
20663,10517.611
20664,7292.127
20665,6247.4185
20666,5080.6147
20667,7473.7983
20668,7005.0503
20669,5386.1416
20670,3203.1243
20671,5371.4116
20672,7779.3774
20673,4758.398
20674,3880.393
20675,7885.6904
20676,5804.3843
20677,4649.0156
20678,5586.964
20679,5007.2544
20680,7413.748
20681,6829.884
20682,4838.0015
20683,4802.886
20684,4257.9917
20685,6045.105
20686,3278.0728
20687,6678.618
20688,4629.266
20689,8015.971
20690,6776.6865
20691,5679.4453
20692,12955.622
20693,5212.2563
20694,4369.123
20695,11226.928
20696,6361.6465
20697,7615.885
20698,7627.3486
20699,4441.0127
20700,6037.447
20701,4660.742
20702,6960.3804
20703,11767.978
20704,6845.8433
20705,2338.9246
20706,4697.726
20707,7901.6294
20708,8156.717
20709,4481.2856
20710,5215.7524
20711,4480.824
20712,3967.5183
20713,3118.129
20714,4800.5684
20715,6173.209
20716,6547.9546
20717,6310.7476
20718,6023.0845
20719,6595.241
20720,8196.279
20721,7534.0767
20722,3675.8376
20723,10173.018
20724,9385.663
20725,4536.6133
20726,6208.4023
20727,4976.0864
20728,6323.7383
20729,2937.0667
20730,5593.6772
20731,4215.1865
20732,9912.262
20733,6684.8003
20734,7221.1274
20735,8158.226
20736,5239.7827
20737,7658.089
20738,23263.852
20739,7942.454
20740,5040.3813
20741,2569.8972
20742,4957.496
20743,8069.8154
20744,4351.886
20745,10667.474
20746,22769.502
20747,3455.953
20748,5237.2046
20749,9498.294
20750,4134.912
20751,7796.4175
20752,5226.854
20753,7580.613
20754,4331.295
20755,5154.1006
20756,4604.7134
20757,7532.7544
20758,8165.4033
20759,5550.7324
20760,5944.033
20761,6343.0513
20762,4095.621
20763,5102.1772
20764,6539.6597
20765,3922.7354
20766,5047.382
20767,6835.899
20768,6046.391
20769,5903.78
20770,6105.9346
20771,7291.1323
20772,6525.1543
20773,11626.385
20774,7593.045
20775,5739.459
20776,3213.0554
20777,5146.5054
20778,6208.8467
20779,5261.3887
20780,3886.0198
20781,8275.437
20782,5085.604
20783,10327.776
20784,6896.6157
20785,4669.1343
20786,4397.8447
20787,4516.7856
20788,9462.641
20789,3985.2207
20790,7401.843
20791,20342.64
20792,6651.2886
20793,5456.4624
20794,4473.927
20795,4400.2783
20796,6231.9326
20797,3830.1755
20798,5679.012
20799,11409.736
20800,4323.6294
20801,11612.643
20802,15414.273
20803,4645.443
20804,6448.3228
20805,5248.4663
20806,6907.6294
20807,5530.0693
20808,9865.048
20809,6026.4233
20810,9873.039
20811,3564.3926
20812,7540.6045
20813,4546.9463
20814,6965.328
20815,5716.7573
20816,5530.006
20817,5893.124
20818,5503.9414
20819,8244.145
20820,9792.761
20821,5466.0527
20822,10845.041
20823,6423.933
20824,8972.583
20825,5198.6167
20826,3902.3274
20827,5229.7666
20828,9125.421
20829,6048.733
20830,6513.2593
20831,5826.8057
20832,8538.981
20833,3941.6062
20834,8066.999
20835,7090.6104
20836,3231.2986
20837,16573.568
20838,21816.361
20839,5704.6045
20840,6393.1377
20841,8348.698
20842,10260.845
20843,12052.53
20844,4631.1562
20845,6745.886
20846,5714.2495
20847,7762.145
20848,3788.825
20849,5325.304
20850,5109.6777
20851,4649.3438
20852,7568.6777
20853,4967.3413
20854,3950.4482
20855,6443.2197
20856,3273.1853
20857,4085.9631
20858,5781.641
20859,5126.8384
20860,9163.186
20861,7381.77
20862,6165.5005
20863,6028.355
20864,6266.7075
20865,12650.51
20866,6393.9185
20867,4363.6294
20868,3759.6838
20869,9988.593
20870,4475.8174
20871,6208.657
20872,2861.7651
20873,4923.542
20874,6687.1597
20875,5155.015
20876,3795.6946
20877,7451.221
20878,9451.987
20879,13245.384
20880,6618.3745
20881,8325.042
20882,3036.5469
20883,4066.789
20884,5927.36
20885,3710.0476
20886,9507.656
20887,4133.8237
20888,5333.636
20889,8476.839
20890,10303.907
20891,8424.496
20892,4904.212
20893,4556.9067
20894,14649.11
20895,7616.9746
20896,5860.489
20897,3880.619
20898,6971.503
20899,8825.897
20900,4014.7612
20901,5637.9067
20902,7866.5645
20903,7599.2466
20904,14581.964
20905,6465.1357
20906,13350.308
20907,4992.6177
20908,5054.5845
20909,3359.4883
20910,6286.272
20911,4632.084
20912,4748.8667
20913,8366.322
20914,3938.4153
20915,4152.05
20916,7044.7974
20917,3732.4148
20918,6875.218
20919,6117.3433
20920,6665.299
20921,7769.1816
20922,4468.48
20923,8970.957
20924,5654.176
20925,4724.676
20926,4544.3013
20927,4026.8315
20928,10166.917
20929,6289.259
20930,4132.905
20931,6176.684
20932,7626.4106
20933,6872.1167
20934,5160.028
20935,8110.6274
20936,5435.0303
20937,5027.6523
20938,4196.2466
20939,7165.7036
20940,5470.2876
20941,6174.3984
20942,4609.565
20943,4879.677
20944,4375.454
20945,4318.345
20946,6991.3135
20947,9681.726
20948,10774.295
20949,9329.48
20950,8212.563
20951,9632.494
20952,5195.0776
20953,11938.25
20954,10978.365
20955,5834.019
20956,8301.817
20957,7591.973
20958,5770.545
20959,3716.9233
20960,11175.669
20961,5324.3545
20962,7098.7783
20963,4816.218
20964,2140.152
20965,11138.351
20966,4729.9243
20967,4148.768
20968,4985.3364
20969,4828.4443
20970,6865.86
20971,6590.833
20972,6411.739
20973,5557.4126
20974,3566.658
20975,4051.4636
20976,3280.788
20977,6185.4805
20978,18318.766
20979,4130.3906
20980,5095.3247
20981,6785.58
20982,5066.5557
20983,3744.1758
20984,4705.9062
20985,3898.7888
20986,6765.1973
20987,5639.5737
20988,3145.2168
20989,8897.759
20990,4123.7803
20991,4814.3438
20992,13245.965
20993,6406.922
20994,10820.173
20995,5194.9487
20996,5778.3057
20997,4002.3606
20998,4929.646
20999,21311.125
21000,9099.556
21001,6301.4785
21002,4618.2573
21003,4523.0283
21004,5556.2466
21005,4202.961
21006,11086.217
21007,4986.5586
21008,4406.39
21009,6478.704
21010,3800.111
21011,5751.5376
21012,6516.9443
21013,5406.071
21014,6161.485
21015,3946.6555
21016,4697.466
21017,5004.065
21018,8813.733
21019,7228.5977
21020,6969.668
21021,3233.7996
21022,6863.3716
21023,5927.0884
21024,4770.9873
21025,6043.4443
21026,6811.596
21027,5359.8447
21028,6371.314
21029,5790.6313
21030,4772.5713
21031,4771.984
21032,7802.5024
21033,4733.734
21034,4955.671
21035,7122.36
21036,4874.708
21037,4362.4556
21038,11456.964
21039,4939.8086
21040,2757.0544
21041,6951.2183
21042,6808.92
21043,10026.018
21044,4293.799
21045,6251.6865
21046,5161.0615
21047,7388.349
21048,4778.2744
21049,7394.25
21050,2557.893
21051,4809.9604
21052,4940.553
21053,4593.623
21054,4548.126
21055,6531.718
21056,6662.8706
21057,6145.4443
21058,7268.524
21059,6221.183
21060,8882.275
21061,3415.222
21062,5117.3647
21063,5866.954
21064,7051.13
21065,7395.202
21066,3246.4292
21067,7923.9233
21068,4913.0703
21069,6116.363
21070,4681.1797
21071,4110.3413
21072,7005.311
21073,5056.827
21074,8840.169
21075,5665.913
21076,5528.0703
21077,7005.525
21078,6199.816
21079,5342.7656
21080,7103.154
21081,5178.8643
21082,10221.55
21083,9449.788
21084,7618.9
21085,4514.709
21086,4210.4365
21087,3270.8662
21088,3073.531
21089,6716.7563
21090,4184.539
21091,8927.307
21092,3335.048
21093,3972.2292
21094,4821.7983
21095,8793.095
21096,4546.569
21097,3989.1306
21098,4551.016
21099,4529.5825
21100,3904.353
21101,6945.4126
21102,7542.971
21103,7268.4824
21104,7182.824
21105,6225.7773
21106,5745.511
21107,4349.973
21108,4330.4565
21109,9531.581
21110,8126.6333
21111,11059.308
21112,15446.179
21113,4739.332
21114,3570.0994
21115,5832.355
21116,8380.547
21117,8291.743
21118,7085.7295
21119,7845.15
21120,7706.207
21121,6491.4897
21122,5852.9976
21123,4613.062
21124,4581.0513
21125,3476.1453
21126,3900.4927
21127,4548.343
21128,6683.6016
21129,19910.422
21130,6889.055
21131,4889.596
21132,6641.9883
21133,3809.8857
21134,6410.6323
21135,3779.198
21136,8138.781
21137,5382.2075
21138,6482.5366
21139,15921.394
21140,10240.373
21141,5130.9966
21142,6256.1963
21143,3863.451
21144,4776.8477
21145,5527.48
21146,6602.927
21147,3861.0415
21148,3824.575
21149,4770.76
21150,4587.169
21151,6366.806
21152,6389.0596
21153,3681.8071
21154,7089.434
21155,8858.223
21156,5030.492
21157,4295.2734
21158,3448.3489
21159,7720.17
21160,4071.8276
21161,10214.737
21162,4186.1836
21163,5168.2544
21164,6736.344
21165,4848.572
21166,3799.1687
21167,3774.4675
21168,4858.5674
21169,10201.477
21170,9759.492
21171,5502.6133
21172,4183.8525
21173,6022.464
21174,8639.508
21175,4228.1133
21176,4803.601
21177,6217.0957
21178,11157.063
21179,7539.9644
21180,6405.339
21181,5922.974
21182,4133.705
21183,8909.859
21184,5127.6353
21185,14314.982
21186,5344.871
21187,4538.2666
21188,5071.889
21189,3537.3618
21190,5996.5723
21191,23440.371
21192,3254.3518
21193,4137.6777
21194,8340.524
21195,5466.1357
21196,6936.9053
21197,7831.5356
21198,5210.5015
21199,3934.604
21200,3282.153
21201,9921.285
21202,5322.0796
21203,7628.8984
21204,7279.4375
21205,4183.3457
21206,5766.5557
21207,6381.696
21208,3443.612
21209,8402.469
21210,9860.325
21211,3637.2666
21212,7683.3086
21213,5730.93
21214,5694.0093
21215,10096.048
21216,6424.429
21217,7035.893
21218,4375.0156
21219,3953.2305
21220,7304.88
21221,2911.922
21222,8257.774
21223,3591.8184
21224,6259.0195
21225,4430.1304
21226,4843.6533
21227,5767.5293
21228,6720.153
21229,5240.8174
21230,7805.45
21231,5004.647
21232,6987.067
21233,5067.4307
21234,8673.623
21235,10682.593
21236,7860.9766
21237,2770.4514
21238,5259.447
21239,7257.5303
21240,3311.6477
21241,10824.229
21242,4375.905
21243,6593.2095
21244,11442.276
21245,6990.9263
21246,3209.4436
21247,7827.3164
21248,10230.708
21249,5760.503
21250,9399.172
21251,8354.051
21252,5094.6978
21253,5693.3306
21254,6500.716
21255,4225.5933
21256,5319.821
21257,6933.386
21258,3979.9287
21259,6474.219
21260,6286.476
21261,6389.37
21262,6757.42
21263,6265.082
21264,6938.1094
21265,5204.2827
21266,5855.0635
21267,6237.011
21268,6531.8174
21269,6683.5376
21270,6676.752
21271,9859.206
21272,5405.416
21273,4314.623
21274,5762.3164
21275,6612.04
21276,6471.725
21277,4365.357
21278,4202.4556
21279,7058.168
21280,7195.1255
21281,6072.538
21282,6878.753
21283,4710.1685
21284,6242.0283
21285,4321.3286
21286,2440.5254
21287,5666.1562
21288,5994.0845
21289,5827.167
21290,8554.363
21291,8141.5366
21292,4606.7783
21293,7399.1743
21294,3839.7346
21295,2404.4514
21296,5964.32
21297,11918.114
21298,6823.346
21299,6824.251
21300,3477.6047
21301,6352.7026
21302,8360.021
21303,5332.954
21304,7473.449
21305,4405.8813
21306,4827.9424
21307,4318.951
21308,5784.8623
21309,4793.165
21310,4442.1226
21311,4138.874
21312,4008.4243
21313,5756.7954
21314,6399.8735
21315,4166.261
21316,6217.8965
21317,7356.86
21318,6240.7603
21319,4028.1187
21320,8762.787
21321,6549.1226
21322,4164.33
21323,3086.7656
21324,9732.693
21325,5483.17
21326,4424.2686
21327,6718.9478
21328,8473.524
21329,7153.63
21330,6038.253
21331,7765.8184
21332,7827.4434
21333,13292.993
21334,4794.162
21335,4370.2773
21336,4443.148
21337,6617.3394
21338,4307.5786
21339,7900.258
21340,8232.279
21341,4731.418
21342,3517.079
21343,4863.9277
21344,11961.25
21345,4137.6187
21346,7117.9795
21347,3113.3555
21348,6144.2075
21349,7403.784
21350,6382.329
21351,7806.7085
21352,5895.3896
21353,3523.9536
21354,5940.259
21355,6450.55
21356,8294.409
21357,6590.0596
21358,7946.296
21359,5290.1836
21360,4451.272
21361,10195.417
21362,3524.2932
21363,9683.563
21364,4827.482
21365,3896.7773
21366,6934.5435
21367,5587.529
21368,6190.615
21369,7936.858
21370,3733.0486
21371,3911.794
21372,6797.9663
21373,6990.1265
21374,9731.356
21375,4852.324
21376,5570.022
21377,4865.5474
21378,6223.0464
21379,4586.556
21380,10022.346
21381,9146.186
21382,13327.332
21383,3551.878
21384,5540.206
21385,10393.499
21386,12254.799
21387,4492.0664
21388,10623.054
21389,5638.4766
21390,4977.862
21391,3911.1934
21392,4099.8857
21393,5214.494
21394,5221.3027
21395,3454.2917
21396,4435.945
21397,7958.4014
21398,6816.965
21399,26773.053
21400,6124.682
21401,0.0
21402,0.0
21403,0.0
21404,0.0
21405,0.0
21406,0.0
21407,0.0
21408,0.0
21409,0.0
21410,0.0
21411,0.0
21412,0.0
21413,0.0
21414,0.0
21415,0.005713511
21416,0.0
21417,0.0
21418,0.0
21419,0.0
21420,0.0
21421,0.0
21422,0.0
21423,0.0
21424,0.0
21425,0.0
21426,0.0
21427,0.0
21428,0.0
21429,0.0
21430,0.0
21431,0.0
21432,0.0
21433,0.0
21434,0.0015838756
21435,0.0
21436,0.0
21437,0.0
21438,0.0
21439,0.0
21440,0.0
21441,0.0
21442,0.0
21443,0.0
21444,0.0
21445,0.0
21446,0.0
21447,0.0
21448,0.0
21449,0.0
21450,0.0
21451,0.0
21452,0.0
21453,0.0
21454,0.0
21455,0.0
21456,0.0
21457,0.0
21458,0.0
21459,0.0
21460,0.0
21461,0.0
21462,0.0048607322
21463,0.0
21464,0.0
21465,0.0
21466,0.0
21467,0.0
21468,0.0
21469,0.0
21470,0.0
21471,0.0
21472,0.0
21473,0.0
21474,0.0
21475,0.0
21476,0.0
21477,0.0
21478,0.0
21479,0.0
21480,0.0
21481,0.0
21482,0.0
21483,0.0
21484,0.0
21485,0.0
21486,0.0
21487,0.0
21488,0.0
21489,0.0
21490,0.0
21491,0.0
21492,4319.128
21493,0.0
21494,0.0
21495,0.0
21496,0.0
21497,0.0
21498,0.0
21499,0.0
21500,0.0
21501,0.0
21502,0.0
21503,0.0
21504,0.0
21505,0.0
21506,0.0
21507,0.0
21508,0.0
21509,0.0
21510,0.0
21511,0.0
21512,0.0
21513,0.0
21514,0.0
21515,0.0
21516,0.0
21517,0.0
21518,0.0
21519,0.0
21520,0.0
21521,0.0
21522,0.0
21523,0.0
21524,0.0
21525,0.0
21526,0.0
21527,0.0
21528,0.0
21529,0.0
21530,0.0
21531,0.0
21532,0.0
21533,0.0
21534,0.0
21535,0.0
21536,0.0
21537,0.0
21538,0.0
21539,0.0
21540,0.0
21541,0.0
21542,0.0
21543,0.0
21544,0.0
21545,0.0
21546,0.0
21547,0.0
21548,0.0
21549,0.0
21550,0.0
21551,0.0
21552,0.0
21553,0.0
21554,0.0
21555,0.0
21556,0.0
21557,0.0
21558,0.0
21559,0.0
21560,3052.7659
21561,0.0
21562,0.0
21563,0.0
21564,0.0
21565,0.0
21566,0.0
21567,0.0
21568,0.0
21569,0.0
21570,0.0
21571,0.0
21572,0.0
21573,0.0
21574,0.0
21575,0.0
21576,0.0
21577,0.0
21578,0.0
21579,0.0
21580,0.0
21581,0.0
21582,0.0
21583,0.0
21584,0.0
21585,0.0
21586,0.0
21587,0.0
21588,0.0
21589,0.0
21590,0.0
21591,0.0
21592,0.0
21593,0.0
21594,0.014707382
21595,0.0
21596,0.0
21597,0.0
21598,0.0
21599,0.0
21600,0.0
21601,11804.624
21602,26992.361
21603,0.0
21604,0.0
21605,0.0
21606,0.0
21607,0.0
21608,0.0
21609,0.0
21610,5269.5654
21611,0.0
21612,0.0
21613,0.0
21614,0.0
21615,0.0
21616,0.0
21617,0.0
21618,0.0
21619,0.0002694493
21620,0.0
21621,0.0
21622,0.0030530712
21623,0.0
21624,0.0
21625,0.0
21626,0.0
21627,0.0
21628,0.0
21629,5541.305
21630,0.0
21631,0.0
21632,0.0
21633,0.0
21634,0.0
21635,0.0
21636,0.0
21637,0.0
21638,0.0
21639,5292.061
21640,0.0
21641,0.0
21642,0.0
21643,0.0
21644,0.0
21645,0.0
21646,0.0
21647,0.008140137
21648,0.0
21649,0.0
21650,0.0
21651,0.0
21652,0.0
21653,0.0
21654,0.0023315868
21655,0.0
21656,0.0
21657,9464.852
21658,0.00474143
21659,0.0
21660,0.0
21661,0.0
21662,0.0
21663,0.0
21664,0.0
21665,0.0
21666,0.0
21667,0.0
21668,0.0
21669,0.0
21670,0.0
21671,0.0
21672,0.0
21673,0.0
21674,6802.8438
21675,0.0
21676,0.0
21677,0.0
21678,0.0
21679,0.0021098428
21680,0.0
21681,0.0
21682,0.0
21683,0.0
21684,0.0
21685,0.0027756996
21686,0.0
21687,0.0
21688,0.0
21689,0.0
21690,0.0
21691,0.0
21692,0.0
21693,0.0086089475
21694,0.07527765
21695,0.0
21696,0.0
21697,0.0
21698,0.0
21699,0.0
21700,0.0
21701,0.0
21702,0.0
21703,0.0
21704,0.0
21705,0.0
21706,0.0
21707,0.0
21708,0.0
21709,0.0
21710,0.0
21711,0.0
21712,0.0
21713,0.0
21714,0.00045548318
21715,0.0
21716,0.0
21717,0.0
21718,0.0
21719,0.00031046916
21720,0.0
21721,0.0
21722,0.0
21723,0.0
21724,0.0
21725,0.0
21726,0.0
21727,0.0
21728,0.0
21729,0.0
21730,0.0
21731,0.0
21732,0.0
21733,0.0
21734,0.0
21735,0.0
21736,2635.2227
21737,0.0
21738,0.0
21739,0.0
21740,0.0
21741,0.0
21742,0.0
21743,0.0
21744,0.0
21745,0.0
21746,0.0
21747,0.0
21748,0.0
21749,0.0
21750,5637.7505
21751,0.0
21752,0.0
21753,0.0
21754,0.0
21755,0.0
21756,0.0
21757,0.0
21758,0.0
21759,0.0
21760,0.0
21761,0.0
21762,0.0
21763,0.0
21764,0.0
21765,0.0
21766,0.0
21767,0.0
21768,0.0
21769,0.0
21770,0.0
21771,0.0
21772,0.0
21773,0.0
21774,0.0
21775,0.0
21776,0.0
21777,0.0
21778,0.0
21779,0.0
21780,0.0
21781,0.0
21782,0.0
21783,0.0
21784,0.0
21785,0.0
21786,0.0
21787,0.0
21788,0.0
21789,0.0
21790,0.0
21791,0.0
21792,0.0
21793,6240.4746
21794,0.0
21795,0.0
21796,0.0
21797,0.0
21798,0.0
21799,0.0
21800,0.0
21801,0.0
21802,0.0
21803,3450.1125
21804,0.0
21805,0.0
21806,0.0
21807,5106.637
21808,0.0
21809,0.0
21810,0.0
21811,0.0
21812,0.0
21813,0.0
21814,0.0
21815,0.0
21816,0.0
21817,0.0
21818,0.0
21819,0.0
21820,0.0
21821,0.0
21822,0.0
21823,0.00092024205
21824,0.0
21825,0.00950534
21826,0.0
21827,0.0
21828,0.002996634
21829,0.0012615524
21830,0.0
21831,0.0
21832,0.0
21833,0.0
21834,20386.36
21835,0.0
21836,0.0
21837,0.0
21838,0.0
21839,0.0
21840,0.004257657
21841,0.0
21842,0.0020104565
21843,0.0
21844,0.0
21845,0.0
21846,0.0
21847,0.0
21848,8244.915
21849,0.0
21850,0.0
21851,0.0
21852,0.0
21853,0.0
21854,0.0
21855,0.0
21856,0.0
21857,0.0
21858,0.0
21859,0.0
21860,0.0
21861,0.0
21862,0.0
21863,0.0
21864,0.0
21865,0.0
21866,0.0
21867,0.0
21868,0.0
21869,0.0
21870,0.0
21871,0.0
21872,0.0
21873,0.0
21874,0.0
21875,0.0
21876,0.0
21877,0.0
21878,0.0
21879,0.0
21880,0.0
21881,0.0
21882,0.0
21883,0.0
21884,0.0
21885,0.000101094585
21886,0.0
21887,0.0
21888,0.0
21889,0.0
21890,0.0
21891,0.0
21892,0.0
21893,0.0
21894,0.0
21895,0.0
21896,0.0
21897,0.0
21898,0.0
21899,0.0
21900,0.0
21901,0.0
21902,0.0
21903,0.0
21904,0.0
21905,0.0
21906,0.0
21907,0.0
21908,0.0
21909,0.0
21910,0.0
21911,0.0034525255
21912,0.0
21913,0.0
21914,0.0
21915,0.0016359345
21916,0.0
21917,0.0
21918,0.0
21919,0.0
21920,0.0
21921,0.0
21922,0.0
21923,8936.516
21924,0.0
21925,0.0
21926,0.0
21927,0.0
21928,0.0
21929,0.0
21930,0.0
21931,0.0
21932,0.0
21933,0.0
21934,0.0
21935,0.0
21936,0.0
21937,0.0
21938,0.0
21939,0.0
21940,0.0
21941,0.0
21942,0.0
21943,0.0
21944,0.0
21945,0.0
21946,0.0
21947,0.0
21948,0.0
21949,0.0
21950,0.0
21951,0.0
21952,0.0
21953,0.0
21954,0.0
21955,0.0
21956,0.0
21957,0.0
21958,0.0
21959,0.0
21960,0.0
21961,0.0
21962,0.0
21963,0.0
21964,0.0
21965,0.0
21966,0.0
21967,4357.8223
21968,13760.9795
21969,0.0
21970,0.0
21971,0.0
21972,0.0
21973,0.0
21974,0.0
21975,0.0
21976,0.0
21977,0.0
21978,0.0
21979,0.0
21980,0.0
21981,0.0
21982,0.0
21983,0.0
21984,0.0
21985,0.0
21986,0.0
21987,0.0
21988,0.0
21989,0.0
21990,0.0
21991,0.0
21992,0.0
21993,0.0
21994,0.0
21995,0.0
21996,10376.839
21997,0.0
21998,0.0
21999,0.0
22000,0.0
22001,0.0
22002,0.0
22003,0.0
22004,0.0
22005,0.0
22006,0.0
22007,0.0
22008,0.0
22009,0.0
22010,0.0
22011,0.0
22012,0.0
22013,0.0
22014,0.0
22015,0.0
22016,0.0
22017,0.0
22018,0.0
22019,0.0
22020,0.0
22021,0.0
22022,0.0
22023,0.0
22024,0.0
22025,0.0
22026,0.0
22027,0.0
22028,0.0
22029,0.0
22030,0.034163307
22031,0.0
22032,0.0
22033,0.0
22034,0.0
22035,0.0
22036,0.0
22037,0.0
22038,0.0
22039,0.0
22040,0.0
22041,0.0
22042,0.0
22043,0.0
22044,0.0
22045,0.0
22046,0.0
22047,0.042945016
22048,0.0
22049,0.0
22050,0.0
22051,0.0
22052,0.0
22053,0.0
22054,0.0
22055,0.0
22056,0.0
22057,0.0
22058,0.0
22059,0.0
22060,0.0
22061,0.0
22062,0.0
22063,0.0
22064,0.0
22065,0.0
22066,4350.6577
22067,0.0
22068,0.0
22069,0.0
22070,3144.764
22071,0.0
22072,0.0
22073,0.0
22074,0.0
22075,0.0
22076,0.0
22077,0.0
22078,0.0
22079,0.0
22080,0.0
22081,0.0
22082,0.0
22083,0.0
22084,0.0
22085,0.0
22086,0.0
22087,0.0
22088,0.0
22089,0.0
22090,0.0
22091,0.0
22092,0.0
22093,0.0
22094,0.0
22095,0.0
22096,0.0
22097,0.0
22098,0.0
22099,0.0
22100,0.0
22101,0.0
22102,0.0
22103,0.0
22104,0.0
22105,0.0
22106,0.0
22107,0.0
22108,0.0
22109,0.0
22110,0.0
22111,0.0
22112,0.0
22113,0.0
22114,0.0
22115,0.0
22116,0.0
22117,0.0
22118,0.0
22119,0.0
22120,0.0
22121,3118.5007
22122,0.0
22123,0.0
22124,0.0
22125,0.0
22126,0.0
22127,0.0
22128,0.0
22129,0.0
22130,0.0
22131,0.0
22132,0.0
22133,0.0
22134,0.0
22135,0.0
22136,8976.691
22137,0.0
22138,0.0
22139,0.0
22140,0.0
22141,0.0
22142,0.0
22143,0.0
22144,0.0
22145,0.0
22146,0.0
22147,0.0
22148,0.0
22149,0.0
22150,0.0
22151,0.0
22152,0.0
22153,0.0
22154,0.0
22155,0.0
22156,0.0
22157,0.0
22158,0.0
22159,0.0
22160,0.003912932
22161,0.0
22162,0.0
22163,0.0
22164,0.0
22165,0.0
22166,0.0
22167,0.0
22168,0.0
22169,0.0
22170,0.0
22171,0.0
22172,0.0
22173,0.0
22174,0.0
22175,0.0
22176,0.0
22177,0.0
22178,0.0
22179,0.0
22180,0.0
22181,0.0
22182,0.0
22183,0.0
22184,0.0
22185,0.0
22186,0.0
22187,0.0
22188,0.0
22189,0.0
22190,0.0
22191,0.0
22192,0.0
22193,0.0
22194,0.0
22195,0.0
22196,0.0
22197,0.0
22198,0.0
22199,0.0
22200,5144.611
22201,0.0
22202,0.0
22203,0.0
22204,0.0
22205,0.0
22206,0.0
22207,0.0
22208,0.0
22209,0.0
22210,0.0
22211,0.0
22212,0.0
22213,0.0
22214,0.0
22215,0.0
22216,0.0
22217,0.0
22218,0.0
22219,0.0
22220,0.0
22221,0.0
22222,0.0
22223,0.0
22224,0.0
22225,0.0
22226,0.0
22227,0.0
22228,0.0
22229,0.0
22230,0.0
22231,0.0
22232,0.0
22233,0.0
22234,0.0004235211
22235,0.0
22236,0.0
22237,0.0
22238,0.0
22239,6.771317e-05
22240,0.0
22241,10529.304
22242,6704.9854
22243,0.0
22244,0.0
22245,0.0
22246,0.0
22247,0.0
22248,0.0
22249,0.0
22250,0.0
22251,0.0
22252,0.0
22253,0.0
22254,0.0
22255,0.09506439
22256,0.0
22257,4100.864
22258,4606.286
22259,8430.558
22260,3676.4795
22261,6603.884
22262,5300.265
22263,6399.3486
22264,6674.033
22265,2845.108
22266,3582.1655
22267,6686.828
22268,6757.42
22269,5134.566
22270,6864.9233
22271,6406.665
22272,3026.0698
22273,4982.869
22274,8920.318
22275,11980.316
22276,8376.247
22277,7761.3457
22278,2938.943
22279,5895.952
22280,1522.1293
22281,8233.851
22282,10445.573
22283,9410.376
22284,6275.1113
22285,2649.6274
22286,4215.118
22287,4761.117
22288,9300.89
22289,5070.438
22290,5538.399
22291,4175.197
22292,6030.7876
22293,2277.3557
22294,7449.466
22295,4411.727
22296,5137.2456
22297,5197.541
22298,3475.396
22299,8861.84
22300,4723.4097
22301,4585.4365
22302,4549.046
22303,7644.9893
22304,10008.037
22305,6049.91
22306,7098.9
22307,8251.634
22308,9380.839
22309,6879.7373
22310,7035.584
22311,1864.4528
22312,3713.7832
22313,4610.704
22314,6039.175
22315,6710.8267
22316,8319.803
22317,4330.002
22318,8274.252
22319,6553.7783
22320,6433.032
22321,2603.4675
22322,13615.794
22323,2912.5083
22324,4586.1973
22325,8323.629
22326,4298.8438
22327,6353.3755
22328,3101.3853
22329,6496.098
22330,5534.454
22331,4659.671
22332,6640.9116
22333,7602.6396
22334,6092.0195
22335,3549.795
22336,7426.4307
22337,11936.338
22338,5928.9263
22339,3801.9312
22340,6664.396
22341,6052.1665
22342,4882.815
22343,7332.5024
22344,2189.5676
22345,8215.165
22346,5302.7124
22347,6144.3774
22348,8273.368
22349,3097.3965
22350,4623.7144
22351,4110.1963
22352,8443.384
22353,6184.802
22354,4737.849
22355,4757.2725
22356,6203.7974
22357,5995.7886
22358,3396.1675
22359,5504.3877
22360,4445.781
22361,7123.8545
22362,5644.078
22363,3517.985
22364,6110.0537
22365,4878.094
22366,3911.615
22367,7767.203
22368,8319.493
22369,4138.1714
22370,9190.0205
22371,3509.374
22372,3469.516
22373,8727.68
22374,5227.163
22375,9312.003
22376,7637.7373
22377,6057.035
22378,5823.422
22379,6902.8613
22380,7647.6
22381,4098.9473
22382,2261.7737
22383,4725.212
22384,5111.4326
22385,5398.3003
22386,2896.444
22387,6912.151
22388,5735.666
22389,4203.021
22390,6074.253
22391,2969.193
22392,6707.128
22393,7061.3867
22394,2766.5344
22395,5599.4854
22396,2839.549
22397,6079.5044
22398,2774.1555
22399,4368.148
22400,4718.609
22401,7967.1885
22402,6578.4727
22403,5701.379
22404,13074.576
22405,4099.362
22406,4869.438
22407,11282.778
22408,6423.1304
22409,8328.536
22410,7183.5576
22411,5475.5083
22412,6996.3364
22413,4305.2905
22414,5779.9756
22415,10122.447
22416,5091.1904
22417,2560.3237
22418,3521.8599
22419,8626.342
22420,9615.357
22421,3660.9966
22422,7055.0317
22423,4688.777
22424,2080.2942
22425,1944.2632
22426,3718.3596
22427,6142.18
22428,7275.724
22429,5913.857
22430,4843.076
22431,7912.889
22432,7992.053
22433,7544.3525
22434,3811.1252
22435,9625.763
22436,9994.053
22437,3673.8606
22438,6513.9365
22439,4927.615
22440,6627.8633
22441,3320.1443
22442,3726.6514
22443,4475.574
22444,9911.884
22445,7169.2515
22446,7433.907
22447,7545.7485
22448,5021.182
22449,7135.3604
22450,23442.295
22451,8285.34
22452,3803.0303
22453,3043.391
22454,6890.021
22455,7989.226
22456,3594.9583
22457,8963.687
22458,20027.643
22459,3379.833
22460,3048.383
22461,11050.578
22462,3321.345
22463,6616.008
22464,3555.5562
22465,6277.494
22466,4435.475
22467,5693.738
22468,4335.1143
22469,5799.7744
22470,7742.3955
22471,6154.736
22472,6290.7227
22473,6234.037
22474,4544.08
22475,5522.937
22476,8012.9365
22477,4162.1304
22478,6043.2715
22479,5279.995
22480,4656.01
22481,5684.898
22482,5075.785
22483,5692.782
22484,6780.941
22485,8724.326
22486,7547.512
22487,4814.817
22488,3847.981
22489,4153.971
22490,5355.3477
22491,6428.3154
22492,2873.652
22493,8134.109
22494,5919.9976
22495,8187.6924
22496,6697.526
22497,5041.348
22498,3442.3835
22499,3003.255
22500,10853.547
22501,4690.9375
22502,6716.193
22503,18763.744
22504,7286.2104
22505,4320.6855
22506,5496.9844
22507,2944.9182
22508,5909.0137
22509,3331.776
22510,4493.7593
22511,9852.813
22512,5519.724
22513,9667.939
22514,14244.245
22515,5908.433
22516,6002.346
22517,4506.0957
22518,5392.0117
22519,5052.179
22520,8862.457
22521,6941.6772
22522,8762.119
22523,2735.3235
22524,6483.1426
22525,5591.549
22526,6480.311
22527,6425.8696
22528,5441.9453
22529,6843.7017
22530,5442.1216
22531,9026.832
22532,7967.143
22533,6318.903
22534,10228.815
22535,6978.688
22536,9578.688
22537,3675.8027
22538,3144.8838
22539,5196.4307
22540,8546.705
22541,7064.782
22542,7745.7856
22543,6407.0376
22544,9299.984
22545,4835.7637
22546,7238.4497
22547,6466.764
22548,3686.8787
22549,16272.282
22550,22870.617
22551,6180.674
22552,6967.8335
22553,9577.281
22554,9895.977
22555,10137.297
22556,2950.4468
22557,5205.271
22558,6119.1055
22559,8697.523
22560,2629.3777
22561,4285.619
22562,6154.466
22563,4022.4473
22564,6337.808
22565,3597.6135
22566,2627.1736
22567,7183.2905
22568,2571.1025
22569,4927.3804
22570,6291.521
22571,5933.7915
22572,9850.737
22573,8154.7563
22574,5034.2075
22575,7252.534
22576,6692.9663
22577,11444.296
22578,5109.0005
22579,3201.6792
22580,4175.922
22581,11414.786
22582,4084.2175
22583,7197.8853
22584,2634.4824
22585,3770.2607
22586,5471.342
22587,5906.472
22588,4536.661
22589,7447.3276
22590,10205.992
22591,10948.658
22592,4466.5327
22593,8595.616
22594,1981.6277
22595,4335.3706
22596,6510.458
22597,4588.381
22598,9939.773
22599,2783.7793
22600,5094.2505
22601,7298.1733
22602,9829.667
22603,10439.01
22604,4749.007
22605,2557.3271
22606,10031.651
22607,8149.4146
22608,4914.936
22609,4625.7876
22610,8237.66
22611,6939.9297
22612,4808.4834
22613,3814.1548
22614,8519.384
22615,5785.0337
22616,13771.208
22617,7354.783
22618,13570.328
22619,5272.8335
22620,5549.695
22621,2171.1758
22622,6131.398
22623,5109.7993
22624,5458.706
22625,7391.754
22626,4534.208
22627,2616.3093
22628,7492.077
22629,3403.9062
22630,7024.4736
22631,6863.9805
22632,5763.7676
22633,8719.975
22634,4952.968
22635,8638.708
22636,5788.9307
22637,5457.769
22638,5482.71
22639,3116.4814
22640,9016.652
22641,6843.4146
22642,2915.797
22643,5674.9507
22644,7336.861
22645,6306.481
22646,4290.4663
22647,6474.065
22648,5477.331
22649,5030.607
22650,4654.6777
22651,8632.251
22652,4381.2886
22653,4517.738
22654,4560.9507
22655,6123.3735
22656,3326.0151
22657,5004.065
22658,7063.3604
22659,6426.648
22660,11778.668
22661,8051.0107
22662,8079.365
22663,8118.607
22664,4572.5293
22665,11750.213
22666,9440.824
22667,5774.096
22668,7066.0625
22669,6844.433
22670,5144.5474
22671,2433.8984
22672,11346.361
22673,5686.8936
22674,5632.2144
22675,4145.1367
22676,1858.4067
22677,10863.986
22678,5082.568
22679,4934.393
22680,4204.328
22681,5476.626
22682,5749.228
22683,5118.229
22684,8049.468
22685,5952.68
22686,3963.8716
22687,2931.5127
22688,2420.1592
22689,5594.5044
22690,16164.302
22691,3137.943
22692,5941.783
22693,5901.0664
22694,3680.4763
22695,4083.5903
22696,5851.3228
22697,2609.2488
22698,8438.602
22699,6734.436
22700,2195.714
22701,8523.464
22702,2146.1433
22703,4221.8467
22704,11906.9795
22705,8215.862
22706,9461.692
22707,2487.8008
22708,4932.572
22709,4511.653
22710,4427.376
22711,21003.135
22712,9464.139
22713,5986.9707
22714,3407.116
22715,5722.622
22716,4765.7246
22717,2700.364
22718,7903.4985
22719,4697.515
22720,4824.4946
22721,6492.3193
22722,4621.0996
22723,5265.3296
22724,6071.189
22725,5410.0117
22726,6794.511
22727,2813.8389
22728,4624.2876
22729,5002.3086
22730,8811.733
22731,7213.046
22732,7895.399
22733,1875.0636
22734,7617.0107
22735,5603.172
22736,3625.5474
22737,5152.4
22738,5311.0347
22739,4860.5605
22740,7337.9663
22741,5311.3184
22742,5325.731
22743,5323.5674
22744,7398.264
22745,5982.2783
22746,4897.1343
22747,6529.2573
22748,5671.39
22749,2413.5874
22750,12699.954
22751,4216.0273
22752,3578.774
22753,6489.032
22754,8206.041
22755,9195.939
22756,3599.9138
22757,4984.2
22758,5138.456
22759,7344.1562
22760,5424.061
22761,8636.55
22762,2812.8123
22763,5048.0605
22764,4812.6587
22765,4401.013
22766,3066.1597
22767,7386.7
22768,6216.1177
22769,5796.782
22770,6107.088
22771,7812.146
22772,8453.819
22773,4203.406
22774,3107.931
22775,5065.145
22776,6861.696
22777,7065.503
22778,1736.7505
22779,6764.9326
22780,4992.303
22781,7010.678
22782,5265.6763
22783,3566.3381
22784,7534.7593
22785,3560.95
22786,9531.554
22787,5864.621
22788,4640.487
22789,8075.9214
22790,4865.821
22791,4928.433
22792,6901.854
22793,2964.9287
22794,8835.322
22795,9138.033
22796,7094.4937
22797,3426.1013
22798,4392.847
22799,2284.4316
22800,2146.9902
22801,6238.1655
22802,5133.6597
22803,6811.382
22804,3832.7449
22805,4089.726
22806,4163.957
22807,8492.036
22808,5560.255
22809,4783.934
22810,4438.7593
22811,3872.4907
22812,4225.69
22813,5173.719
22814,7389.914
22815,6826.777
22816,7859.7847
22817,6388.7974
22818,5537.1157
22819,3642.1135
22820,5278.812
22821,12181.582
22822,7006.4
22823,8042.645
22824,13685.486
22825,3365.0276
22826,4039.8474
22827,4347.687
22828,9251.31
22829,8551.94
22830,7990.849
22831,8400.241
22832,8144.1387
22833,6526.362
22834,6835.332
22835,5366.086
22836,2614.9146
22837,4009.6748
22838,3041.5713
22839,3086.5947
22840,7972.1675
22841,20232.393
22842,6027.3086
22843,3501.4656
22844,5471.7227
22845,4382.923
22846,5275.359
22847,2320.8093
22848,6074.6353
22849,5568.1787
22850,4256.2695
22851,14712.342
22852,9511.611
22853,3766.497
22854,4102.2095
22855,3873.4143
22856,4322.879
22857,4774.4062
22858,7163.2437
22859,4355.8193
22860,4820.7593
22861,4055.3496
22862,5709.847
22863,5246.164
22864,7652.3354
22865,3554.1997
22866,8049.9053
22867,8061.0767
22868,5576.699
22869,4037.1892
22870,3695.703
22871,6019.064
22872,3771.948
22873,10134.349
22874,4406.6294
22875,3693.937
22876,5993.999
22877,5307.2314
22878,4563.392
22879,3802.3628
22880,4531.6655
22881,10191.46
22882,7970.472
22883,6058.942
22884,3472.026
22885,5413.76
22886,9020.937
22887,4376.414
22888,5028.1846
22889,5462.4824
22890,10623.186
22891,7110.3184
22892,4406.0537
22893,3884.8264
22894,3744.4114
22895,7598.1597
22896,5281.592
22897,12974.701
22898,5849.314
22899,5559.353
22900,4552.64
22901,2874.0935
22902,4206.346
22903,22847.4
22904,2011.1783
22905,5227.7466
22906,7327.9927
22907,7021.084
22908,6122.386
22909,8886.843
22910,5751.7295
22911,4664.202
22912,3141.2349
22913,8526.8545
22914,4553.348
22915,6765.2036
22916,8931.965
22917,3633.5906
22918,6526.2563
22919,7128.2993
22920,4145.018
22921,7094.5005
22922,6978.0957
22923,2764.81
22924,8534.967
22925,6459.773
22926,5436.923
22927,10712.916
22928,7484.085
22929,6996.67
22930,4367.944
22931,4217.6724
22932,5012.205
22933,3170.2317
22934,7107.586
22935,2232.316
22936,6149.836
22937,3164.3428
22938,4856.783
22939,5615.339
22940,4899.4614
22941,5410.208
22942,8422.399
22943,4539.778
22944,7019.477
22945,4414.4507
22946,7393.8125
22947,9800.348
22948,7162.301
22949,3415.7466
22950,5033.42
22951,6031.616
22952,2857.9932
22953,10549.911
22954,4790.2856
22955,5775.418
22956,10720.89
22957,6776.8223
22958,2037.243
22959,5470.9507
22960,8379.436
22961,6584.876
22962,8183.6323
22963,9301.661
22964,6075.5913
22965,5311.1763
22966,4573.171
22967,2150.0212
22968,5127.9585
22969,8187.3955
22970,2347.99
22971,7738.254
22972,7387.7856
22973,5032.7427
22974,7665.6235
22975,5183.3467
22976,6878.379
22977,5293.515
22978,4276.973
22979,5020.8037
22980,4107.4487
22981,6510.6196
22982,7179.6807
22983,9228.378
22984,5650.849
22985,3487.8972
22986,6603.3296
22987,6710.635
22988,6628.4575
22989,3213.2668
22990,2890.2378
22991,7320.874
22992,6630.026
22993,4015.397
22994,7699.947
22995,5187.7935
22996,5544.8477
22997,5364.6016
22998,1323.8013
22999,6014.8916
23000,6166.8647
23001,5974.8594
23002,7876.2417
23003,7676.8843
23004,3815.5486
23005,6229.0327
23006,3379.7039
23007,1221.9027
23008,6227.393
23009,11407.984
23010,5530.681
23011,5013.1562
23012,2134.5532
23013,5357.744
23014,7880.0215
23015,5574.662
23016,9135.453
23017,3678.3704
23018,4460.542
23019,3172.3252
23020,5939.6636
23021,3734.7227
23022,2533.4207
23023,4716.575
23024,3514.8955
23025,5395.9272
23026,4708.389
23027,4134.999
23028,5238.938
23029,8017.6074
23030,5346.0845
23031,3272.2207
23032,8877.499
23033,6512.843
23034,4994.7373
23035,1951.8125
23036,7642.8677
23037,6203.732
23038,5753.1396
23039,6542.33
23040,8505.605
23041,6627.484
23042,6709.483
23043,7144.336
23044,9633.946
23045,11026.363
23046,3254.2524
23047,4292.5376
23048,5089.656
23049,6025.6816
23050,4578.007
23051,8117.763
23052,7783.519
23053,5233.7686
23054,2414.4995
23055,6050.8447
23056,8988.018
23057,3633.244
23058,7198.908
23059,2251.4307
23060,6928.5273
23061,7661.0625
23062,5406.076
23063,6596.569
23064,3709.3503
23065,3929.8103
23066,6296.0293
23067,6087.5527
23068,9385.171
23069,5946.71
23070,8280.387
23071,5379.898
23072,3473.6523
23073,9914.389
23074,2357.782
23075,9761.373
23076,5008.324
23077,4785.892
23078,7341.894
23079,4808.74
23080,5173.3887
23081,7820.7866
23082,2677.6272
23083,2850.0413
23084,6596.5435
23085,6193.7456
23086,9665.33
23087,5838.0938
23088,5615.076
23089,3611.054
23090,6828.0728
23091,3064.9724
23092,11387.037
23093,7642.933
23094,14103.158
23095,4470.6885
23096,5439.4385
23097,8922.99
23098,10303.967
23099,3034.0623
23100,10052.205
23101,5454.4746
23102,5832.0884
23103,4526.1187
23104,5213.092
23105,3558.5933
23106,4294.0977
23107,3451.617
23108,2702.627
23109,9380.294
23110,5638.557
23111,23092.932
23112,7183.736
23113,4254.853
23114,7882.532
23115,11899.6455
23116,7349.9443
23117,8798.707
23118,6213.071
23119,8495.033
23120,8803.064
23121,5685.256
23122,6024.2393
23123,7832.634
23124,8772.998
23125,7737.8477
23126,9331.064
23127,6089.417
23128,5016.457
23129,6023.952
23130,11976.112
23131,11569.87
23132,11307.427
23133,9096.449
23134,4572.5947
23135,6546.4746
23136,4722.522
23137,9666.906
23138,12460.046
23139,11158.766
23140,6931.191
23141,5401.1743
23142,5253.0894
23143,5555.3667
23144,11852.854
23145,7064.391
23146,5832.077
23147,5440.284
23148,8258.94
23149,3737.6345
23150,8930.543
23151,4840.4805
23152,7605.4463
23153,6901.5444
23154,6665.28
23155,9000.139
23156,7521.9136
23157,5794.3774
23158,7496.823
23159,7855.8125
23160,12961.802
23161,7135.905
23162,9345.68
23163,9533.127
23164,9613.532
23165,6881.1875
23166,9762.267
23167,4553.791
23168,5116.7305
23169,6758.8765
23170,7615.1587
23171,10146.177
23172,8729.337
23173,6319.361
23174,8983.004
23175,7844.409
23176,9812.18
23177,4152.9214
23178,15517.2
23179,5051.577
23180,6360.3057
23181,10110.136
23182,4961.053
23183,6629.6147
23184,6487.918
23185,8545.923
23186,6511.104
23187,5511.291
23188,8623.841
23189,8623.545
23190,7890.4453
23191,5647.492
23192,8243.437
23193,13677.135
23194,7312.674
23195,5924.0703
23196,7652.3867
23197,6817.4526
23198,6284.3896
23199,8467.78
23200,4194.0938
23201,9458.201
23202,6483.254
23203,7965.251
23204,10573.917
23205,4990.77
23206,5758.52
23207,5849.677
23208,9334.651
23209,8710.2
23210,5180.0054
23211,5243.2373
23212,7764.3667
23213,6586.17
23214,5837.264
23215,7437.5596
23216,6954.408
23217,8344.837
23218,5837.882
23219,4969.18
23220,7095.346
23221,7726.756
23222,8467.029
23223,9361.694
23224,9443.211
23225,6028.102
23226,9852.41
23227,6418.0044
23228,6703.1562
23229,9571.036
23230,7148.842
23231,12006.168
23232,9598.846
23233,8267.113
23234,6072.4805
23235,8708.746
23236,8737.042
23237,7050.6387
23238,4323.3
23239,6594.6436
23240,8899.574
23241,6225.5044
23242,4833.412
23243,9163.448
23244,7174.6216
23245,6240.4565
23246,6409.391
23247,5843.5366
23248,8652.925
23249,8207.012
23250,6519.263
23251,5931.1772
23252,5205.092
23253,7516.5347
23254,4069.913
23255,7459.029
23256,6229.627
23257,9490.515
23258,8412.203
23259,7074.58
23260,14579.419
23261,5716.3154
23262,5753.1943
23263,12781.222
23264,7288.3022
23265,9430.592
23266,8804.659
23267,6065.5513
23268,6929.1416
23269,5985.589
23270,8790.672
23271,12790.465
23272,7825.3906
23273,3405.9268
23274,5272.904
23275,10064.657
23276,10520.069
23277,7115.081
23278,7306.5454
23279,5158.419
23280,5066.4253
23281,3712.03
23282,5534.106
23283,7214.6426
23284,8240.057
23285,6973.5913
23286,6974.6753
23287,9206.865
23288,10363.783
23289,8560.134
23290,5437.3687
23291,11134.591
23292,11458.024
23293,5632.4507
23294,8239.711
23295,6135.0483
23296,7780.557
23297,4195.8467
23298,7241.4814
23299,5735.7866
23300,10610.487
23301,7695.806
23302,8694.844
23303,9207.208
23304,6208.58
23305,9634.305
23306,24737.771
23307,11344.911
23308,6470.256
23309,3578.354
23310,6877.3228
23311,9642.0625
23312,6211.4707
23313,12012.376
23314,22075.39
23315,4216.9077
23316,6050.4814
23317,10766.3955
23318,4707.0737
23319,9091.73
23320,6609.215
23321,9064.413
23322,4667.131
23323,7057.549
23324,6840.719
23325,8209.259
23326,10618.536
23327,7168.3013
23328,6837.8164
23329,7891.612
23330,5659.6147
23331,5695.65
23332,8762.9375
23333,5789.069
23334,6257.33
23335,7984.8457
23336,6838.012
23337,6909.982
23338,7516.979
23339,8090.948
23340,8980.057
23341,11262.222
23342,8559.872
23343,6169.1123
23344,4158.5547
23345,7010.07
23346,6899.2407
23347,6224.9937
23348,4938.612
23349,10526.754
23350,7431.6597
23351,10667.921
23352,7387.997
23353,5878.3364
23354,5599.7686
23355,5264.1196
23356,11660.477
23357,5965.3726
23358,8420.801
23359,20092.844
23360,8368.877
23361,7209.043
23362,5959.8726
23363,5156.49
23364,7606.977
23365,4682.131
23366,6275.357
23367,11991.656
23368,5667.1777
23369,15669.622
23370,15905.761
23371,5808.9316
23372,7494.1924
23373,6019.3
23374,7524.1665
23375,6330.268
23376,12233.941
23377,8256.562
23378,11214.514
23379,4536.674
23380,9006.665
23381,5908.174
23382,9301.776
23383,7524.382
23384,7043.635
23385,7356.2354
23386,5606.9146
23387,9979.632
23388,10587.086
23389,7140.8955
23390,12326.057
23391,7316.5107
23392,9794.704
23393,6151.925
23394,5979.9395
23395,5948.202
23396,11686.407
23397,6934.9404
23398,9259.607
23399,6982.2036
23400,10657.192
23401,5110.6426
23402,9715.841
23403,8297.187
23404,4083.372
23405,17923.902
23406,22394.105
23407,7617.098
23408,8296.743
23409,10651.725
23410,11789.03
23411,12718.512
23412,5833.7573
23413,7827.4956
23414,7137.6
23415,9331.705
23416,4408.093
23417,6768.5146
23418,6161.397
23419,6124.6704
23420,8863.184
23421,5744.9688
23422,5008.8213
23423,8127.1836
23424,4612.0723
23425,5437.338
23426,6891.6973
23427,6806.394
23428,10328.93
23429,10360.551
23430,7090.0693
23431,7298.3403
23432,7259.9604
23433,13278.168
23434,7849.8877
23435,5716.1685
23436,5160.3823
23437,11522.242
23438,4801.393
23439,8320.057
23440,3596.09
23441,5635.9116
23442,8310.785
23443,7055.4487
23444,5405.7256
23445,9429.81
23446,11415.473
23447,13970.529
23448,6978.5684
23449,10574.36
23450,3606.4685
23451,5980.567
23452,7403.6997
23453,4952.76
23454,10909.319
23455,5253.355
23456,5665.362
23457,9916.942
23458,11839.375
23459,10271.685
23460,5981.5083
23461,5632.5474
23462,10849.334
23463,8819.41
23464,6836.577
23465,5464.0874
23466,8019.5503
23467,10414.317
23468,4996.2046
23469,6574.17
23470,9004.569
23471,8856.584
23472,16386.047
23473,7169.4023
23474,14845.88
23475,7775.8315
23476,5641.096
23477,3936.898
23478,7224.655
23479,6942.2603
23480,5854.9404
23481,9187.76
23482,5471.018
23483,5078.1777
23484,8562.412
23485,4061.536
23486,8492.976
23487,7755.966
23488,8400.241
23489,10395.313
23490,6206.324
23491,9651.089
23492,7041.4316
23493,5809.663
23494,6434.045
23495,4771.952
23496,11736.425
23497,6868.316
23498,5049.91
23499,8078.9956
23500,10067.3545
23501,8738.65
23502,6389.779
23503,9672.661
23504,6096.0884
23505,5343.6475
23506,5666.378
23507,9982.745
23508,6988.6465
23509,7024.2324
23510,6495.3237
23511,5950.6196
23512,5114.9834
23513,5993.867
23514,9652.11
23515,9291.074
23516,12711.078
23517,12365.715
23518,9419.193
23519,9317.617
23520,5580.259
23521,13428.319
23522,11783.05
23523,8563.956
23524,9644.527
23525,9640.38
23526,6912.9946
23527,4209.8945
23528,12948.086
23529,7273.8853
23530,8096.908
23531,6295.5366
23532,2808.735
23533,13289.773
23534,6891.3223
23535,4865.0044
23536,5328.3936
23537,5481.4023
23538,7304.594
23539,8090.0225
23540,8210.88
23541,6064.747
23542,5111.062
23543,4651.4595
23544,3775.1733
23545,8043.512
23546,18838.713
23547,4945.683
23548,6764.5845
23549,7850.629
23550,5941.5054
23551,5208.807
23552,5713.879
23553,4540.67
23554,9155.314
23555,7960.064
23556,3993.528
23557,10438.761
23558,5476.767
23559,5521.325
23560,13783.283
23561,8445.728
23562,11259.43
23563,5866.719
23564,6387.8955
23565,5311.637
23566,5580.3438
23567,22248.326
23568,12025.822
23569,7390.5835
23570,5440.295
23571,5679.2017
23572,6502.6694
23573,4928.358
23574,11606.686
23575,5929.7065
23576,5858.801
23577,8502.361
23578,5124.6626
23579,6834.439
23580,7935.3286
23581,7336.406
23582,8548.556
23583,4584.1724
23584,6128.1123
23585,7118.19
23586,10130.705
23587,9332.302
23588,8035.6216
23589,4648.847
23590,9043.766
23591,6805.0957
23592,5114.3003
23593,7795.8003
23594,8096.9004
23595,6832.842
23596,7132.884
23597,6219.6167
23598,6469.182
23599,5934.2783
23600,8655.566
23601,7286.864
23602,6957.7256
23603,10405.739
23604,6760.7593
23605,5183.7124
23606,13479.234
23607,6041.7905
23608,3741.0374
23609,8620.23
23610,9688.099
23611,12190.415
23612,5090.0444
23613,6782.241
23614,6452.7095
23615,8509.192
23616,6794.161
23617,9688.561
23618,3693.0986
23619,6299.2607
23620,6846.359
23621,5610.3223
23622,5617.9263
23623,7382.9463
23624,7806.7827
23625,6798.809
23626,8538.875
23627,7745.106
23628,9860.043
23629,5139.3774
23630,7224.6343
23631,7461.2344
23632,9103.566
23633,9243.089
23634,4229.11
23635,8794.932
23636,7612.4424
23637,8301.279
23638,5729.4766
23639,4667.794
23640,9522.195
23641,6532.833
23642,10718.118
23643,7154.8174
23644,6321.628
23645,9673.132
23646,7142.4077
23647,6839.421
23648,8506.758
23649,6528.622
23650,10754.408
23651,12388.864
23652,8736.274
23653,5093.3423
23654,6232.741
23655,4756.8594
23656,3656.456
23657,8877.186
23658,6059.5024
23659,10191.81
23660,4993.5034
23661,6253.219
23662,6520.9175
23663,10599.543
23664,5869.389
23665,5997.0986
23666,6115.214
23667,5053.283
23668,5642.3877
23669,8477.404
23670,8704.826
23671,8000.229
23672,8816.265
23673,7791.2437
23674,6788.208
23675,4958.087
23676,6004.8887
23677,11796.869
23678,10204.464
23679,10465.887
23680,17557.887
23681,5731.723
23682,4851.491
23683,7081.851
23684,10280.3
23685,11210.845
23686,8467.304
23687,8955.859
23688,9421.296
23689,8074.073
23690,7206.6436
23691,6375.241
23692,5314.9014
23693,5321.597
23694,4513.783
23695,5720.27
23696,9068.028
23697,22451.59
23698,7472.2305
23699,5629.8726
23700,8275.239
23701,4802.1167
23702,7595.2827
23703,4739.4087
23704,10016.976
23705,6936.1245
23706,7161.809
23707,16144.35
23708,13076.833
23709,6005.6045
23710,7824.189
23711,4454.2236
23712,5299.047
23713,5851.9536
23714,9274.951
23715,5253.7104
23716,4979.8755
23717,5928.4004
23718,5733.79
23719,7682.121
23720,8374.546
23721,4267.421
23722,8166.12
23723,10339.052
23724,7419.3364
23725,5512.784
23726,4752.1426
23727,9185.113
23728,5091.822
23729,11819.664
23730,5058.839
23731,6580.035
23732,8038.757
23733,6005.41
23734,5096.7344
23735,5756.5977
23736,7333.4463
23737,11271.464
23738,11486.418
23739,6415.881
23740,4600.749
23741,6731.636
23742,10204.922
23743,5181.1963
23744,6287.01
23745,6585.24
23746,12601.943
23747,8737.991
23748,7110.637
23749,6812.2197
23750,5126.9507
23751,10473.046
23752,5859.6226
23753,15568.58
23754,7271.5684
23755,5962.8125
23756,6124.9272
23757,4121.0083
23758,6676.287
23759,23954.744
23760,4354.5396
23761,5803.1445
23762,10979.318
23763,7247.638
23764,8054.974
23765,8681.387
23766,6884.9297
23767,5272.7227
23768,4357.743
23769,11149.532
23770,6812.753
23771,8442.796
23772,8747.539
23773,5275.857
23774,7911.0024
23775,7119.643
23776,4198.0767
23777,9715.878
23778,9840.37
23779,4781.0415
23780,9414.532
23781,7485.584
23782,6089.1265
23783,11251.604
23784,7449.4517
23785,8452.715
23786,4908.04
23787,5201.836
23788,8144.8687
23789,4248.899
23790,8982.695
23791,4581.5933
23792,7174.8267
23793,5167.761
23794,6213.1357
23795,6623.7744
23796,8082.3403
23797,7249.6084
23798,9801.479
23799,6600.3765
23800,8802.493
23801,6410.7114
23802,9953.7
23803,11424.567
23804,8299.838
23805,3582.8936
23806,6681.4346
23807,7769.5005
23808,4085.71
23809,12596.355
23810,6138.7188
23811,7578.9067
23812,12286.046
23813,8150.075
23814,4123.08
23815,10705.808
23816,11143.186
23817,6360.773
23818,10162.38
23819,9857.316
23820,6758.206
23821,6513.017
23822,7666.6543
23823,6010.837
23824,6613.6987
23825,8640.769
23826,5054.6426
23827,8011.8975
23828,8694.181
23829,7355.8354
23830,8829.594
23831,6740.6187
23832,7973.293
23833,5749.6504
23834,7984.3735
23835,8042.676
23836,7293.1147
23837,7701.3574
23838,8124.308
23839,10863.375
23840,6736.852
23841,5440.637
23842,7143.3755
23843,8501.202
23844,7364.2734
23845,4883.686
23846,4852.81
23847,8539.177
23848,7607.1514
23849,7000.3013
23850,9193.721
23851,6051.514
23852,7520.6294
23853,5589.768
23854,3466.145
23855,7790.5376
23856,7560.7266
23857,7120.641
23858,10086.317
23859,8728.288
23860,5293.621
23861,9177.6
23862,4524.427
23863,3304.853
23864,7908.1284
23865,13593.931
23866,8903.522
23867,7969.271
23868,4669.0586
23869,7414.236
23870,10060.089
23871,7035.685
23872,9192.94
23873,5360.484
23874,5260.5957
23875,5611.8423
23876,6630.443
23877,5604.866
23878,5610.2153
23879,5380.534
23880,4953.2085
23881,7007.449
23882,7807.535
23883,5865.5835
23884,7287.4336
23885,8090.709
23886,6590.575
23887,5063.3286
23888,11073.314
23889,8602.998
23890,6022.642
23891,3941.1514
23892,11791.987
23893,7112.1567
23894,5935.0312
23895,9306.835
23896,9306.693
23897,8374.762
23898,6608.862
23899,8513.665
23900,10157.776
23901,15011.166
23902,5819.102
23903,5592.1143
23904,5867.6763
23905,7709.971
23906,6032.715
23907,9614.192
23908,10020.902
23909,6326.284
23910,4426.451
23911,6206.721
23912,11362.453
23913,5473.1426
23914,8632.383
23915,4062.5862
23916,7727.8906
23917,9111.385
23918,8241.605
23919,8637.069
23920,7187.7793
23921,4867.2134
23922,6745.5063
23923,8272.824
23924,9447.4
23925,8438.4
23926,9186.454
23927,6874.3193
23928,4859.193
23929,11723.168
23930,4577.5483
23931,11213.38
23932,6327.829
23933,4937.2085
23934,7565.5093
23935,6567.6895
23936,8444.906
23937,9933.225
23938,4609.614
23939,5023.563
23940,8488.789
23941,8798.623
23942,11591.408
23943,6112.8516
23944,6672.0728
23945,6012.3506
23946,7000.5215
23947,5668.3076
23948,12082.512
23949,9963.112
23950,15004.053
23951,4984.7803
23952,6748.428
23953,11644.129
23954,12121.005
23955,5640.7197
23956,11681.537
23957,7007.0815
23958,6216.3667
23959,5809.264
23960,5493.8447
23961,5995.451
23962,6820.321
23963,4881.5947
23964,5441.514
23965,9753.564
23966,7450.702
23967,27023.916
23968,7444.7705
23969,4190.047
23970,7858.5625
23971,12302.5205
23972,7533.7607
23973,8782.802
23974,6220.59
23975,8620.699
23976,8947.765
23977,5695.5034
23978,6027.9927
23979,7692.0415
23980,8937.155
23981,7743.577
23982,9347.4
23983,6009.9883
23984,5020.1045
23985,5906.934
23986,11994.15
23987,11375.889
23988,11341.438
23989,8895.747
23990,4535.7437
23991,6368.507
23992,4865.872
23993,9663.349
23994,12149.06
23995,11443.029
23996,6717.987
23997,5431.6147
23998,5223.6094
23999,5375.6353
24000,11917.83
24001,6905.6074
24002,5667.8696
24003,5374.461
24004,8390.792
24005,3738.5154
24006,8787.972
24007,4701.182
24008,7670.78
24009,6817.277
24010,6721.371
24011,8811.969
24012,7548.693
24013,5799.968
24014,7554.1235
24015,7840.908
24016,12793.466
24017,6988.373
24018,9542.36
24019,9635.499
24020,9615.54
24021,6829.74
24022,9681.015
24023,4581.2393
24024,5137.309
24025,6776.609
24026,7428.4355
24027,10076.164
24028,8591.903
24029,6403.531
24030,8844.9
24031,7862.806
24032,9769.55
24033,4123.989
24034,15708.302
24035,5030.8853
24036,6366.9946
24037,10098.021
24038,4897.7886
24039,6481.2383
24040,6467.9175
24041,8321.883
24042,6208.124
24043,5405.246
24044,8526.773
24045,8486.53
24046,7860.0693
24047,5678.936
24048,8276.21
24049,13851.824
24050,7379.919
24051,5873.707
24052,7503.5337
24053,6830.8154
24054,6058.549
24055,8314.877
24056,4183.4653
24057,9356.963
24058,6525.391
24059,7903.8906
24060,11115.194
24061,4972.3335
24062,5589.7837
24063,5733.7847
24064,9228.713
24065,8878.642
24066,5117.145
24067,5127.7627
24068,7663.7593
24069,6429.5664
24070,5901.151
24071,7488.312
24072,7059.683
24073,8412.572
24074,5770.05
24075,4929.656
24076,6967.368
24077,7837.9697
24078,8834.244
24079,8963.028
24080,9193.361
24081,5943.4834
24082,9917.188
24083,6475.461
24084,6679.185
24085,9455.946
24086,7036.0474
24087,12076.049
24088,9547.321
24089,8155.1143
24090,5865.1694
24091,8681.015
24092,8608.498
24093,7124.3574
24094,4300.148
24095,6582.5337
24096,9139.41
24097,6032.8184
24098,4803.381
24099,9176.296
24100,7183.633
24101,6207.769
24102,6370.9556
24103,5889.6064
24104,8685.429
24105,8075.1514
24106,6594.625
24107,5787.4897
24108,5223.619
24109,7332.1177
24110,4001.3223
24111,7560.0703
24112,6165.2534
24113,9410.511
24114,8505.59
24115,7072.8394
24116,14865.504
24117,5782.7827
24118,5572.2007
24119,12862.114
24120,7282.118
24121,9278.906
24122,8758.668
24123,5764.8125
24124,6758.103
24125,5958.389
24126,8859.938
24127,13117.492
24128,7858.0903
24129,3271.9055
24130,5249.9834
24131,9838.175
24132,10229.781
24133,7181.18
24134,7152.061
24135,5111.9834
24136,5163.4253
24137,3694.0005
24138,5523.39
24139,7039.6387
24140,8075.9214
24141,7016.1504
24142,6981.2515
24143,8947.552
24144,10220.409
24145,8426.409
24146,5320.3184
24147,11275.441
24148,11234.629
24149,5649.7715
24150,8269.298
24151,5979.09
24152,7595.6743
24153,4041.181
24154,7408.4185
24155,5583.07
24156,10728.101
24157,7684.525
24158,8616.753
24159,9328.626
24160,6016.992
24161,9622.752
24162,25093.129
24163,11161.172
24164,6524.881
24165,3443.8188
24166,6668.955
24167,9626.699
24168,6159.0938
24169,11621.307
24170,21830.766
24171,4112.0903
24172,6150.945
24173,10787.909
24174,4712.559
24175,9164.593
24176,6643.9717
24177,9103.193
24178,4462.2827
24179,6941.1016
24180,6802.344
24181,8328.489
24182,10576.348
24183,6943.7764
24184,6669.1714
24185,7935.3135
24186,5512.931
24187,5666.1616
24188,8751.545
24189,5700.1665
24190,6085.318
24191,7990.834
24192,6921.8164
24193,6936.6934
24194,7621.88
24195,8242.454
24196,8897.538
24197,11499.692
24198,8614.954
24199,6206.703
24200,4005.4583
24201,7001.3364
24202,6960.779
24203,6134.58
24204,4921.438
24205,10518.504
24206,7233.46
24207,10841.215
24208,7425.5664
24209,5728.564
24210,5565.025
24211,5210.1885
24212,11334.863
24213,5832.6333
24214,8517.93
24215,20588.158
24216,8243.335
24217,7269.918
24218,5790.554
24219,5145.4746
24220,7529.3784
24221,4619.451
24222,6339.011
24223,12242.918
24224,5424.3354
24225,15040.874
24226,16212.225
24227,5590.941
24228,7561.5415
24229,6050.8623
24230,7617.6064
24231,6300.3003
24232,12493.377
24233,7948.57
24234,11444.645
24235,4520.9233
24236,9030.569
24237,5707.8213
24238,9470.586
24239,7372.3276
24240,7003.1597
24241,7162.7104
24242,5410.838
24243,9718.445
24244,10814.982
24245,6985.6475
24246,12329.02
24247,7169.3955
24248,9836.326
24249,6178.4634
24250,6005.4443
24251,5818.991
24252,11765.531
24253,6762.3135
24254,8948.857
24255,6842.2656
24256,10413.374
24257,4903.917
24258,9973.323
24259,8298.793
24260,3951.3718
24261,18052.916
24262,22844.719
24263,7495.551
24264,8096.4136
24265,10519.347
24266,11811.922
24267,13040.092
24268,5900.3794
24269,7863.211
24270,6908.2686
24271,9186.953
24272,4384.6416
24273,6816.4966
24274,6084.4062
24275,6138.42
24276,8880.454
24277,5809.5464
24278,4995.571
24279,7951.6865
24280,4607.0684
24281,5399.2734
24282,6768.631
24283,6671.8247
24284,10215.409
24285,10372.1
24286,7171.796
24287,7106.8535
24288,7094.0674
24289,13580.194
24290,7912.625
24291,5746.964
24292,5005.282
24293,11549.991
24294,4785.504
24295,8098.978
24296,3470.8801
24297,5638.2886
24298,8400.466
24299,6907.689
24300,5151.1763
24301,9361.435
24302,11197.1455
24303,14333.494
24304,7023.502
24305,10794.496
24306,3585.3962
24307,5896.031
24308,7202.493
24309,4902.888
24310,10875.815
24311,5244.753
24312,5668.5186
24313,9964.946
24314,12082.893
24315,10232.24
24316,5975.9023
24317,5771.6953
24318,11467.973
24319,8677.86
24320,6856.828
24321,5230.5146
24322,7970.1606
24323,10713.652
24324,4835.9346
24325,6606.82
24326,8835.794
24327,8903.607
24328,16657.953
24329,7109.6064
24330,14974.032
24331,7763.9224
24332,5569.0977
24333,3928.742
24334,7174.9297
24335,6875.211
24336,5788.1465
24337,9288.646
24338,5297.0405
24339,5080.673
24340,8432.761
24341,4023.1072
24342,8558.142
24343,7610.9033
24344,8465.479
24345,10170.466
24346,6085.6543
24347,9763.747
24348,7028.7827
24349,5760.525
24350,6211.429
24351,4758.28
24352,11949.5625
24353,6830.9326
24354,5131.359
24355,8129.0444
24356,10026.142
24357,8752.646
24358,6431.9956
24359,9751.741
24360,6090.282
24361,5107.7627
24362,5573.386
24363,9718.278
24364,7012.745
24365,7098.9746
24366,6375.217
24367,5856.6943
24368,5100.173
24369,5751.5483
24370,9537.52
24371,9606.5205
24372,12445.805
24373,12460.319
24374,9282.43
24375,9496.192
24376,5589.544
24377,13501.185
24378,12087.261
24379,8508.315
24380,9661.735
24381,9646.377
24382,6968.3784
24383,4237.8325
24384,13323.151
24385,7166.4556
24386,8065.522
24387,6305.188
24388,2748.025
24389,13403.777
24390,6756.5435
24391,4712.7524
24392,5345.5234
24393,5350.4717
24394,7389.6953
24395,8240.119
24396,8156.4834
24397,6017.3477
24398,4975.289
24399,4643.817
24400,3762.5398
24401,7849.865
24402,18382.855
24403,4919.0117
24404,6526.5054
24405,7853.0405
24406,5994.342
24407,5093.4297
24408,5532.111
24409,4533.127
24410,8990.984
24411,7660.946
24412,3961.8152
24413,10406.156
24414,5572.0146
24415,5517.1504
24416,13999.566
24417,8244.868
24418,11471.823
24419,6018.3525
24420,6448.003
24421,5189.506
24422,5484.9434
24423,22482.295
24424,12156.142
24425,7215.0483
24426,5523.2583
24427,5487.366
24428,6552.247
24429,4926.3604
24430,12034.071
24431,5941.1597
24432,5769.3286
24433,8374.139
24434,4953.223
24435,6846.2153
24436,8030.22
24437,7225.7715
24438,8389.664
24439,4567.0107
24440,6078.472
24441,7010.685
24442,10020.367
24443,9299.0
24444,7865.679
24445,4746.4346
24446,8941.725
24447,6756.943
24448,5143.399
24449,7794.633
24450,8122.9834
24451,6837.001
24452,7081.527
24453,6247.1206
24454,6327.069
24455,5778.113
24456,8736.833
24457,7092.2
24458,6951.185
24459,10585.692
24460,6578.046
24461,5194.6367
24462,13259.198
24463,6006.6304
24464,3589.5474
24465,8820.125
24466,9760.33
24467,12588.465
24468,5082.864
24469,6837.008
24470,6426.7397
24471,8475.359
24472,6587.0117
24473,9454.575
24474,3574.6692
24475,6187.044
24476,6716.0967
24477,5528.3496
24478,5673.36
24479,7232.4873
24480,7729.5054
24481,6815.112
24482,8689.024
24483,7691.3296
24484,9775.768
24485,4906.35
24486,7506.9697
24487,7573.7905
24488,9055.712
24489,9234.216
24490,4227.331
24491,8513.04
24492,7625.1377
24493,8161.1836
24494,5669.616
24495,4650.621
24496,9504.221
24497,6581.8745
24498,10498.959
24499,6990.7866
24500,6314.836
24501,9436.846
24502,7147.001
24503,6792.8135
24504,8595.338
24505,6615.9575
24506,10965.525
24507,12245.989
24508,8822.691
24509,5119.9673
24510,6153.515
24511,4784.4404
24512,3620.0593
24513,8930.79
24514,5865.824
24515,10216.803
24516,4858.646
24517,6054.2627
24518,6578.109
24519,10655.362
24520,5644.132
24521,5852.78
24522,5976.718
24523,5077.7563
24524,5571.6743
24525,8656.466
24526,8761.233
24527,8063.8525
24528,8695.143
24529,7588.1216
24530,6600.0615
24531,4970.2847
24532,5799.7134
24533,11639.898
24534,10236.359
24535,10888.426
24536,17041.043
24537,5741.868
24538,4739.309
24539,7111.9395
24540,9994.605
24541,11308.063
24542,8308.844
24543,8804.903
24544,9203.6875
24545,8125.7495
24546,7037.2554
24547,6181.293
24548,5384.9136
24549,5145.3325
24550,4481.5425
24551,5762.3384
24552,8827.666
24553,22726.113
24554,7563.3228
24555,5631.3657
24556,8344.264
24557,4658.333
24558,7411.2026
24559,4675.222
24560,10143.758
24561,6771.5044
24562,7266.112
24563,16547.54
24564,12502.9
24565,6039.2666
24566,8022.6025
24567,4329.812
24568,5315.8594
24569,5888.247
24570,9212.013
24571,5127.176
24572,4778.6846
24573,5937.2227
24574,5638.0894
24575,7699.6606
24576,8102.5474
24577,4202.584
24578,7970.3125
24579,10333.058
24580,7168.486
24581,5359.6914
24582,4609.684
24583,9250.974
24584,5033.684
24585,11874.771
24586,4950.011
24587,6429.5176
24588,8207.145
24589,5871.584
24590,4956.281
24591,5551.8813
24592,7359.3726
24593,11387.3955
24594,11543.207
24595,6244.2554
24596,4612.3623
24597,6788.059
24598,10219.483
24599,5073.365
24600,6194.585
24601,6642.09
24602,13009.372
24603,8832.643
24604,7184.64
24605,6890.783
24606,5080.4497
24607,10507.515
24608,5833.7627
24609,15665.991
24610,7188.28
24611,5790.6094
24612,6065.424
24613,4074.7456
24614,6787.0625
24615,24636.13
24616,4365.257
24617,5558.399
24618,10994.869
24619,7079.177
24620,8159.7593
24621,8655.344
24622,6690.7007
24623,5071.343
24624,4309.8022
24625,11431.543
24626,6975.0947
24627,8542.346
24628,8671.952
24629,5239.433
24630,7909.4785
24631,7059.629
24632,4102.765
24633,9897.77
24634,10090.927
24635,4856.501
24636,9182.145
24637,7351.2134
24638,5925.3984
24639,11141.399
24640,7262.8413
24641,8429.802
24642,4882.6655
24643,5056.152
24644,8265.954
24645,4117.26
24646,9139.75
24647,4585.117
24648,7133.523
24649,5149.6436
24650,6053.385
24651,6569.732
24652,8088.132
24653,7063.9805
24654,9669.027
24655,6630.658
24656,8820.142
24657,6447.542
24658,9997.304
24659,11663.446
24660,8396.58
24661,3468.7285
24662,6679.1216
24663,7874.221
24664,4015.1672
24665,12763.717
24666,6016.332
24667,7579.485
24668,12455.162
24669,8146.8813
24670,4125.421
24671,11226.488
24672,11418.401
24673,6295.561
24674,10347.91
24675,9876.505
24676,6568.917
24677,6480.336
24678,7694.9033
24679,6252.8677
24680,6607.3115
24681,8369.738
24682,5041.598
24683,7981.3506
24684,8429.954
24685,7382.6787
24686,8623.355
24687,6797.914
24688,7936.192
24689,5705.644
24690,8059.408
24691,8058.148
24692,7381.6294
24693,7657.4316
24694,8000.931
24695,11000.701
24696,6562.185
24697,5443.3936
24698,6976.6514
24699,8248.211
24700,7351.7886
24701,4862.151
24702,4872.644
24703,8613.499
24704,7368.44
24705,7114.0903
24706,8983.449
24707,5865.399
24708,7508.753
24709,5369.921
24710,3452.6775
24711,7715.098
24712,7335.643
24713,7022.752
24714,10316.858
24715,8829.122
24716,5264.938
24717,9233.547
24718,4479.1147
24719,3297.0183
24720,7742.462
24721,14077.464
24722,8919.519
24723,8012.1416
24724,4682.3853
24725,7386.736
24726,10070.13
24727,6928.2827
24728,9178.703
24729,5346.89
24730,5274.473
24731,5664.465
24732,6570.421
24733,5560.605
24734,5647.8857
24735,5226.55
24736,4974.563
24737,7023.1807
24738,7866.7744
24739,5769.147
24740,7263.777
24741,8067.9146
24742,6647.832
24743,5046.958
24744,11055.712
24745,8621.077
24746,5838.0938
24747,3931.5276
24748,12025.593
24749,6923.6387
24750,5770.622
24751,9238.321
24752,9363.811
24753,8384.472
24754,6557.405
24755,8618.528
24756,9976.072
24757,15441.627
24758,5841.491
24759,5427.0215
24760,5627.65
24761,7721.4883
24762,5855.2534
24763,9520.033
24764,10016.144
24765,6247.842
24766,4413.7476
24767,6150.886
24768,11808.847
24769,5470.705
24770,8528.376
24771,4038.4988
24772,7527.21
24773,9167.486
24774,8298.643
24775,8755.895
24776,7345.452
24777,4696.2607
24778,6593.4297
24779,8275.618
24780,9454.115
24781,8482.994
24782,9071.194
24783,6796.903
24784,4856.5146
24785,11797.5
24786,4599.472
24787,11198.278
24788,6146.9624
24789,4760.668
24790,7543.705
24791,6618.286
24792,8530.108
24793,9942.267
24794,4584.4043
24795,4970.996
24796,8435.343
24797,8885.283
24798,11881.75
24799,5937.925
24800,6693.4263
24801,6145.8193
24802,6848.6123
24803,5662.196
24804,11797.364
24805,10147.406
24806,15545.048
24807,4795.996
24808,6703.0415
24809,11345.246
24810,12359.136
24811,5660.3276
24812,11645.14
24813,7018.774
24814,6064.6484
24815,5694.52
24816,5322.4756
24817,6047.51
24818,6864.766
24819,4806.6533
24820,5465.234
24821,9595.715
24822,7518.2983
24823,27867.61
24824,7266.0635
24825,4268.9478
24826,8079.2114
24827,12856.619
24828,7924.702
24829,9033.998
24830,6394.0522
24831,8973.036
24832,9330.717
24833,5944.1978
24834,6270.104
24835,7768.863
24836,9282.748
24837,8015.008
24838,9686.824
24839,6140.821
24840,5210.3027
24841,5964.4053
24842,12360.267
24843,11493.124
24844,11737.914
24845,8992.125
24846,4682.2827
24847,6356.3877
24848,5234.073
24849,9912.555
24850,12197.428
24851,12053.403
24852,6743.834
24853,5701.4277
24854,5391.7085
24855,5370.9966
24856,12331.889
24857,7011.9087
24858,5648.2036
24859,5508.08
24860,8747.464
24861,3874.2754
24862,8812.061
24863,4700.886
24864,7950.0635
24865,6968.8438
24866,6898.267
24867,8831.48
24868,7756.4463
24869,5979.4717
24870,7879.9614
24871,8063.4834
24872,12917.226
24873,7021.017
24874,9939.839
24875,9950.919
24876,9912.593
24877,6990.6797
24878,9863.909
24879,4781.963
24880,5313.796
24881,7038.7656
24882,7397.678
24883,10184.405
24884,8695.185
24885,6666.901
24886,8891.828
24887,8128.4707
24888,9990.774
24889,4251.4897
24890,16147.9375
24891,5216.1704
24892,6591.4995
24893,10374.969
24894,5007.8945
24895,6608.37
24896,6658.7476
24897,8348.658
24898,6113.9946
24899,5485.0166
24900,8638.049
24901,8572.014
24902,8096.275
24903,5868.0625
24904,8502.6455
24905,14373.796
24906,7619.278
24907,5914.4326
24908,7568.981
24909,7022.0083
24910,5988.547
24911,8399.111
24912,4339.5664
24913,9473.838
24914,6734.6675
24915,8090.354
24916,12092.173
24917,5141.0054
24918,5658.3247
24919,5804.019
24920,9378.433
24921,9357.168
24922,5245.6436
24923,5214.6035
24924,7809.6055
24925,6457.1733
24926,6134.586
24927,7789.5195
24928,7430.221
24929,8701.913
24930,5897.8364
24931,5066.9185
24932,7029.5205
24933,8115.7812
24934,9560.507
24935,8905.391
24936,9214.263
24937,6077.852
24938,10173.377
24939,6784.26
24940,6870.7007
24941,9526.191
24942,7131.312
24943,12438.032
24944,9695.975
24945,8231.777
24946,5806.97
24947,8900.364
24948,8722.528
24949,7423.619
24950,4439.2803
24951,6807.6406
24952,9567.175
24953,6089.3994
24954,4966.882
24955,9464.545
24956,7432.4966
24957,6347.488
24958,6522.18
24959,6164.489
24960,8973.909
24961,8137.725
24962,6854.0884
24963,5837.676
24964,5396.1177
24965,7412.8145
24966,4074.1743
24967,7799.98
24968,6316.9263
24969,9539.012
24970,8881.996
24971,7301.8496
24972,15577.194
24973,6027.757
24974,5512.074
24975,13227.887
24976,7487.1978
24977,9336.949
24978,8977.137
24979,5628.541
24980,6770.4907
24981,6123.613
24982,9235.766
24983,13653.831
24984,8092.8467
24985,3266.4666
24986,5346.508
24987,9919.657
24988,10225.177
24989,7532.158
24990,7293.205
24991,5234.907
24992,5464.6084
24993,3832.891
24994,5714.1567
24995,7032.27
24996,8094.2363
24997,7256.3325
24998,7225.4404
24999,8971.171
25000,10276.123
25001,8490.991
25002,5376.4453
25003,11653.584
25004,11335.739
25005,5839.419
25006,8585.939
25007,6065.447
25008,7688.4326
25009,4018.2593
25010,7818.4595
25011,5658.789
25012,11052.802
25013,7881.9233
25014,8790.797
25015,9671.988
25016,5973.7026
25017,9881.988
25018,25669.068
25019,11277.012
25020,6823.2944
25021,3435.5532
25022,6717.186
25023,9895.23
25024,6266.062
25025,11295.57
25026,21721.338
25027,4129.0864
25028,6453.9653
25029,11028.751
25030,4865.533
25031,9510.341
25032,6850.1475
25033,9373.711
25034,4323.0933
25035,7068.2534
25036,6968.671
25037,8615.751
25038,10793.816
25039,6852.252
25040,6676.599
25041,8234.95
25042,5561.459
25043,5786.231
25044,9013.6
25045,5821.956
25046,6075.8696
25047,8260.879
25048,7204.8223
25049,7156.5713
25050,7910.346
25051,8599.232
25052,9031.577
25053,12130.615
25054,8899.574
25055,6401.7417
25056,3996.272
25057,7201.916
25058,7222.2847
25059,6250.4346
25060,5077.5913
25061,10848.951
25062,7301.9893
25063,11303.599
25064,7647.797
25065,5735.5073
25066,5740.9536
25067,5246.8
25068,11304.516
25069,5897.9883
25070,8829.341
25071,21171.588
25072,8298.785
25073,7601.487
25074,5770.8696
25075,5328.3936
25076,7723.558
25077,4732.7046
25078,6595.4805
25079,12674.736
25080,5383.8145
25081,14578.251
25082,16784.914
25083,5515.282
25084,7856.809
25085,6255.874
25086,7874.8296
25087,6483.656
25088,13054.054
25089,7869.589
25090,11931.136
25091,4675.5254
25092,9283.279
25093,5652.472
25094,9900.725
25095,7414.13
25096,7180.872
25097,7151.2354
25098,5289.129
25099,9766.262
25100,11210.418
25101,6993.1406
25102,12639.463
25103,7205.7363
25104,10147.948
25105,6344.225
25106,6291.419
25107,5871.3823
25108,12117.711
25109,6769.9805
25110,8922.786
25111,6905.2583
25112,10480.331
25113,4827.404
25114,10459.919
25115,8540.431
25116,3949.7588
25117,18551.23
25118,23405.21
25119,7595.5
25120,8188.809
25121,10738.389
25122,12139.875
25123,13534.073
25124,6222.18
25125,8164.508
25126,6926.208
25127,9234.604
25128,4524.828
25129,7106.481
25130,6216.2715
25131,6356.891
25132,9162.076
25133,6059.3755
25134,5191.179
25135,7958.6367
25136,4755.358
25137,5560.759
25138,6866.816
25139,6805.4854
25140,10315.019
25141,10693.367
25142,7448.748
25143,7106.298
25144,7110.298
25145,14052.474
25146,8246.803
25147,6015.414
25148,5023.4673
25149,11837.331
25150,4903.8096
25151,8174.552
25152,3508.6377
25153,5853.6006
25154,8737.092
25155,6985.6206
25156,5036.758
25157,9518.354
25158,11293.027
25159,14928.999
25160,7247.949
25161,11313.824
25162,3719.087
25163,6001.15
25164,7255.08
25165,5040.3433
25166,11130.684
25167,5461.258
25168,5821.3506
25169,10277.976
25170,12632.666
25171,10404.142
25172,6144.987
25173,6116.596
25174,12614.942
25175,8717.93
25176,7109.1587
25177,5137.324
25178,8138.2295
25179,11261.481
25180,4829.9185
25181,6874.9946
25182,8866.828
25183,9228.449
25184,17186.537
25185,7246.7393
25186,15392.648
25187,8001.7554
25188,5673.5435
25189,4091.685
25190,7353.675
25191,7055.7114
25192,5913.293
25193,9530.245
25194,5293.6006
25195,5295.1006
25196,8530.792
25197,4102.8516
25198,8902.945
25199,7656.6284
25200,8759.946
25201,10293.712
25202,6143.0767
25203,10082.451
25204,7243.5884
25205,5910.62
25206,6162.649
25207,4885.9688
25208,12461.84
25209,7019.6177
25210,5401.2617
25211,8460.354
25212,10284.036
25213,9059.409
25214,6667.55
25215,10075.799
25216,6246.525
25217,4949.803
25218,5674.377
25219,9749.537
25220,7309.236
25221,7306.434
25222,6451.5713
25223,5959.935
25224,5231.208
25225,5647.9395
25226,9646.156
25227,10214.475
25228,12502.316
25229,12870.176
25230,9331.599
25231,9902.906
25232,5745.4673
25233,13859.237
25234,12562.043
25235,8703.673
25236,9963.436
25237,9916.214
25238,7226.219
25239,4417.909
25240,14126.354
25241,7293.6504
25242,8321.637
25243,6515.5273
25244,2809.5002
25245,13788.45
25246,6826.38
25247,4709.1797
25248,5515.7715
25249,5397.7856
25250,7656.154
25251,8634.145
25252,8329.665
25253,6167.553
25254,5018.4434
25255,4820.5938
25256,3874.486
25257,7906.0923
25258,17994.934
25259,5088.1655
25260,6517.2925
25261,8105.562
25262,6232.652
25263,5214.5586
25264,5518.7925
25265,4707.662
25266,9105.095
25267,7630.8125
25268,4082.7412
25269,10592.894
25270,5886.3037
25271,5675.422
25272,14630.889
25273,8271.6875
25274,11880.186
25275,6367.189
25276,6707.6465
25277,5246.7695
25278,5581.4087
25279,22956.37
25280,12678.738
25281,7211.457
25282,5799.8184
25283,5449.4043
25284,6777.068
25285,5115.7837
25286,12624.259
25287,6128.0127
25288,5880.6245
25289,8412.677
25290,4927.54
25291,7053.7197
25292,8345.458
25293,7319.3447
25294,8421.741
25295,4726.258
25296,6211.3403
25297,7117.823
25298,10150.948
25299,9560.689
25300,7879.728
25301,5048.624
25302,9086.59
25303,6931.865
25304,5330.188
25305,8068.892
25306,8382.394
25307,7086.196
25308,7239.7065
25309,6449.424
25310,6404.8013
25311,5801.2515
25312,9002.508
25313,7099.9634
25314,7187.485
25315,11036.39
25316,6578.0713
25317,5400.9785
25318,13354.052
25319,6198.9883
25320,3601.346
25321,9251.997
25322,10151.316
25323,13254.912
25324,5237.904
25325,7049.0654
25326,6609.524
25327,8699.299
25328,6636.226
25329,9547.267
25330,3594.5435
25331,6346.198
25332,6873.0737
25333,5637.444
25334,5950.4663
25335,7284.306
25336,7888.4736
25337,6969.6743
25338,9099.3125
25339,7862.2812
25340,9916.309
25341,4809.0293
25342,8102.9033
25343,7946.3945
25344,9165.8955
25345,9502.29
25346,4420.603
25347,8299.648
25348,7902.3525
25349,8327.035
25350,5805.8076
25351,4785.0796
25352,9784.862
25353,6906.7207
25354,10593.368
25355,6997.3774
25356,6533.0073
25357,9531.809
25358,7407.175
25359,6986.3203
25360,8927.86
25361,6993.0737
25362,11377.375
25363,12492.244
25364,9150.548
25365,5331.3677
25366,6300.4927
25367,4978.4746
25368,3729.322
25369,9271.148
25370,5848.985
25371,10567.484
25372,4897.8022
25373,6004.562
25374,6869.1284
25375,11008.888
25376,5562.2173
25377,5905.7173
25378,6097.7925
25379,5267.726
25380,5680.247
25381,8976.066
25382,9009.226
25383,8343.142
25384,8788.458
25385,7644.333
25386,6569.801
25387,5137.5444
25388,5731.067
25389,11775.972
25390,10521.985
25391,11631.42
25392,16710.225
25393,5986.6055
25394,4797.003
25395,7416.4854
25396,10006.614
25397,11760.942
25398,8347.894
25399,8848.622
25400,9275.385
25401,8442.168
25402,7073.676
25403,6221.5093
25404,5647.8423
25405,5135.477
25406,4615.3774
25407,6044.7476
25408,8903.506
25409,23421.043
25410,7821.9355
25411,5744.8535
25412,8702.312
25413,4670.0474
25414,7386.8696
25415,4709.1753
25416,10448.5625
25417,6781.006
25418,7525.8247
25419,17100.533
25420,12060.718
25421,6299.0986
25422,8444.028
25423,4356.8413
25424,5501.7314
25425,6091.09
25426,9427.678
25427,5220.3765
25428,4713.3457
25429,6161.961
25430,5728.269
25431,7992.3203
25432,8126.858
25433,4236.866
25434,7965.897
25435,10603.79
25436,7152.1426
25437,5419.712
25438,4665.9375
25439,9565.433
25440,5140.829
25441,12196.916
25442,5001.5737
25443,6431.0996
25444,8577.901
25445,5928.519
25446,4978.147
25447,5500.105
25448,7656.183
25449,11715.076
25450,11901.507
25451,6230.007
25452,4772.321
25453,7019.9995
25454,10629.297
25455,5182.175
25456,6316.047
25457,6874.9224
25458,13759.458
25459,9152.119
25460,7403.297
25461,7119.487
25462,5208.38
25463,10804.961
25464,6011.961
25465,16110.587
25466,7327.923
25467,5798.7397
25468,6214.861
25469,4130.5005
25470,7114.3003
25471,25674.479
25472,4577.2295
25473,5508.2007
25474,11344.294
25475,7187.1143
25476,8487.421
25477,8864.95
25478,6748.267
25479,5028.295
25480,4437.595
25481,11890.933
25482,7342.44
25483,8834.37
25484,8811.641
25485,5378.3535
25486,8101.4736
25487,7196.91
25488,4164.9463
25489,10318.197
25490,10595.127
25491,5108.659
25492,9241.582
25493,7405.458
25494,5940.0093
25495,11302.531
25496,7248.2397
25497,8631.634
25498,4996.9053
25499,5075.611
25500,8511.205
25501,4140.134
25502,9469.448
25503,4798.4854
25504,7320.455
25505,5319.3135
25506,6060.8438
25507,6727.4707
25508,8325.907
25509,7041.9624
25510,9758.366
25511,6882.901
25512,9091.393
25513,6715.629
25514,10345.138
25515,12073.953
25516,8681.527
25517,3484.8408
25518,6893.216
25519,8161.1914
25520,4085.5383
25521,13233.022
25522,6102.296
25523,7833.9414
25524,12868.862
25525,8383.792
25526,4283.5713
25527,12077.432
25528,11842.367
25529,6419.847
25530,10756.717
25531,10156.808
25532,6583.589
25533,6664.4023
25534,7971.149
25535,6771.2334
25536,6821.277
25537,8366.083
25538,5228.0903
25539,8182.3135
25540,8461.321
25541,7669.3315
25542,8729.062
25543,7019.571
25544,8146.252
25545,5808.3496
25546,8319.493
25547,8344.853
25548,7609.713
25549,7851.752
25550,8101.613
25551,11362.551
25552,6633.7705
25553,5642.6626
25554,7008.6523
25555,8231.22
25556,7570.526
25557,4959.993
25558,5062.324
25559,8905.009
25560,7207.991
25561,7421.1836
25562,9096.328
25563,5839.2686
25564,7758.9697
25565,5358.439
25566,3616.5698
25567,7856.5913
25568,7351.669
25569,7200.247
25570,10772.199
25571,9140.194
25572,5423.88
25573,9567.969
25574,4579.7754
25575,3434.2263
25576,7877.6465
25577,15024.73
25578,9205.514
25579,8318.351
25580,4868.3096
25581,7593.7256
25582,10394.57
25583,7106.298
25584,9431.788
25585,5539.5244
25586,5444.697
25587,5938.174
25588,6716.0005
25589,5722.1416
25590,5930.0684
25591,5245.3633
25592,5154.956
25593,7242.013
25594,8222.62
25595,5876.5034
25596,7460.743
25597,8261.257
25598,6884.345
25599,5217.544
25600,11287.299
25601,8915.1045
25602,5838.8345
25603,4108.4795
25604,12604.792
25605,6910.213
25606,5850.3184
25607,9420.38
25608,9640.987
25609,8636.806
25610,6705.945
25611,8922.19
25612,10128.3
25613,16216.803
25614,6107.3213
25615,5479.5938
25616,5584.3057
25617,7973.4453
25618,5830.7363
25619,9748.998
25620,10301.401
25621,6381.6777
25622,4585.7603
25623,6301.3403
25624,12576.513
25625,5676.651
25626,8660.95
25627,4170.687
25628,7509.1035
25629,9490.181
25630,8592.797
25631,9103.774
25632,7653.0947
25633,4668.7383
25634,6626.782
25635,8569.43
25636,9680.654
25637,8770.388
25638,9138.312
25639,6942.8228
25640,4988.1665
25641,12153.521
25642,4803.9077
25643,11467.656
25644,6127.9307
25645,4726.718
25646,7759.8135
25647,6864.7925
25648,8895.298
25649,10245.492
25650,4752.3423
25651,5111.408
25652,8623.29
25653,9165.555
25654,12552.247
25655,5913.1636
25656,6915.804
25657,6505.4673
25658,6898.6025
25659,5873.6904
25660,11823.848
25661,10494.464
25662,16567.373
25663,4766.1885
25664,6876.096
25665,11121.515
25666,12936.768
25667,5919.6025
25668,11834.159
25669,7264.463
25670,6105.3755
25671,5784.305
25672,5382.233
25673,6281.0156
25674,7119.242
25675,4908.78
25676,5719.975
25677,9746.841
25678,7738.9624
25679,28697.791
25680,7287.8784
25681,4584.6055
25682,8829.308
25683,13835.32
25684,8709.0205
25685,9882.149
25686,6946.9497
25687,9706.699
25688,10073.291
25689,6238.5938
25690,6941.333
25691,8223.6
25692,9978.794
25693,8781.253
25694,10240.48
25695,6566.261
25696,5507.2866
25697,6356.8667
25698,13471.601
25699,12254.133
25700,12840.591
25701,9736.352
25702,5139.108
25703,6683.3145
25704,5552.9883
25705,10749.065
25706,13049.236
25707,12704.17
25708,7274.1694
25709,6378.7505
25710,5891.6797
25711,5445.3203
25712,13426.962
25713,7556.9126
25714,5919.0884
25715,5811.8247
25716,9471.2
25717,4191.778
25718,9224.427
25719,4941.9907
25720,8314.473
25721,7196.7114
25722,7412.6025
25723,9319.893
25724,8369.803
25725,6439.8716
25726,8741.093
25727,8575.914
25728,13781.995
25729,7344.149
25730,10736.279
25731,10635.868
25732,10681.248
25733,7560.092
25734,10644.605
25735,5259.0303
25736,5746.613
25737,7779.088
25738,7730.5815
25739,10833.441
25740,9297.279
25741,7251.884
25742,9385.601
25743,8601.693
25744,10822.433
25745,4643.7104
25746,17409.598
25747,5772.747
25748,6995.2754
25749,11306.736
25750,5349.6396
25751,7146.3945
25752,7288.1562
25753,8953.186
25754,6431.5537
25755,5663.1787
25756,9000.164
25757,9049.9
25758,8877.016
25759,6273.5615
25760,9206.689
25761,15068.098
25762,8215.736
25763,6299.459
25764,8027.961
25765,7625.0796
25766,6116.3335
25767,8630.193
25768,4774.479
25769,10081.384
25770,7267.3667
25771,8701.133
25772,13534.524
25773,5663.298
25774,6126.2534
25775,6187.4043
25776,10036.963
25777,10002.12
25778,5670.7954
25779,5649.141
25780,8034.0044
25781,6855.579
25782,6284.138
25783,8230.992
25784,7984.937
25785,9436.278
25786,6266.0684
25787,5547.138
25788,7491.848
25789,8435.914
25790,10249.89
25791,9572.296
25792,9876.203
25793,6381.8545
25794,10755.116
25795,7560.813
25796,7506.7837
25797,10090.888
25798,7581.6104
25799,13528.859
25800,10134.755
25801,8778.573
25802,6086.235
25803,9689.966
25804,9293.14
25805,8138.8193
25806,4728.4404
25807,7470.278
25808,10403.725
25809,6603.7393
25810,5465.875
25811,10363.467
25812,7834.2847
25813,6675.3193
25814,7007.576
25815,6858.758
25816,9807.595
25817,8640.975
25818,7486.512
25819,6223.569
25820,5684.502
25821,8040.16
25822,4231.083
25823,8387.743
25824,6787.36
25825,10153.428
25826,9475.537
25827,7699.7266
25828,16286.971
25829,6566.355
25830,5647.0347
25831,14290.811
25832,8071.74
25833,9793.508
25834,9796.245
25835,5846.0454
25836,7195.5854
25837,6474.3677
25838,10176.064
25839,14685.888
25840,8560.688
25841,3436.4382
25842,5701.901
25843,10652.792
25844,10887.325
25845,7926.418
25846,7876.3545
25847,5627.3438
25848,5654.0356
25849,4211.1997
25850,6294.102
25851,7388.3984
25852,8442.039
25853,7918.733
25854,7956.322
25855,9545.282
25856,10752.357
25857,8999.4
25858,5486.796
25859,12605.502
25860,12218.549
25861,6367.341
25862,9382.074
25863,6608.597
25864,8351.932
25865,4225.198
25866,8600.734
25867,6128.925
25868,11881.772
25869,8465.688
25870,9428.101
25871,10404.171
25872,6233.413
25873,10641.997
25874,27048.979
25875,11974.6045
25876,7519.4385
25877,3590.4104
25878,7193.0674
25879,10766.005
25880,6628.116
25881,11386.679
25882,22574.791
25883,4172.0557
25884,7056.64
25885,11690.03
25886,5299.426
25887,10428.979
25888,7471.34
25889,10208.845
25890,4390.3794
25891,7375.0283
25892,7119.378
25893,9295.586
25894,11515.365
25895,7013.3535
25896,7046.7393
25897,8701.963
25898,5753.425
25899,6231.011
25900,9490.488
25901,6078.9536
25902,6440.7314
25903,9111.558
25904,7933.1567
25905,7743.7173
25906,8606.125
25907,9363.061
25908,9445.625
25909,13338.738
25910,9645.374
25911,6892.3677
25912,4213.5024
25913,7842.464
25914,7912.2026
25915,6720.884
25916,5343.1787
25917,11825.742
25918,7824.741
25919,12103.388
25920,8293.697
25921,6087.21
25922,6326.8276
25923,5569.156
25924,12049.749
25925,6124.174
25926,9506.678
25927,21921.605
25928,8680.344
25929,8385.76
25930,6025.2563
25931,5882.656
25932,8488.57
25933,5146.9966
25934,7119.962
25935,13554.315
25936,5712.7505
25937,14615.45
25938,17976.717
25939,5728.0776
25940,8552.349
25941,6720.8965
25942,8482.759
25943,7101.1484
25944,13492.753
25945,8323.685
25946,12830.54
25947,4927.272
25948,10095.884
25949,5829.0684
25950,10563.373
25951,7853.055
25952,7814.143
25953,7471.767
25954,5431.879
25955,10524.706
25956,12036.058
25957,7280.4653
25958,13708.373
25959,7619.227
25960,10976.397
25961,6746.6904
25962,6670.3423
25963,6256.507
25964,12816.219
25965,7185.099
25966,9456.424
25967,7349.1104
25968,11236.794
25969,4953.5254
25970,11222.72
25971,9312.953
25972,4177.6113
25973,19924.479
25974,24218.965
25975,7957.855
25976,8847.381
25977,11587.605
25978,13188.57
25979,14473.475
25980,6959.577
25981,9014.657
25982,7464.0103
25983,9807.65
25984,4954.7207
25985,7808.7266
25986,6650.312
25987,6742.8755
25988,10042.047
25989,6542.3423
25990,5754.6157
25991,8327.536
25992,5026.06
25993,5959.3667
25994,7370.141
25995,7384.784
25996,10973.728
25997,11082.908
25998,7712.4644
25999,7497.5312
26000,7507.213
26001,14952.683
26002,9084.129
26003,6689.705
26004,5115.188
26005,12514.8545
26006,5240.8174
26007,8802.904
26008,3784.4397
26009,6463.9023
26010,9520.388
26011,7236.4824
26012,5059.2876
26013,9848.971
26014,12151.378
26015,16020.034
26016,7707.14
26017,12132.293
26018,4080.3816
26019,6388.657
26020,7842.935
26021,5399.0625
26022,12042.694
26023,6084.267
26024,6245.1846
26025,11217.306
26026,13657.23
26027,10975.853
26028,6670.565
26029,6678.5674
26030,14307.994
26031,9163.457
26032,7810.0674
26033,5143.6494
26034,8754.459
26035,12193.903
26036,5040.9346
26037,7611.0776
26038,9412.745
26039,10159.182
26040,18633.31
26041,7736.9917
26042,16564.008
26043,8331.421
26044,6066.228
26045,4514.666
26046,8024.8296
26047,7408.4253
26048,6317.1494
26049,10190.624
26050,5376.317
26051,5870.873
26052,9040.488
26053,4356.6377
26054,9442.059
26055,8009.758
26056,9539.83
26057,11079.1875
26058,6467.1836
26059,10885.01
26060,7619.656
26061,6286.1763
26062,6257.044
26063,5042.5312
26064,13534.176
26065,7630.376
26066,5909.476
26067,9293.29
26068,11149.574
26069,9922.694
26070,7290.5483
26071,10998.204
26072,6768.8633
26073,5038.233
26074,5850.519
26075,10365.068
26076,8071.078
26077,7886.307
26078,6834.6147
26079,6360.239
26080,5588.5415
26081,5833.5015
26082,10193.093
26083,11177.619
26084,13395.548
26085,13977.5
26086,9836.739
26087,10662.296
26088,6165.024
26089,14952.368
26090,13419.78
26091,9317.244
26092,10919.167
26093,10768.614
26094,7856.2095
26095,4819.389
26096,15111.618
26097,7487.548
26098,9179.158
26099,6892.433
26100,3011.394
26101,14859.437
26102,6993.494
26103,4983.2397
26104,5939.743
26105,5787.887
26106,8276.652
26107,9482.028
26108,8858.13
26109,6639.892
26110,5196.118
26111,5311.845
26112,4166.4004
26113,8523.911
26114,18301.355
26115,5597.008
26116,6946.0684
26117,8886.665
26118,6771.44
26119,5694.004
26120,5816.489
26121,5199.966
26122,9559.714
26123,8103.05
26124,4274.82
26125,11285.157
26126,6546.175
26127,6085.8228
26128,15908.567
26129,8809.422
26130,12733.052
26131,7030.6333
26132,7366.03
26133,5611.2104
26134,6004.499
26135,24243.576
26136,13329.6455
26137,7583.086
26138,6337.9775
26139,5656.749
26140,7263.451
26141,5656.6846
26142,13637.771
26143,6623.016
26144,6132.3047
26145,8758.81
26146,5174.2275
26147,7695.9673
26148,9035.411
26149,7630.1865
26150,8813.978
26151,5200.715
26152,6548.4355
26153,7555.305
26154,10898.576
26155,10397.634
26156,8345.8
26157,5416.931
26158,9301.52
26159,7581.6104
26160,5761.0854
26161,8861.595
26162,9170.968
26163,7796.321
26164,7801.096
26165,7008.6724
26166,6642.546
26167,6107.8047
26168,9694.023
26169,7335.524
26170,7807.0137
26171,11301.432
26172,6840.067
26173,5978.0176
26174,14299.932
26175,6814.605
26176,3843.4907
26177,10015.227
26178,10769.168
26179,14186.963
26180,5511.2173
26181,7590.4453
26182,6952.0537
26183,9480.057
26184,7110.3115
26185,10282.79
26186,3819.1682
26187,6945.2803
26188,7482.629
26189,6122.521
26190,6322.7856
26191,7787.848
26192,8573.738
26193,7440.966
26194,9980.45
26195,8316.288
26196,10564.914
26197,4873.4946
26198,8683.192
26199,8400.001
26200,9525.773
26201,10365.009
26202,4921.922
26203,8430.452
26204,8265.749
26205,9005.703
26206,6225.997
26207,5115.7837
26208,10131.479
26209,7692.57
26210,11418.652
26211,7431.3765
26212,7191.462
26213,10216.111
26214,8195.489
26215,7602.103
26216,9256.084
26217,7864.6587
26218,12211.967
26219,13524.15
26220,9950.652
26221,5823.5723
26222,6605.3896
26223,5301.807
26224,4074.909
26225,10148.645
26226,5998.403
26227,11637.156
26228,5087.787
26229,6269.3203
26230,7356.2144
26231,11981.527
26232,5734.277
26233,6139.714
26234,6647.534
26235,5762.888
26236,5821.2505
26237,9557.708
26238,9626.883
26239,9097.334
26240,9315.031
26241,8253.861
26242,6876.3916
26243,5610.37
26244,5914.585
26245,12566.549
26246,11451.152
26247,12776.042
26248,17060.852
26249,6641.3994
26250,4935.292
26251,8242.941
26252,10732.818
26253,12311.711
26254,8889.564
26255,9396.3125
26256,10006.978
26257,8951.504
26258,7511.353
26259,6682.575
26260,6184.495
26261,5304.579
26262,5051.1963
26263,6734.372
26264,9555.01
26265,24960.422
26266,8396.877
26267,6112.9453
26268,9602.636
26269,4883.998
26270,7727.345
26271,4927.747
26272,11193.782
26273,6915.125
26274,8118.801
26275,18023.463
26276,12071.132
26277,6958.807
26278,9097.769
26279,4619.143
26280,6007.8276
26281,6581.887
26282,9786.701
26283,5660.808
26284,4853.8516
26285,6546.7056
26286,6097.9727
26287,8815.685
26288,8740.483
26289,4449.7817
26290,8441.033
26291,11552.327
26292,7595.826
26293,5886.2197
26294,5031.874
26295,10463.581
26296,5367.504
26297,13187.879
26298,5329.12
26299,6771.4595
26300,9211.74
26301,6345.593
26302,5074.856
26303,5612.6772
26304,8022.679
26305,12615.641
26306,13045.218
26307,6530.7646
26308,5168.279
26309,7610.439
26310,11632.817
26311,5644.9985
26312,6808.7705
26313,7427.6914
26314,14343.08
26315,9849.686
26316,7972.1445
26317,7718.5576
26318,5455.687
26319,11771.671
26320,6558.068
26321,17430.516
26322,7850.8687
26323,6102.767
26324,6786.9395
26325,4381.5728
26326,7883.299
26327,25953.361
26328,5097.736
26329,5821.545
26330,12362.979
26331,7757.29
26332,9180.323
26333,9552.331
26334,7293.212
26335,5043.0557
26336,4839.802
26337,12808.093
26338,7969.324
26339,9554.728
26340,9393.203
26341,5648.3003
26342,8503.65
26343,7688.2715
26344,4411.1885
26345,11143.653
26346,11456.975
26347,5584.4863
26348,9957.146
26349,7855.835
26350,6190.019
26351,12063.674
26352,7650.3867
26353,9328.163
26354,5390.8237
26355,5358.552
26356,9142.061
26357,4264.3936
26358,10152.101
26359,5352.9067
26360,7988.144
26361,5852.5005
26362,6172.644
26363,7336.609
26364,9112.74
26365,7372.869
26366,10294.605
26367,7300.464
26368,9864.285
26369,7115.8545
26370,11355.0
26371,12872.165
26372,9349.924
26373,3649.852
26374,7303.974
26375,8814.171
26376,4232.379
26377,13778.434
26378,6277.3384
26379,8611.43
26380,13881.303
26381,9132.561
26382,4705.6147
26383,12574.689
26384,12693.427
26385,6869.2593
26386,11625.441
26387,10819.048
26388,6699.315
26389,7292.0713
26390,8794.109
26391,7222.4985
26392,7195.16
26393,8970.837
26394,5774.526
26395,8741.651
26396,9043.041
26397,8476.07
26398,9431.096
26399,7567.667
26400,8883.216
26401,6077.916
26402,9009.483
26403,9150.539
26404,8202.88
26405,8565.2705
26406,8672.325
26407,12298.789
26408,7202.225
26409,5965.162
26410,7425.623
26411,8777.25
26412,8241.307
26413,5285.9517
26414,5492.781
26415,9554.846
26416,7356.811
26417,8140.442
26418,9815.371
26419,5942.378
26420,8525.439
26421,5719.566
26422,4015.0447
26423,8376.463
26424,7893.321
26425,7876.2266
26426,11563.207
26427,9909.86
26428,5946.903
26429,10473.355
26430,4903.2905
26431,3774.759
26432,8558.599
26433,16111.755
26434,10043.072
26435,9182.766
26436,5345.437
26437,8322.708
26438,11360.188
26439,7754.0425
26440,10036.752
26441,6099.881
26442,5888.14
26443,6368.288
26444,7295.431
26445,6302.9634
26446,6633.1694
26447,5561.9575
26448,5589.6133
26449,7492.07
26450,9131.0625
26451,6029.5854
26452,8154.1343
26453,8845.778
26454,7452.394
26455,5522.447
26456,11900.814
26457,9712.422
26458,5983.34
26459,4559.998
26460,13858.8545
26461,7205.5303
26462,6305.7476
26463,10014.176
26464,10429.615
26465,9416.777
26466,7197.226
26467,9650.187
26468,10880.962
26469,17650.127
26470,6796.274
26471,5955.0483
26472,5908.3315
26473,8720.715
26474,6005.937
26475,10646.281
26476,11222.806
26477,6664.8916
26478,5059.5967
26479,6732.67
26480,13767.53
26481,6233.847
26482,9211.767
26483,4410.8057
26484,7877.241
26485,10226.474
26486,9352.626
26487,9964.519
26488,8170.0464
26489,4870.2603
26490,7030.7944
26491,9386.263
26492,10328.614
26493,9537.41
26494,9612.111
26495,7450.7876
26496,5340.3916
26497,13176.99
26498,5091.331
26499,12420.725
26500,6250.8994
26501,4896.5693
26502,8431.819
26503,7447.9883
26504,9722.599
26505,11149.511
26506,5226.57
26507,5613.213
26508,9173.426
26509,9896.845
26510,13401.349
26511,6176.625
26512,7512.2344
26513,7213.2183
26514,7394.3345
26515,6492.784
26516,12647.132
26517,11254.502
26518,17769.49
26519,4878.76
26520,7472.202
26521,11308.753
26522,13911.123
26523,6587.037
26524,12571.775
26525,7671.9214
26526,6503.556
26527,6033.279
26528,5815.235
26529,6796.968
26530,7750.205
26531,5139.01
26532,6370.7974
26533,10509.569
26534,8307.536
26535,29146.508
26536,7709.611
26537,5730.6187
26538,11206.27
26539,17425.463
26540,10996.422
26541,12450.721
26542,8649.277
26543,12037.229
26544,12336.5
26545,5634.912
26546,8819.334
26547,10746.975
26548,12253.15
26549,11037.495
26550,9961.041
26551,8193.575
26552,5114.6807
26553,8279.3125
26554,16981.242
26555,15045.8955
26556,15917.477
26557,12774.202
26558,6435.223
26559,8735.733
26560,4412.0806
26561,13363.212
26562,17283.154
26563,11132.754
26564,9513.035
26565,8037.599
26566,7229.6523
26567,5103.8906
26568,16595.191
26569,9839.291
26570,7578.104
26571,5783.075
26572,11807.034
26573,5057.0684
26574,11952.515
26575,6311.596
26576,7516.3984
26577,6802.824
26578,9276.96
26579,12399.278
26580,10401.016
26581,7886.6533
26582,11080.086
26583,10648.708
26584,18227.637
26585,9205.083
26586,13246.142
26587,12967.502
26588,13690.969
26589,9785.348
26590,13205.272
26591,6567.595
26592,7054.076
26593,9818.002
26594,10166.907
26595,14223.217
26596,12522.544
26597,8958.807
26598,12090.478
26599,8011.5073
26600,13555.724
26601,5711.0347
26602,21387.908
26603,7306.399
26604,6552.7407
26605,14045.907
26606,6640.5254
26607,8887.996
26608,9365.838
26609,11894.119
26610,8522.399
26611,5311.7944
26612,8933.158
26613,11754.158
26614,11244.276
26615,7640.455
26616,11344.164
26617,13901.202
26618,10155.248
26619,7945.2954
26620,10615.285
26621,9457.768
26622,6032.502
26623,8212.517
26624,5883.357
26625,13290.534
26626,8964.029
26627,11402.915
26628,17225.312
26629,7065.173
26630,7970.655
26631,7940.364
26632,13439.428
26633,9320.755
26634,7196.2236
26635,7098.284
26636,7525.573
26637,9064.215
26638,5142.781
26639,7545.252
26640,7553.8066
26641,11866.495
26642,7784.3726
26643,6886.3745
26644,9756.961
26645,7394.7437
26646,8714.063
26647,13021.735
26648,12978.414
26649,6395.8887
26650,13978.713
26651,9585.937
26652,9434.209
26653,13429.075
26654,9699.859
26655,16863.875
26656,12689.747
26657,11411.738
26658,8048.155
26659,12158.507
26660,12328.49
26661,10095.614
26662,4545.97
26663,9429.297
26664,12949.21
26665,8722.487
26666,6873.185
26667,12994.441
26668,7216.5005
26669,6375.344
26670,8876.508
26671,8678.704
26672,12238.8545
26673,11243.58
26674,9422.474
26675,8230.78
26676,5259.236
26677,10622.658
26678,3888.022
26679,10452.181
26680,8657.804
26681,13227.912
26682,8818.182
26683,7137.7227
26684,14525.567
26685,8084.7847
26686,7068.2466
26687,17547.39
26688,10290.442
26689,12644.177
26690,12198.987
26691,7614.657
26692,9541.687
26693,6105.0786
26694,12791.466
26695,18087.488
26696,9276.995
26697,4240.716
26698,6948.898
26699,14045.077
26700,14224.194
26701,7200.6523
26702,9761.745
26703,7096.375
26704,4430.253
26705,5100.1533
26706,7900.6646
26707,9694.495
26708,10823.011
26709,9900.829
26710,10049.789
26711,12432.992
26712,14007.66
26713,11840.301
26714,5077.659
26715,15531.918
26716,15912.7705
26717,7955.8286
26718,11412.261
26719,8675.278
26720,10971.007
26721,5441.5664
26722,10595.511
26723,8041.64
26724,14616.802
26725,10729.769
26726,12479.1455
26727,12837.272
26728,8163.27
26729,13847.254
26730,30988.893
26731,15402.841
26732,9323.458
26733,4470.0874
26734,9146.735
26735,13578.329
26736,6620.4644
26737,12381.009
26738,25820.758
26739,3607.862
26740,8935.434
26741,14461.347
26742,6636.27
26743,13021.227
26744,9453.944
26745,12809.839
26746,4889.093
26747,7263.3125
26748,6477.9565
26749,11551.864
26750,14898.589
26751,8891.252
26752,9217.198
26753,8018.5176
26754,5668.8213
26755,7649.964
26756,9260.87
26757,6027.067
26758,8460.337
26759,11517.408
26760,10059.053
26761,9512.146
26762,10695.499
26763,11575.024
26764,9386.647
26765,15511.193
26766,12050.737
26767,8493.664
26768,5460.3774
26769,9823.669
26770,9981.859
26771,8658.093
26772,4927.531
26773,14579.878
26774,10022.967
26775,13326.1
26776,10325.009
26777,8084.4297
26778,7972.6465
26779,6908.3413
26780,15661.764
26781,6137.1436
26782,11723.09
26783,25933.172
26784,11148.724
26785,10432.013
26786,7652.08
26787,7370.76
26788,10799.872
26789,6370.7183
26790,8887.513
26791,16698.898
26792,7478.8257
26793,15029.116
26794,21753.035
26795,7466.595
26796,10646.992
26797,8257.224
26798,10526.553
26799,8898.938
26800,11954.977
26801,11004.511
26802,15725.165
26803,4567.9126
26804,12656.762
26805,7345.6553
26806,9947.749
26807,10303.573
26808,9771.414
26809,9649.082
26810,6107.95
26811,13831.322
26812,14936.448
26813,9212.874
26814,16871.855
26815,9912.375
26816,14041.942
26817,8309.264
26818,6145.6436
26819,8216.466
26820,16090.932
26821,9512.31
26822,12180.188
26823,9769.252
26824,14857.382
26825,6243.725
26826,13430.267
26827,11665.738
26828,5452.789
26829,24247.068
26830,27707.78
26831,7986.3916
26832,11702.502
26833,14522.465
26834,16299.775
26835,17895.924
26836,8754.342
26837,11401.208
26838,9884.411
26839,12902.105
26840,6141.0728
26841,9712.432
26842,8458.207
26843,6396.987
26844,12641.994
26845,7997.9707
26846,7271.6724
26847,10780.761
26848,4668.916
26849,7244.6177
26850,9915.277
26851,9348.391
26852,14575.29
26853,10417.864
26854,6564.295
26855,9946.715
26856,9790.239
26857,18353.041
26858,11480.219
26859,8363.881
26860,4802.8403
26861,15734.182
26862,6347.6025
26863,11538.903
26864,4761.976
26865,8118.2046
26866,11799.008
26867,7093.0864
26868,4956.4224
26869,9364.096
26870,15862.948
26871,19632.5
26872,8638.511
26873,11294.751
26874,4909.0186
26875,7963.9976
26876,10267.981
26877,6543.1226
26878,14801.516
26879,7671.1455
26880,7619.0527
26881,14069.344
26882,16687.275
26883,13558.866
26884,8260.24
26885,7997.9707
26886,19122.771
26887,11817.433
26888,9748.291
26889,4919.0117
26890,11078.057
26891,14778.819
26892,6421.3477
26893,9660.399
26894,12542.78
26895,12862.838
26896,22971.854
26897,9814.94
26898,20189.33
26899,7988.136
26900,7690.706
26901,5489.5547
26902,10005.88
26903,7392.2827
26904,8016.239
26905,12523.535
26906,5098.5527
26907,7450.354
26908,11843.633
26909,5211.6797
26910,8720.607
26911,10218.957
26912,11788.355
26913,14401.392
26914,8165.0063
26915,13484.095
26916,7044.6763
26917,7781.5073
26918,6059.2656
26919,4329.771
26920,16448.303
26921,9861.134
26922,7149.0806
26923,11485.629
26924,13923.8
26925,12455.364
26926,9109.803
26927,13798.567
26928,8376.615
26929,5712.1675
26930,5445.7617
26931,13445.877
26932,10113.579
26933,9881.527
26934,8779.787
26935,8070.7007
26936,6848.168
26937,7459.014
26938,13069.502
26939,13306.744
26940,17535.395
26941,17460.049
26942,12932.486
26943,12129.852
26944,7545.7417
26945,18397.922
26946,16481.97
26947,11890.252
26948,13692.967
26949,13567.041
26950,9649.791
26951,5890.5557
26952,13557.986
26953,6972.241
26954,11656.552
26955,6493.571
26956,3628.6267
26957,18499.639
26958,6692.7046
26959,6524.9116
26960,7272.567
26961,7659.886
26962,10266.934
26963,11825.358
26964,10837.627
26965,8446.582
26966,5156.589
26967,6582.2954
26968,5016.821
26969,11332.042
26970,20278.93
26971,7052.3
26972,9176.147
26973,11190.953
26974,8453.448
26975,7190.8994
26976,7683.2056
26977,6444.1294
26978,9624.192
26979,10653.097
26980,3881.3777
26981,14643.118
26982,8255.042
26983,7460.4517
26984,17647.568
26985,11076.103
26986,15679.459
26987,8842.21
26988,9288.239
26989,7354.79
26990,7913.6216
26991,28378.674
26992,12527.012
26993,9992.957
26994,7740.719
26995,7199.066
26996,8839.25
26997,7072.4478
26998,17416.357
26999,8097.0625
27000,5954.611
27001,11200.531
27002,6729.582
27003,9682.778
27004,10924.375
27005,7590.6406
27006,11089.907
27007,6443.785
27008,6203.7085
27009,9679.131
27010,14467.361
27011,12972.078
27012,11066.62
27013,4799.9136
27014,8609.631
27015,9466.811
27016,7062.6597
27017,11147.618
27018,11574.814
27019,9756.328
27020,9983.792
27021,8774.864
27022,6509.2905
27023,7922.9106
27024,11812.756
27025,7397.516
27026,9904.097
27027,9925.516
27028,6925.4155
27029,7535.234
27030,18653.137
27031,8655.55
27032,4733.192
27033,11891.703
27034,10579.929
27035,16474.441
27036,5105.8433
27037,9397.792
27038,6460.297
27039,11805.153
27040,9252.906
27041,13530.575
27042,4859.944
27043,8913.37
27044,9801.273
27045,8251.279
27046,5728.0884
27047,10354.229
27048,11546.687
27049,8979.38
27050,12452.751
27051,10277.407
27052,13943.374
27053,4932.05
27054,7394.483
27055,7567.6094
27056,12107.395
27057,12941.6045
27058,6121.9136
27059,9273.863
27060,7869.8887
27061,11371.3
27062,7810.738
27063,6228.242
27064,9417.712
27065,9724.342
27066,14897.964
27067,9903.615
27068,9045.327
27069,13222.551
27070,10363.052
27071,10214.903
27072,7980.2695
27073,10051.198
27074,15069.664
27075,17515.203
27076,12384.988
27077,7331.873
27078,6591.487
27079,4946.5513
27080,4922.4663
27081,12514.747
27082,5966.2656
27083,14739.124
27084,5113.8613
27085,8019.4204
27086,7066.116
27087,14985.032
27088,7318.968
27089,6183.634
27090,8768.18
27091,7232.3076
27092,5367.6113
27093,11664.092
27094,11766.855
27095,11351.026
27096,12260.819
27097,10911.88
27098,9025.713
27099,7009.5015
27100,7419.9023
27101,15675.915
27102,14419.644
27103,15241.395
27104,18242.627
27105,8444.439
27106,4650.0444
27107,10549.438
27108,14109.213
27109,11536.186
27110,11708.575
27111,12555.814
27112,13172.818
27113,8292.511
27114,9991.499
27115,8725.283
27116,7805.547
27117,5376.312
27118,6235.7144
27119,8479.184
27120,12404.755
27121,29189.18
27122,10258.556
27123,7354.489
27124,12032.098
27125,6187.5103
27126,10331.244
27127,6006.269
27128,13851.454
27129,6548.717
27130,10118.432
27131,21882.96
27132,12828.239
27133,8651.927
27134,8511.474
27135,5944.9746
27136,7503.8984
27137,8100.2295
27138,9386.845
27139,7152.5454
27140,6126.172
27141,6104.875
27142,7700.1157
27143,11203.288
27144,11612.421
27145,5223.9683
27146,11201.119
27147,14379.98
27148,9905.892
27149,7755.8843
27150,6498.5957
27151,13164.881
27152,4980.8877
27153,16279.826
27154,6882.3364
27155,9263.953
27156,11079.314
27157,8492.296
27158,4725.212
27159,5671.7905
27160,7543.072
27161,15388.861
27162,16281.286
27163,8452.683
27164,6313.529
27165,9290.145
27166,12222.069
27167,7095.9146
27168,9002.508
27169,9163.055
27170,12058.083
27171,12049.323
27172,9895.419
27173,9665.256
27174,5051.0854
27175,14767.941
27176,8433.154
27177,21309.865
27178,10043.254
27179,7848.9517
27180,8591.969
27181,5315.2915
27182,10078.932
27183,21303.547
27184,6266.1816
27185,7555.4927
27186,15513.176
27187,9899.46
27188,11298.598
27189,12275.34
27190,9640.969
27191,4654.58
27192,6164.3833
27193,15764.282
27194,9466.604
27195,11740.512
27196,11911.262
27197,5253.3647
27198,8351.987
27199,9770.081
27200,5438.5513
27201,13769.172
27202,13060.529
27203,6623.3765
27204,13013.641
27205,10245.541
27206,6713.631
27207,16203.383
27208,10104.882
27209,11700.872
27210,6654.9756
27211,6920.2383
27212,11457.434
27213,4126.417
27214,12434.521
27215,6664.6123
27216,9975.026
27217,7331.2925
27218,5811.8135
27219,9144.772
27220,11545.013
27221,9618.998
27222,13212.705
27223,6910.872
27224,12259.51
27225,6591.5684
27226,14218.253
27227,15724.235
27228,11525.518
27229,4395.232
27230,6861.794
27231,10933.142
27232,3876.9077
27233,12635.292
27234,5964.1606
27235,10829.506
27236,17009.852
27237,11368.763
27238,5858.505
27239,9759.706
27240,15794.05
27241,8692.249
27242,14293.836
27243,13683.985
27244,6286.338
27245,9132.3
27246,11171.449
27247,5878.09
27248,6678.771
27249,11657.931
27250,7343.918
27251,10820.555
27252,11843.791
27253,10712.242
27254,12454.105
27255,9361.051
27256,11076.324
27257,6489.422
27258,11168.6045
27259,11561.266
27260,10230.933
27261,10685.619
27262,11552.349
27263,15158.257
27264,9443.68
27265,5534.317
27266,9872.098
27267,11636.945
27268,10626.722
27269,6426.513
27270,6842.651
27271,11379.459
27272,8152.2056
27273,10085.903
27274,12837.811
27275,5660.9536
27276,10807.538
27277,7493.6636
27278,4718.073
27279,10679.526
27280,10460.179
27281,10014.387
27282,13802.568
27283,12329.796
27284,7425.687
27285,13236.923
27286,5959.554
27287,4581.9385
27288,11297.746
27289,14312.553
27290,12671.05
27291,11637.489
27292,6665.8516
27293,10482.86
27294,14228.536
27295,9869.273
27296,12464.051
27297,7650.562
27298,7198.036
27299,6000.692
27300,9076.655
27301,7863.1514
27302,8468.539
27303,7323.5767
27304,6717.1665
27305,6526.8975
27306,11628.425
27307,5605.9253
27308,10294.075
27309,11270.775
27310,9219.062
27311,5138.6323
27312,15108.851
27313,12014.415
27314,5851.7583
27315,5569.9155
27316,17260.834
27317,9256.534
27318,7990.0034
27319,12818.578
27320,12824.509
27321,11756.154
27322,9145.871
27323,11819.135
27324,13597.924
27325,21820.545
27326,8660.331
27327,7836.983
27328,7810.3877
27329,10887.896
27330,6038.4604
27331,13550.411
27332,14080.378
27333,6479.557
27334,6288.479
27335,8308.867
27336,16170.932
27337,7704.1416
27338,12122.092
27339,4149.52
27340,10398.457
27341,12804.147
27342,11676.324
27343,12533.095
27344,9985.545
27345,6237.963
27346,9204.811
27347,11706.409
27348,12920.996
27349,11893.519
27350,12419.552
27351,9611.14
27352,6501.4478
27353,16263.548
27354,4668.8896
27355,15324.638
27356,5988.1016
27357,6196.9014
27358,10910.037
27359,9194.957
27360,11943.819
27361,13945.3955
27362,6457.7275
27363,7066.029
27364,11887.043
27365,12207.973
27366,12113.343
27367,8016.6826
27368,9259.881
27369,8895.408
27370,9913.037
27371,8290.106
27372,16423.049
27373,13941.18
27374,15742.361
27375,4846.4956
27376,9380.32
27377,12195.09
27378,15425.083
27379,8352.418
27380,16566.994
27381,7100.5728
27382,8561.154
27383,6036.0186
27384,7413.946
27385,8502.702
27386,9552.368
27387,5034.6875
27388,8117.2134
27389,13233.035
27390,10268.55
27391,33730.824
27392,10229.557
27393,0.0
27394,0.0
27395,0.0
27396,0.0
27397,0.0
27398,0.0
27399,0.0
27400,0.0
27401,0.07576998
27402,0.0
27403,0.0
27404,0.0
27405,0.0
27406,0.08894503
27407,0.0
27408,0.06271481
27409,0.0
27410,0.0
27411,0.0
27412,0.0
27413,0.0
27414,0.0
27415,0.0
27416,0.08514299
27417,0.0
27418,0.0
27419,0.14176741
27420,0.0
27421,0.0
27422,0.0
27423,0.065461345
27424,0.0
27425,0.0
27426,0.0
27427,0.008848486
27428,0.0
27429,0.0
27430,0.0
27431,0.0
27432,0.02591773
27433,0.05781934
27434,0.0
27435,0.0
27436,0.08294251
27437,0.0
27438,0.0
27439,0.0
27440,0.0
27441,0.0
27442,0.0
27443,0.0
27444,0.0
27445,0.0
27446,0.0
27447,0.12354668
27448,0.0
27449,0.0
27450,0.0
27451,0.0547082
27452,0.0
27453,0.0
27454,0.0
27455,0.02593534
27456,0.0
27457,0.0
27458,0.0
27459,0.0
27460,0.024875782
27461,0.0
27462,0.0
27463,0.0
27464,0.0
27465,0.0
27466,0.0
27467,0.010700325
27468,0.09160372
27469,0.0
27470,0.0
27471,0.0
27472,0.0
27473,0.28696033
27474,0.0
27475,0.0
27476,0.0
27477,0.0
27478,0.025946103
27479,0.055802125
27480,0.0
27481,0.0
27482,0.0
27483,0.0
27484,4623.1016
27485,0.0
27486,0.0
27487,0.08134133
27488,0.0
27489,0.016965115
27490,0.0
27491,0.0
27492,0.060683202
27493,0.0
27494,0.031720284
27495,0.045898765
27496,0.0091477465
27497,0.0
27498,0.0
27499,0.0
27500,0.0
27501,0.0832751
27502,0.05015653
27503,0.0
27504,0.0
27505,0.034743387
27506,0.0
27507,0.0
27508,0.0
27509,0.0
27510,0.081235126
27511,0.0
27512,0.0
27513,0.06633047
27514,0.0
27515,0.0
27516,0.0
27517,0.07463744
27518,0.062876984
27519,0.0
27520,0.0
27521,0.0
27522,0.0
27523,0.0
27524,0.039867703
27525,0.017286673
27526,0.0
27527,0.0
27528,0.0
27529,0.0
27530,0.08772445
27531,0.0
27532,0.080007724
27533,0.0
27534,0.09701956
27535,0.0
27536,0.0
27537,0.0
27538,0.031053402
27539,0.03320265
27540,0.38679966
27541,0.0
27542,0.0
27543,0.0
27544,0.0
27545,0.0
27546,0.0
27547,0.0
27548,0.0
27549,0.018444246
27550,0.0
27551,0.0
27552,3349.7183
27553,0.0
27554,0.0
27555,0.0
27556,0.0
27557,0.066678315
27558,0.0
27559,0.0
27560,0.12780644
27561,0.0
27562,0.0
27563,0.0
27564,0.0
27565,0.0
27566,0.0
27567,0.0
27568,0.0
27569,0.0
27570,0.026632693
27571,0.0
27572,0.0
27573,0.0
27574,0.0
27575,0.0
27576,0.0
27577,0.0
27578,0.1219561
27579,0.0
27580,0.0
27581,0.0
27582,0.0
27583,0.0
27584,0.0
27585,0.0
27586,0.040234692
27587,0.0
27588,0.0
27589,0.0
27590,0.0
27591,0.0
27592,0.017829137
27593,12257.814
27594,27821.164
27595,0.12527634
27596,0.0
27597,0.0
27598,0.0
27599,0.0
27600,0.0
27601,0.0
27602,5327.6465
27603,0.05702016
27604,0.044287134
27605,0.0
27606,0.082378745
27607,0.0
27608,0.0
27609,0.039046407
27610,0.06476605
27611,0.0
27612,0.008967313
27613,0.062416892
27614,0.0
27615,0.0
27616,0.0
27617,0.0
27618,0.0
27619,0.0
27620,0.08519577
27621,5629.03
27622,0.0
27623,0.0
27624,0.0
27625,0.0
27626,0.0
27627,0.0
27628,0.054171216
27629,0.0
27630,0.0
27631,5499.3022
27632,0.0
27633,0.0
27634,0.0
27635,0.0
27636,0.0
27637,0.044946138
27638,0.0
27639,0.006298266
27640,0.0
27641,0.0
27642,0.0
27643,0.0
27644,0.0
27645,0.0
27646,0.0
27647,0.0
27648,0.0
27649,10190.663
27650,0.011406132
27651,0.0
27652,0.0
27653,0.0
27654,0.0
27655,0.0
27656,0.24820665
27657,0.0
27658,0.0
27659,0.07641754
27660,0.0
27661,0.0
27662,0.02723451
27663,0.0
27664,0.0
27665,0.0
27666,6727.1626
27667,0.0
27668,0.0
27669,0.0
27670,0.0
27671,0.0
27672,0.0
27673,0.0
27674,0.049060453
27675,0.0
27676,0.0
27677,0.0
27678,0.0
27679,0.0
27680,0.0
27681,0.0
27682,0.0
27683,0.0
27684,0.0
27685,0.012932721
27686,0.07941462
27687,0.05540246
27688,0.0
27689,0.0
27690,0.0
27691,0.0
27692,0.0
27693,0.0
27694,0.0
27695,0.0
27696,0.0
27697,0.0
27698,0.0
27699,0.019502502
27700,0.0
27701,0.0
27702,0.0
27703,0.0
27704,0.01460094
27705,0.0
27706,0.0
27707,0.0
27708,0.0
27709,0.07708706
27710,0.11241416
27711,0.0
27712,0.0
27713,0.0
27714,0.0
27715,0.0
27716,0.07162296
27717,0.0
27718,0.0
27719,0.0
27720,0.0
27721,0.0
27722,0.08349569
27723,0.056870982
27724,0.035199396
27725,0.09727905
27726,0.0
27727,0.0
27728,2733.8157
27729,0.078555405
27730,0.0
27731,0.0
27732,0.0
27733,0.0
27734,0.0
27735,0.0
27736,0.0
27737,0.0
27738,0.0
27739,0.0
27740,0.0
27741,0.0
27742,6109.9956
27743,0.0
27744,0.0
27745,0.060226582
27746,0.0
27747,0.0
27748,0.0
27749,0.0
27750,0.0
27751,0.0
27752,0.0
27753,0.0
27754,0.0
27755,0.030142784
27756,0.0
27757,0.0
27758,0.0
27759,0.03846193
27760,0.0
27761,0.0
27762,0.059545826
27763,0.0
27764,0.0
27765,0.0
27766,0.038334183
27767,0.0
27768,0.06729089
27769,0.0
27770,0.0
27771,0.0
27772,0.036833584
27773,0.0
27774,0.019388754
27775,0.10671174
27776,0.0
27777,0.0
27778,0.0
27779,0.0
27780,0.0
27781,0.0
27782,0.0
27783,0.0
27784,0.0
27785,7009.2544
27786,0.039356608
27787,0.0
27788,0.0
27789,0.0
27790,0.09000534
27791,0.0
27792,0.0
27793,0.0
27794,0.062813126
27795,3622.405
27796,0.0
27797,0.0
27798,0.0
27799,5189.743
27800,0.0
27801,0.0
27802,0.0
27803,0.07239943
27804,0.0
27805,0.0
27806,0.0
27807,0.0
27808,0.21126778
27809,0.06521193
27810,0.0
27811,0.018928537
27812,0.0
27813,0.0
27814,0.02247274
27815,0.0
27816,0.0
27817,0.0
27818,0.0
27819,0.0
27820,0.0
27821,0.0
27822,0.062316086
27823,0.0
27824,0.0
27825,0.0
27826,20066.627
27827,0.0
27828,0.0
27829,0.0
27830,0.0
27831,0.0
27832,0.0
27833,0.0
27834,0.043277767
27835,0.0
27836,0.09297562
27837,0.0
27838,0.124726474
27839,0.0
27840,8268.509
27841,0.0
27842,0.0
27843,0.0
27844,0.0
27845,0.0
27846,0.0
27847,0.0029583734
27848,0.121629804
27849,0.0
27850,0.0
27851,0.0
27852,0.0
27853,0.0
27854,0.0
27855,0.0
27856,0.026537728
27857,0.0
27858,0.0
27859,0.0
27860,0.0
27861,0.070618324
27862,0.0
27863,0.0
27864,0.012076234
27865,0.08391633
27866,0.0
27867,0.0
27868,0.0
27869,0.053301457
27870,0.09469736
27871,0.0
27872,0.0
27873,0.0
27874,0.0
27875,0.0
27876,0.0
27877,0.0
27878,0.061533242
27879,0.0
27880,0.0
27881,0.005531773
27882,0.07368116
27883,0.072100334
27884,0.03780405
27885,0.0
27886,0.0
27887,0.0
27888,0.0
27889,0.0
27890,0.0
27891,0.0
27892,0.0918864
27893,0.0
27894,0.03541414
27895,0.0
27896,0.0
27897,0.0
27898,0.0
27899,0.0
27900,0.0
27901,0.0
27902,0.06421329
27903,0.0
27904,0.0
27905,0.0
27906,0.0
27907,0.0
27908,0.0
27909,0.060811676
27910,0.054360233
27911,0.035038486
27912,0.0
27913,0.0
27914,0.0
27915,9317.004
27916,0.030240048
27917,0.0
27918,0.0
27919,0.0
27920,0.084879644
27921,0.0
27922,0.0
27923,0.0
27924,0.0
27925,0.0
27926,0.0
27927,0.0
27928,0.083354644
27929,0.0
27930,0.0
27931,0.0
27932,0.0
27933,0.0
27934,0.04669902
27935,0.016442982
27936,0.0
27937,0.0
27938,0.039433926
27939,0.0
27940,0.054676514
27941,0.061883572
27942,0.005860267
27943,0.0
27944,0.0
27945,0.02644571
27946,0.0
27947,0.0
27948,0.018724494
27949,0.0
27950,0.0
27951,0.0
27952,0.0
27953,0.0
27954,0.0
27955,0.0
27956,0.0
27957,0.0
27958,0.0
27959,4550.7256
27960,14055.663
27961,0.0
27962,0.072053306
27963,0.0
27964,0.0
27965,0.09850826
27966,0.0
27967,0.0
27968,0.0
27969,0.032686953
27970,0.0
27971,0.0
27972,0.0
27973,0.02434666
27974,0.0
27975,0.0
27976,0.0
27977,0.0
27978,0.0
27979,0.0
27980,0.0
27981,0.0
27982,0.0
27983,0.0
27984,0.0
27985,0.07821397
27986,0.0
27987,0.0
27988,10960.381
27989,0.0
27990,0.06184864
27991,0.0
27992,0.0
27993,0.0
27994,0.036267646
27995,0.0
27996,0.0
27997,0.033073083
27998,0.0
27999,0.0
28000,0.0
28001,0.0
28002,0.0
28003,0.0
28004,0.0
28005,0.0
28006,0.0
28007,0.0
28008,0.061210856
28009,0.0
28010,0.0
28011,0.0
28012,0.0
28013,0.0
28014,0.05654799
28015,0.040079944
28016,0.0396669
28017,0.0
28018,0.0
28019,0.0
28020,0.0
28021,0.0
28022,0.027989114
28023,0.0
28024,0.0
28025,0.0
28026,0.23168316
28027,0.0
28028,0.0
28029,0.0
28030,0.059039198
28031,0.0
28032,0.0
28033,0.0
28034,0.0
28035,0.0
28036,0.0
28037,0.0
28038,0.0
28039,1.4608421
28040,0.0
28041,0.0
28042,0.0
28043,0.0
28044,0.0
28045,0.0
28046,0.0
28047,0.07988104
28048,0.0
28049,0.0
28050,0.0
28051,0.0
28052,0.0
28053,0.04681931
28054,0.037117902
28055,0.0
28056,0.0
28057,0.0
28058,4374.3105
28059,0.0
28060,0.0
28061,0.0
28062,3159.5376
28063,0.0
28064,0.0
28065,0.0
28066,0.0
28067,0.0
28068,0.0
28069,0.078679875
28070,0.0
28071,0.0
28072,0.0
28073,0.0
28074,0.08314494
28075,0.0
28076,0.0
28077,0.0
28078,0.0
28079,0.02003642
28080,0.0
28081,0.036319036
28082,0.0
28083,0.0
28084,0.0
28085,0.0
28086,0.018016981
28087,0.0
28088,0.10598425
28089,0.25504738
28090,0.053675193
28091,0.0
28092,0.0
28093,0.0
28094,0.0
28095,0.092137896
28096,0.0
28097,0.0
28098,0.0
28099,0.0
28100,0.059720647
28101,0.0
28102,0.0
28103,0.07220974
28104,0.03489734
28105,0.0
28106,0.0
28107,0.0
28108,0.0
28109,0.0
28110,0.0
28111,0.0
28112,0.0
28113,3285.712
28114,0.06332257
28115,0.0
28116,0.0
28117,0.0
28118,0.0
28119,0.0
28120,0.0
28121,0.045276042
28122,0.0
28123,0.0
28124,0.0
28125,0.0
28126,0.0
28127,0.0
28128,9154.275
28129,0.0
28130,0.0
28131,0.0755484
28132,0.0
28133,0.0
28134,0.0
28135,0.0
28136,0.0
28137,0.0
28138,0.0
28139,0.0
28140,0.0
28141,0.0
28142,0.0
28143,0.0
28144,0.0
28145,0.2541201
28146,0.0
28147,0.0
28148,0.10686637
28149,0.0
28150,0.0
28151,0.0
28152,0.0
28153,0.0
28154,0.0
28155,0.02949066
28156,0.0
28157,0.0
28158,0.0
28159,0.0
28160,0.0
28161,0.06482545
28162,0.0
28163,0.070475385
28164,0.0
28165,0.0
28166,0.0
28167,0.042443838
28168,0.0
28169,0.0
28170,0.020042257
28171,0.0
28172,0.0
28173,0.0
28174,0.0
28175,0.07502233
28176,0.0
28177,0.0
28178,0.0
28179,0.0
28180,0.0
28181,0.10139299
28182,0.0
28183,0.0
28184,0.0
28185,0.0
28186,0.068673514
28187,0.0
28188,0.0
28189,0.018063582
28190,0.0
28191,0.0
28192,5189.4365
28193,0.0
28194,0.0
28195,0.09075768
28196,0.0
28197,0.0
28198,0.0
28199,0.0
28200,0.0
28201,0.11260249
28202,0.0
28203,0.0
28204,0.0
28205,0.0
28206,0.0
28207,0.0
28208,0.0
28209,0.0
28210,0.085199915
28211,0.0
28212,0.055958204
28213,0.0
28214,0.0
28215,0.0
28216,0.0
28217,0.0
28218,0.0
28219,0.0
28220,0.0
28221,0.0
28222,0.13497894
28223,0.0
28224,0.0
28225,0.0
28226,0.0
28227,0.0
28228,0.0008653568
28229,0.0
28230,0.4308105
28231,0.07184936
28232,0.0
28233,11008.888
28234,6772.17
28235,0.0
28236,0.0
28237,0.034885496
28238,0.0
28239,0.04806496
28240,0.0
28241,0.0
28242,0.08258522
28243,0.041681103
28244,0.0
28245,0.0
28246,0.0
28247,0.116170175
28248,0.0
28249,4187.222
28250,4480.585
28251,8044.1562
28252,3617.8362
28253,6626.176
28254,5362.202
28255,6227.161
28256,6525.945
28257,0.40385357
28258,3568.38
28259,6431.02
28260,6642.9453
28261,5169.3486
28262,0.53184617
28263,6134.9604
28264,0.37676165
28265,4884.8833
28266,8862.279
28267,11733.582
28268,8162.3745
28269,7914.399
28270,2983.2434
28271,5835.8164
28272,0.28824723
28273,8495.033
28274,10468.173
28275,0.62642276
28276,6192.015
28277,2547.4407
28278,4131.7065
28279,0.7461312
28280,9346.188
28281,4949.0527
28282,5594.056
28283,0.59321284
28284,5826.7056
28285,2320.0466
28286,7297.4497
28287,4410.229
28288,0.3224861
28289,0.49911693
28290,3408.888
28291,8816.987
28292,4689.4253
28293,4496.9067
28294,4466.5156
28295,7393.6504
28296,10425.776
28297,6167.9707
28298,6862.861
28299,8387.911
28300,9361.31
28301,6797.214
28302,6981.1113
28303,1627.0089
28304,3561.9792
28305,4597.8315
28306,6042.3438
28307,6468.584
28308,8120.055
28309,4338.0845
28310,8390.576
28311,0.45265797
28312,6292.607
28313,2688.6855
28314,13674.213
28315,2903.4062
28316,0.36869016
28317,8196.764
28318,4229.481
28319,6038.6445
28320,3085.8557
28321,6627.718
28322,5607.043
28323,0.71866405
28324,0.47035065
28325,7434.3257
28326,5965.9927
28327,3397.6807
28328,7725.0093
28329,0.69070816
28330,5902.2993
28331,3801.6665
28332,6582.5024
28333,6214.108
28334,0.6056006
28335,0.6859647
28336,2226.9678
28337,8060.3384
28338,5252.553
28339,6294.9604
28340,8412.268
28341,3064.829
28342,4445.836
28343,4083.3408
28344,8299.568
28345,0.30345133
28346,4851.6206
28347,4766.4385
28348,0.4999099
28349,6094.4023
28350,0.29706892
28351,0.37602654
28352,0.28716102
28353,7037.8525
28354,5337.397
28355,3485.5823
28356,5951.8115
28357,0.30624622
28358,0.20517583
28359,7681.982
28360,8549.673
28361,0.5686282
28362,8685.983
28363,3475.5916
28364,3342.9219
28365,8521.773
28366,5166.209
28367,9237.546
28368,7573.27
28369,5875.7246
28370,5645.887
28371,7034.363
28372,7522.739
28373,3837.6765
28374,0.5049312
28375,4802.3457
28376,4943.3345
28377,5232.0464
28378,2952.4714
28379,6814.6763
28380,0.39754722
28381,0.40569097
28382,6021.7744
28383,2998.0994
28384,6802.824
28385,6984.988
28386,2436.9841
28387,5461.7944
28388,0.26196596
28389,6196.878
28390,0.5336572
28391,4337.406
28392,4654.509
28393,7900.845
28394,0.41577113
28395,0.40996045
28396,1.0919223
28397,4074.8777
28398,4825.9995
28399,11443.75
28400,6261.169
28401,8217.14
28402,7081.169
28403,5503.868
28404,6956.458
28405,0.3998555
28406,5702.9834
28407,9822.451
28408,5391.801
28409,2534.0854
28410,3454.697
28411,8743.919
28412,9783.1455
28413,0.33684298
28414,6709.1885
28415,4665.3413
28416,0.34955594
28417,1964.632
28418,3700.5537
28419,6068.2827
28420,7148.596
28421,6040.252
28422,4825.401
28423,7908.468
28424,7825.1816
28425,7445.786
28426,0.6012325
28427,9892.814
28428,9949.314
28429,3801.8513
28430,6284.929
28431,5085.114
28432,6798.362
28433,3334.8604
28434,2898.7249
28435,4389.1274
28436,10137.761
28437,6926.8755
28438,7300.854
28439,7506.655
28440,5010.427
28441,7358.2847
28442,22430.785
28443,8285.419
28444,3767.5715
28445,3045.7205
28446,6704.2627
28447,8054.7515
28448,0.4835287
28449,9564.201
28450,20356.848
28451,0.6636019
28452,2952.46
28453,11203.128
28454,3300.8264
28455,6610.3184
28456,3597.1812
28457,6433.0264
28458,4571.483
28459,0.54709566
28460,0.47682142
28461,5670.4707
28462,6744.451
28463,6056.5093
28464,6233.5796
28465,0.41133466
28466,0.663164
28467,5755.752
28468,0.7210932
28469,0.5889535
28470,6120.629
28471,5067.6143
28472,4501.4087
28473,5659.453
28474,4810.24
28475,5550.748
28476,0.4674411
28477,8655.541
28478,7617.5703
28479,4775.3125
28480,3734.9292
28481,4125.677
28482,5348.7876
28483,6285.403
28484,0.38890016
28485,8008.9556
28486,5681.4717
28487,8381.418
28488,6617.1943
28489,5017.596
28490,3330.095
28491,2979.29
28492,10734.784
28493,0.61983395
28494,6608.15
28495,17676.355
28496,7160.655
28497,4226.698
28498,5453.6787
28499,2917.7979
28500,5723.5444
28501,3483.8171
28502,4273.743
28503,9655.609
28504,5529.7104
28505,9554.017
28506,13904.106
28507,5800.6206
28508,5965.1733
28509,4355.923
28510,5370.6484
28511,5033.9336
28512,0.8294648
28513,6828.1704
28514,8619.277
28515,0.4216621
28516,6674.1924
28517,5463.6914
28518,0.3974919
28519,6638.3784
28520,5352.35
28521,6749.838
28522,5419.779
28523,9084.346
28524,7833.1865
28525,6195.8433
28526,10047.623
28527,7022.6914
28528,9578.598
28529,3571.1077
28530,0.3235068
28531,5119.7427
28532,8064.7524
28533,7058.39
28534,7596.7974
28535,6206.046
28536,9441.743
28537,4780.3076
28538,7012.698
28539,6613.945
28540,3651.2102
28541,16208.8545
28542,22445.059
28543,0.38562778
28544,6964.285
28545,9345.261
28546,9816.588
28547,9790.884
28548,2825.7913
28549,5116.34
28550,6195.5835
28551,8913.77
28552,2703.1982
28553,4242.601
28554,5894.9116
28555,0.34239268
28556,6238.4033
28557,3393.175
28558,2636.5693
28559,7027.543
28560,0.43979815
28561,4799.1216
28562,6031.5815
28563,5768.9106
28564,9836.345
28565,0.47591192
28566,0.262111
28567,7201.497
28568,6570.5464
28569,11310.414
28570,5051.601
28571,3113.2632
28572,0.7214806
28573,11548.625
28574,4075.6748
28575,7252.036
28576,2618.9954
28577,3798.2808
28578,4944.5654
28579,0.6523968
28580,1.0446451
28581,0.48076597
28582,10409.62
28583,10408.806
28584,4567.6426
28585,0.6057843
28586,2005.4689
28587,4204.408
28588,6510.8057
28589,4474.8315
28590,10098.003
28591,2695.6936
28592,5122.566
28593,7280.757
28594,9881.734
28595,10384.602
28596,4955.784
28597,2517.6218
28598,10249.06
28599,8128.354
28600,4996.157
28601,1.0744376
28602,8702.469
28603,6542.8667
28604,4661.8003
28605,3835.444
28606,8335.88
28607,5661.8774
28608,13671.292
28609,7267.2485
28610,13463.085
28611,0.43503037
28612,5380.6367
28613,2185.455
28614,6083.681
28615,0.5032207
28616,5304.1846
28617,7543.7554
28618,0.750831
28619,2635.5117
28620,7274.94
28621,3399.8467
28622,0.44420353
28623,6669.356
28624,5520.967
28625,8763.23
28626,4997.654
28627,8657.911
28628,0.42057177
28629,5165.672
28630,0.7821437
28631,0.3216054
28632,9320.044
28633,6824.1206
28634,2898.09
28635,5435.3413
28636,7485.4272
28637,6322.14
28638,4414.733
28639,6519.9536
28640,5617.369
28641,5581.5415
28642,0.6617942
28643,8666.826
28644,4407.504
28645,4231.983
28646,4430.6206
28647,5897.9097
28648,3259.0369
28649,5018.228
28650,6584.581
28651,6544.5894
28652,11893.405
28653,8216.896
28654,7924.664
28655,8465.6
28656,4559.685
28657,11856.811
28658,9347.133
28659,5267.0576
28660,6780.8115
28661,6612.715
28662,5124.047
28663,2423.7039
28664,0.78871274
28665,0.5163882
28666,5601.7505
28667,0.350528
28668,1841.9215
28669,10460.567
28670,0.61368966
28671,4790.368
28672,4143.496
28673,5393.956
28674,5679.1147
28675,5150.4688
28676,8166.51
28677,5828.54
28678,0.723096
28679,2993.5493
28680,2490.5508
28681,5508.8364
28682,15975.726
28683,3196.7139
28684,6024.2046
28685,5924.183
28686,3684.7024
28687,3836.271
28688,5723.1353
28689,2607.0144
28690,0.6732776
28691,6680.9116
28692,0.4578763
28693,8514.688
28694,1672.5371
28695,4154.1733
28696,11592.082
28697,8146.1743
28698,9386.72
28699,2447.2312
28700,4922.288
28701,4622.7397
28702,4330.4233
28703,19788.225
28704,0.5208219
28705,5858.337
28706,3216.0637
28707,5610.975
28708,4619.8125
28709,2680.6958
28710,7526.1475
28711,4745.7964
28712,0.6520951
28713,6369.9346
28714,4737.6416
28715,5359.85
28716,6095.978
28717,0.3975119
28718,6840.6997
28719,2825.3438
28720,0.44307536
28721,4720.1484
28722,8979.972
28723,7276.8
28724,7863.7812
28725,0.38329935
28726,0.68225944
28727,5526.0303
28728,3507.4128
28729,4983.354
28730,5362.9697
28731,4707.7427
28732,7310.463
28733,5103.589
28734,0.63520527
28735,5137.8384
28736,7516.262
28737,0.643826
28738,4694.554
28739,0.41940585
28740,0.48447055
28741,2430.6833
28742,12992.224
28743,4132.286
28744,3514.6172
28745,6422.9834
28746,0.5620769
28747,9260.755
28748,0.2699105
28749,4924.9463
28750,0.41441083
28751,7374.8735
28752,5279.0835
28753,8437.846
28754,2894.254
28755,4785.6226
28756,4701.451
28757,4317.1055
28758,0.31797737
28759,7429.5693
28760,6328.62
28761,5822.2056
28762,6160.0337
28763,7624.8687
28764,8276.154
28765,1.0817375
28766,0.20544484
28767,0.28879464
28768,6634.6626
28769,6629.526
28770,1736.1133
28771,7050.6924
28772,0.42137602
28773,6787.6387
28774,5253.836
28775,3418.7654
28776,0.47833344
28777,3404.137
28778,9743.802
28779,5795.2285
28780,4655.428
28781,8070.393
28782,4676.257
28783,4913.647
28784,0.46180585
28785,2886.5757
28786,8760.355
28787,9101.544
28788,7320.008
28789,3128.8948
28790,0.53303206
28791,0.44528517
28792,2166.7314
28793,5885.512
28794,0.7851409
28795,6677.2295
28796,0.7505597
28797,4358.579
28798,0.33222625
28799,8662.189
28800,5424.9927
28801,0.6278186
28802,4387.8423
28803,3851.8005
28804,0.55758965
28805,5131.9805
28806,7516.8643
28807,6981.7573
28808,7758.6143
28809,6539.7905
28810,5480.2524
28811,3566.1646
28812,5411.519
28813,12372.215
28814,6989.6997
28815,8188.387
28816,13533.492
28817,3326.1104
28818,0.78981173
28819,4224.7227
28820,9322.622
28821,0.49746084
28822,8225.977
28823,8278.752
28824,8296.648
28825,0.42506993
28826,6700.2354
28827,5262.573
28828,2511.302
28829,0.78560746
28830,3070.7205
28831,2978.041
28832,7935.2
28833,20187.463
28834,5985.3833
28835,3406.947
28836,5132.847
28837,4217.0044
28838,5254.0967
28839,2271.008
28840,6013.8247
28841,0.49058968
28842,4172.1436
28843,13982.553
28844,9566.107
28845,3768.7974
28846,0.2757133
28847,3854.0166
28848,4356.5464
28849,4703.1465
28850,0.49806216
28851,4247.683
28852,4652.9907
28853,0.3460026
28854,5429.1597
28855,5150.793
28856,7453.3394
28857,3501.5625
28858,7981.381
28859,7887.789
28860,5347.951
28861,3983.476
28862,3633.3965
28863,6019.7534
28864,0.45988742
28865,10381.046
28866,4431.6055
28867,3809.5222
28868,5898.8657
28869,5251.1006
28870,0.8425083
28871,0.81876624
28872,0.40502083
28873,10452.24
28874,7641.3804
28875,6026.9863
28876,3515.2444
28877,5365.656
28878,1.0198195
28879,4386.0303
28880,5126.701
28881,5423.202
28882,0.7052983
28883,7065.685
28884,4320.3438
28885,3998.205
28886,0.42885852
28887,7622.578
28888,5395.9116
28889,12316.55
28890,6013.3657
28891,5305.197
28892,4506.6416
28893,2677.5059
28894,4072.6316
28895,2.1193964
28896,1961.5123
28897,5146.206
28898,7224.386
28899,6758.1226
28900,5943.268
28901,8949.412
28902,5617.2295
28903,0.9418831
28904,3113.9048
28905,8416.489
28906,4456.4336
28907,6766.9077
28908,9182.118
28909,0.41363
28910,0.5573342
28911,6952.233
28912,3913.216
28913,6876.4834
28914,6965.5874
28915,2771.867
28916,8796.534
28917,6524.464
28918,5527.4165
28919,10578.244
28920,7504.328
28921,7208.067
28922,4478.017
28923,4044.5825
28924,5012.339
28925,0.7842643
28926,7066.642
28927,2164.938
28928,6168.4766
28929,3158.98
28930,0.4891667
28931,5585.52
28932,4910.925
28933,5683.7266
28934,8560.076
28935,0.32779384
28936,6989.42
28937,0.32027513
28938,7127.7964
28939,9933.139
28940,7236.2407
28941,3342.0227
28942,0.39554083
28943,5963.643
28944,0.54659784
28945,0.6135627
28946,0.57211626
28947,5718.573
28948,10807.538
28949,6996.6636
28950,2161.6768
28951,0.22763385
28952,8310.492
28953,6489.6514
28954,8138.2915
28955,9001.349
28956,0.7106621
28957,5309.8594
28958,4482.6113
28959,0.23406525
28960,0.39254886
28961,8093.3486
28962,2380.4663
28963,7704.0684
28964,7389.8433
28965,4961.0957
28966,7465.064
28967,5125.87
28968,6914.076
28969,5469.7505
28970,4131.301
28971,5080.072
28972,4003.403
28973,6460.6294
28974,7295.8003
28975,9343.256
28976,5693.0483
28977,0.35111803
28978,6482.988
28979,6974.017
28980,6801.0337
28981,3155.3027
28982,2834.273
28983,7556.884
28984,6936.6143
28985,3874.6782
28986,7718.852
28987,0.5552193
28988,5499.528
28989,5362.913
28990,1247.8276
28991,6205.259
28992,6353.157
28993,5784.7466
28994,7801.3047
28995,7582.3047
28996,3814.686
28997,6207.9585
28998,3232.02
28999,1308.9639
29000,6150.499
29001,0.7951083
29002,5636.89
29003,4937.1333
29004,2008.1477
29005,5230.2056
29006,7853.1377
29007,5419.5566
29008,9013.23
29009,3599.433
29010,4529.224
29011,0.31904367
29012,6033.4287
29013,3633.452
29014,2502.5361
29015,4579.1772
29016,3549.7441
29017,0.42982772
29018,4586.5254
29019,0.5921792
29020,5291.728
29021,7839.876
29022,5277.261
29023,0.36676496
29024,8693.965
29025,6439.0728
29026,0.72822654
29027,1894.1113
29028,7301.39
29029,6054.696
29030,5678.8604
29031,5784.305
29032,8972.274
29033,6788.2925
29034,6592.732
29035,7178.934
29036,9511.23
29037,8862.397
29038,3235.6418
29039,4175.1055
29040,5157.6904
29041,6151.7017
29042,0.5665988
29043,8140.1704
29044,7753.466
29045,0.633131
29046,2389.0222
29047,6056.0586
29048,8871.709
29049,3548.4846
29050,6894.3794
29051,0.50718117
29052,6885.6914
29053,7182.708
29054,5341.14
29055,6569.174
29056,3642.5652
29057,4244.208
29058,6262.131
29059,6068.3286
29060,9345.234
29061,5879.1553
29062,8242.336
29063,5304.073
29064,3424.4448
29065,10028.063
29066,0.42103925
29067,9874.941
29068,0.55289173
29069,4672.4805
29070,7241.509
29071,4797.9272
29072,5078.003
29073,8000.3667
29074,2723.6667
29075,2826.383
29076,6270.044
29077,6502.3965
29078,0.61850834
29079,5733.85
29080,5857.7393
29081,3605.1545
29082,6761.9526
29083,3053.8262
29084,11372.211
29085,7626.6216
29086,1.198314
29087,0.91331816
29088,5561.1616
29089,8941.964
29090,10518.885
29091,3018.7632
29092,9793.63
29093,0.38991517
29094,5722.071
29095,0.596001
29096,5032.508
29097,3382.0195
29098,4211.3926
29099,0.6795447
29100,2698.013
29101,9212.215
29102,5682.144
29103,22937.744
29104,7107.03
29105,3642.5027
29106,6097.653
29107,9681.079
29108,5805.5415
29109,7096.727
29110,5194.7256
29111,6779.525
29112,6919.9614
29113,4123.635
29114,4674.384
29115,6110.7646
29116,6971.523
29117,6025.601
29118,7627.2324
29119,4635.514
29120,4146.339
29121,4836.036
29122,9526.71
29123,9450.87
29124,8671.448
29125,7196.7524
29126,3654.0745
29127,5328.4644
29128,3476.1252
29129,7799.846
29130,9861.943
29131,9328.866
29132,5396.344
29133,4155.4536
29134,4007.9731
29135,4700.5186
29136,9451.4375
29137,5172.338
29138,4786.056
29139,4256.7896
29140,6622.334
29141,3071.5115
29142,7130.3193
29143,3985.464
29144,6102.511
29145,5344.2593
29146,5482.788
29147,7292.412
29148,6041.2197
29149,4621.2803
29150,5904.67
29151,6018.427
29152,10617.999
29153,5436.1914
29154,7411.4995
29155,7480.6167
29156,7687.743
29157,5771.6626
29158,7472.7007
29159,3587.863
29160,4225.033
29161,5334.0225
29162,6239.82
29163,8123.425
29164,7104.9697
29165,5051.635
29166,7163.1616
29167,6499.7236
29168,7617.701
29169,3378.0793
29170,12759.42
29171,3970.8652
29172,5345.3296
29173,7945.902
29174,3886.1904
29175,4881.9253
29176,5073.3696
29177,6936.958
29178,5235.2217
29179,4420.0
29180,7050.8003
29181,6658.5376
29182,6174.5044
29183,4494.604
29184,6710.2637
29185,11307.804
29186,5950.9204
29187,5136.104
29188,6024.992
29189,5648.489
29190,5362.463
29191,7106.732
29192,3376.7778
29193,7558.455
29194,5296.035
29195,6084.888
29196,9764.529
29197,3997.7512
29198,4269.1675
29199,4463.279
29200,7450.5957
29201,6804.687
29202,4161.8247
29203,4194.382
29204,6184.8667
29205,5351.7373
29206,4788.746
29207,6200.7207
29208,5476.0093
29209,6820.9907
29210,4520.156
29211,4013.8843
29212,5666.183
29213,6543.7153
29214,6516.3413
29215,7248.2188
29216,7596.1885
29217,4702.886
29218,8222.572
29219,5032.5127
29220,5132.9546
29221,7956.428
29222,5497.75
29223,9737.011
29224,7225.0957
29225,6635.5864
29226,5213.8574
29227,7054.594
29228,6842.5073
29229,5487.324
29230,3467.8584
29231,5346.7065
29232,6983.689
29233,4798.925
29234,3774.1975
29235,7228.2046
29236,6001.974
29237,5169.7188
29238,5194.889
29239,4594.784
29240,6964.803
29241,6490.79
29242,5150.459
29243,4654.7666
29244,4419.3125
29245,5966.801
29246,3530.0806
29247,6070.5
29248,4708.5825
29249,7554.2534
29250,6923.5527
29251,5912.7627
29252,12286.784
29253,4588.0176
29254,4626.3306
29255,10337.297
29256,5860.265
29257,7374.332
29258,6918.6543
29259,4926.158
29260,5772.2734
29261,5068.726
29262,7004.2153
29263,10107.021
29264,7042.748
29265,2660.607
29266,4439.166
29267,8084.823
29268,8345.044
29269,5242.6626
29270,5380.765
29271,4206.4463
29272,3980.0464
29273,2970.4382
29274,4426.6455
29275,5874.01
29276,6524.271
29277,5757.251
29278,5529.974
29279,6967.2085
29280,8295.588
29281,6903.092
29282,4243.706
29283,8882.759
29284,9040.2295
29285,4598.1035
29286,6133.1235
29287,4839.608
29288,6134.574
29289,3387.1145
29290,5700.9165
29291,4324.0503
29292,8603.622
29293,6224.531
29294,6744.5605
29295,7385.489
29296,5118.605
29297,7364.316
29298,21263.334
29299,8649.229
29300,5040.002
29301,2783.7249
29302,5225.7573
29303,7706.207
29304,5060.0693
29305,10394.253
29306,19147.682
29307,3806.5908
29308,4827.5464
29309,8749.166
29310,4002.8035
29311,7313.0225
29312,5368.9067
29313,7371.941
29314,4489.214
29315,5832.5723
29316,5162.0464
29317,6664.2305
29318,8302.174
29319,5795.538
29320,5539.8096
29321,6547.1865
29322,4754.3325
29323,4823.901
29324,7067.9497
29325,4507.94
29326,5178.9233
29327,6283.167
29328,5609.7495
29329,5424.304
29330,6112.123
29331,6362.763
29332,7298.598
29333,10011.1875
29334,6927.582
29335,5064.164
29336,3328.4624
29337,5421.837
29338,5677.5713
29339,5061.5757
29340,4174.321
29341,8013.8994
29342,5427.337
29343,9207.05
29344,6145.954
29345,4895.481
29346,4376.122
29347,4553.4785
29348,9254.786
29349,4722.1074
29350,6618.6084
29351,15876.358
29352,6571.4614
29353,5510.8545
29354,4816.1675
29355,4108.0205
29356,5796.506
29357,3777.6877
29358,5164.6567
29359,9592.155
29360,4521.3936
29361,12520.8955
29362,12468.9375
29363,4844.67
29364,6014.186
29365,4864.2153
29366,6117.8857
29367,5051.288
29368,10250.008
29369,6633.6313
29370,8864.427
29371,3764.9954
29372,7335.0835
29373,4701.581
29374,7419.2446
29375,6019.4717
29376,5483.4316
29377,5807.685
29378,4991.4126
29379,7995.553
29380,8565.564
29381,5533.214
29382,9652.488
29383,5939.052
29384,8069.115
29385,5008.563
29386,4457.956
29387,4790.948
29388,8505.07
29389,5758.465
29390,6886.125
29391,5634.047
29392,8638.264
29393,4185.6846
29394,7390.0337
29395,6719.0635
29396,3476.2778
29397,14268.843
29398,17864.377
29399,6197.3447
29400,6558.656
29401,8350.681
29402,9313.6455
29403,10239.67
29404,4488.1987
29405,6180.8623
29406,5707.032
29407,7569.9336
29408,3574.7136
29409,5313.5327
29410,4914.758
29411,4970.2515
29412,7011.1934
29413,4515.286
29414,3852.7964
29415,6402.963
29416,3786.599
29417,4116.608
29418,5522.6523
29419,5197.318
29420,8449.749
29421,7867.945
29422,5987.022
29423,5970.2905
29424,5950.9883
29425,10633.211
29426,6394.4854
29427,4361.6567
29428,4264.8286
29429,9080.153
29430,4046.099
29431,6396.3706
29432,2930.6416
29433,4483.291
29434,6430.4004
29435,5899.755
29436,4689.282
29437,7768.033
29438,9174.659
29439,10954.006
29440,6250.22
29441,8637.827
29442,2880.3586
29443,4433.2627
29444,5758.201
29445,3748.3997
29446,8585.179
29447,4061.203
29448,4710.5996
29449,8053.3916
29450,9378.871
29451,8147.557
29452,4867.901
29453,4316.772
29454,10489.421
29455,7034.309
29456,5509.278
29457,4737.7993
29458,6639.4736
29459,8016.797
29460,4062.3806
29461,5202.1436
29462,7452.394
29463,7169.8467
29464,13357.135
29465,5835.1875
29466,12056.842
29467,5823.4497
29468,4645.341
29469,3137.8564
29470,5728.8315
29471,5322.511
29472,4750.0356
29473,7447.178
29474,4524.5864
29475,4000.002
29476,6753.431
29477,3474.428
29478,6991.5864
29479,5963.62
29480,6684.449
29481,7929.004
29482,4696.467
29483,7877.2637
29484,5910.0225
29485,4504.149
29486,5399.0317
29487,4156.0283
29488,9087.041
29489,5699.4595
29490,3991.0261
29491,6113.9653
29492,7894.0435
29493,6929.3403
29494,5153.3384
29495,7882.8403
29496,5100.1143
29497,4999.661
29498,4585.5283
29499,7522.839
29500,5372.18
29501,5922.8047
29502,4980.3223
29503,4777.1577
29504,4151.987
29505,4822.493
29506,7460.779
29507,8390.937
29508,10314.025
29509,9927.267
29510,7628.2217
29511,8235.491
29512,4628.096
29513,10864.225
29514,9322.969
29515,6418.378
29516,7594.986
29517,7519.6396
29518,5368.7275
29519,3434.0232
29520,10591.691
29521,5861.998
29522,6463.8716
29523,5199.8667
29524,2256.3843
29525,10386.166
29526,5380.765
29527,4180.382
29528,4393.995
29529,4564.7725
29530,5901.7417
29531,6426.9297
29532,6268.1426
29533,4905.5454
29534,4193.4976
29535,3724.86
29536,3127.716
29537,6350.867
29538,16118.025
29539,3968.3738
29540,5449.3677
29541,6338.0015
29542,4752.7275
29543,3911.3164
29544,4724.7344
29545,3632.4814
29546,7511.2524
29547,6066.795
29548,3367.6738
29549,8177.242
29550,4206.077
29551,4446.616
29552,11644.462
29553,6904.672
29554,9014.116
29555,4620.214
29556,5283.542
29557,4151.195
29558,4437.1807
29559,18162.527
29560,9176.848
29561,6015.506
29562,4428.7275
29563,4624.323
29564,5109.673
29565,3927.142
29566,9423.759
29567,4710.101
29568,4819.5176
29569,6577.519
29570,4184.635
29571,5522.9053
29572,6067.5415
29573,6030.276
29574,6485.4434
29575,3689.3027
29576,5204.4614
29577,5374.7686
29578,8106.614
29579,7226.5225
29580,6661.422
29581,3633.7292
29582,7544.3525
29583,5397.4663
29584,4196.8594
29585,5954.5312
29586,6575.581
29587,5264.295
29588,5971.4355
29589,5187.6597
29590,5422.6025
29591,4667.153
29592,6850.18
29593,5807.8237
29594,5292.49
29595,7670.304
29596,5575.119
29597,4099.968
29598,10980.575
29599,4822.3506
29600,2875.1904
29601,6560.514
29602,7383.925
29603,9069.144
29604,4357.5522
29605,5519.9243
29606,5440.606
29607,6718.3584
29608,4996.081
29609,7349.8184
29610,2821.391
29611,5009.9917
29612,5017.969
29613,4567.93
29614,4634.6167
29615,6089.568
29616,6219.9487
29617,5559.0034
29618,6819.013
29619,5875.506
29620,7871.8633
29621,4419.013
29622,5525.2817
29623,5873.6177
29624,7032.1895
29625,7104.353
29626,3246.6863
29627,7561.736
29628,5652.9087
29629,6428.653
29630,4481.7
29631,3866.5037
29632,7452.941
29633,4912.4424
29634,8530.133
29635,5892.489
29636,5019.348
29637,7242.483
29638,5608.0806
29639,5289.896
29640,7157.097
29641,4967.332
29642,8564.0205
29643,9468.256
29644,7026.993
29645,4240.6025
29646,4836.391
29647,3792.336
29648,2943.7878
29649,6721.0312
29650,5067.837
29651,8232.539
29652,3968.5137
29653,4936.3516
29654,5102.6494
29655,8644.898
29656,4792.077
29657,4748.64
29658,4642.621
29659,4245.6455
29660,4391.004
29661,6690.9624
29662,6865.722
29663,6519.5806
29664,6913.0737
29665,6244.094
29666,5566.7925
29667,4186.3154
29668,4782.4966
29669,9838.578
29670,8108.601
29671,9465.592
29672,14826.015
29673,4479.6445
29674,3918.509
29675,5535.9116
29676,8283.175
29677,8619.812
29678,6845.4907
29679,7409.669
29680,7583.5923
29681,6673.4155
29682,5708.224
29683,4791.812
29684,4219.805
29685,4272.1377
29686,3657.855
29687,4425.957
29688,6737.4043
29689,18645.578
29690,6002.1343
29691,4672.623
29692,6359.523
29693,3815.1738
29694,6217.22
29695,4016.5156
29696,7819.3247
29697,5858.6274
29698,5816.006
29699,12860.58
29700,10908.8
29701,4822.4424
29702,6313.0713
29703,3646.6643
29704,4470.382
29705,4796.01
29706,7225.289
29707,4023.4182
29708,4008.5542
29709,4961.233
29710,4647.1577
29711,6072.2544
29712,6420.901
29713,3677.2861
29714,6778.2446
29715,8118.8857
29716,5658.9077
29717,4274.339
29718,3493.185
29719,7461.0137
29720,4390.941
29721,9573.3
29722,4095.7383
29723,5396.3647
29724,6198.19
29725,4880.8076
29726,4242.0713
29727,4860.9453
29728,5516.3345
29729,8935.834
29730,8942.501
29731,5322.2827
29732,3784.7466
29733,5367.7803
29734,7942.477
29735,4181.0557
29736,4845.9873
29737,5352.233
29738,10576.196
29739,6763.8877
29740,5794.455
29741,5458.446
29742,4390.4214
29743,8497.295
29744,4834.417
29745,12300.127
29746,5515.2773
29747,4594.517
29748,4844.3374
29749,3715.3848
29750,5443.882
29751,20402.328
29752,3346.7158
29753,4468.3438
29754,8588.986
29755,5562.96
29756,6239.403
29757,7265.551
29758,5326.701
29759,4573.249
29760,3464.6277
29761,8726.174
29762,5196.6436
29763,6683.372
29764,7126.6543
29765,4503.2686
29766,6502.452
29767,5806.6323
29768,3420.4746
29769,7719.8755
29770,8815.272
29771,3697.177
29772,7460.48
29773,5957.349
29774,5363.6704
29775,9121.976
29776,6204.1875
29777,6880.0063
29778,4203.6387
29779,4216.389
29780,6658.658
29781,3532.9475
29782,7139.091
29783,3568.431
29784,5702.7275
29785,4145.192
29786,5278.978
29787,5276.26
29788,6544.839
29789,5887.197
29790,7607.507
29791,5287.7266
29792,6860.0337
29793,5257.9116
29794,7826.0996
29795,9013.729
29796,6684.239
29797,2922.393
29798,5608.3853
29799,6290.1826
29800,3570.4297
29801,10365.533
29802,4850.829
29803,5991.2095
29804,9695.06
29805,6581.3345
29806,3312.858
29807,8258.074
29808,9057.353
29809,5213.1064
29810,7998.902
29811,7757.756
29812,5725.8433
29813,5193.5664
29814,6037.3545
29815,4490.169
29816,5547.779
29817,6749.9023
29818,3932.784
29819,6197.055
29820,6596.292
29821,5805.9736
29822,6733.081
29823,5488.481
29824,6298.444
29825,5041.9634
29826,6309.291
29827,6366.363
29828,5921.342
29829,6097.6816
29830,6566.023
29831,8685.048
29832,5204.7695
29833,4530.3345
29834,5734.3096
29835,6940.042
29836,6063.243
29837,4134.7305
29838,3939.2007
29839,6545.6753
29840,6851.18
29841,5483.5205
29842,7039.5244
29843,5189.476
29844,5957.611
29845,4460.6997
29846,2607.1748
29847,5938.2534
29848,6089.231
29849,5601.9106
29850,7692.5254
29851,7152.8184
29852,4256.497
29853,7458.7227
29854,3674.0813
29855,2493.6487
29856,6110.899
29857,11152.701
29858,7086.844
29859,6289.3667
29860,3673.5276
29861,5844.5234
29862,7931.598
29863,5426.928
29864,7007.77
29865,4243.7104
29866,4319.4785
29867,4502.684
29868,5305.961
29869,4446.1245
29870,4292.2017
29871,4259.5513
29872,3967.3706
29873,5980.9775
29874,6094.426
29875,4575.1167
29876,5801.7993
29877,6578.598
29878,5323.577
29879,4248.137
29880,8270.733
29881,6562.5356
29882,4801.9194
29883,3111.464
29884,9638.836
29885,5584.8223
29886,4529.5522
29887,7024.2725
29888,7482.629
29889,6757.5034
29890,5362.7495
29891,6786.583
29892,7902.4883
29893,11859.22
29894,4556.928
29895,4312.685
29896,4816.8335
29897,6215.1035
29898,5082.146
29899,7495.9155
29900,7930.698
29901,5184.261
29902,3516.68
29903,4763.9478
29904,10214.669
29905,4168.901
29906,6788.111
29907,3310.2676
29908,6191.9443
29909,7000.622
29910,6472.651
29911,7008.6323
29912,5705.497
29913,4003.995
29914,5431.1177
29915,6374.1953
29916,7653.0728
29917,6613.85
29918,7297.9995
29919,5284.2676
29920,4058.728
29921,9474.199
29922,3721.4717
29923,8853.332
29924,5406.994
29925,4022.8157
29926,6272.969
29927,5178.296
29928,6381.3916
29929,8027.1724
29930,3753.0154
29931,3844.1216
29932,6439.196
29933,7147.11
29934,9477.417
29935,5002.2085
29936,5384.205
29937,4788.9834
29938,5737.3403
29939,4449.854
29940,9601.062
29941,8066.322
29942,12280.036
29943,4280.165
29944,5435.621
29945,9573.455
29946,10471.508
29947,4333.973
29948,9398.284
29949,5856.3594
29950,4936.441
29951,4569.3643
29952,4237.521
29953,4838.463
29954,5349.778
29955,3940.4746
29956,4256.6475
29957,7952.2856
29958,6082.2944
29959,23275.258
29960,5940.4287
29961,3438.4617
29962,5834.0854
29963,9535.546
29964,5659.631
29965,6785.192
29966,4993.2983
29967,6543.8154
29968,6682.2627
29969,3820.1558
29970,4478.0894
29971,5704.915
29972,6769.58
29973,5772.3726
29974,7191.311
29975,4354.8804
29976,3961.0178
29977,4531.778
29978,9154.983
29979,8945.931
29980,8347.44
29981,6727.31
29982,3469.3242
29983,4967.711
29984,3314.4133
29985,7451.491
29986,9215.405
29987,9063.592
29988,5012.721
29989,3969.9905
29990,3818.0718
29991,4357.448
29992,9088.341
29993,4834.113
29994,4456.608
29995,4004.5986
29996,6390.864
29997,2935.3872
29998,6686.241
29999,3711.7185
30000,5836.5625
30001,4986.5396
30002,5267.7056
30003,6821.5566
30004,5788.958
30005,4413.6
30006,5677.4307
30007,5693.5425
30008,10030.608
30009,5055.2695
30010,7223.332
30011,7198.4756
30012,7311.007
30013,5484.6973
30014,7142.667
30015,3428.9165
30016,4064.09
30017,5108.542
30018,5820.512
30019,7675.0244
30020,6653.77
30021,4882.7544
30022,6737.4043
30023,6212.7686
30024,7296.364
30025,3206.6128
30026,12348.72
30027,3778.978
30028,5116.1885
30029,7612.7183
30030,3648.338
30031,4584.2686
30032,4850.6167
30033,6470.682
30034,4810.745
30035,4140.4336
30036,6623.768
30037,6230.102
30038,5903.442
30039,4293.406
30040,6460.796
30041,10834.517
30042,5746.613
30043,4879.188
30044,5627.9346
30045,5430.092
30046,4962.4307
30047,6637.264
30048,3213.2976
30049,7138.3623
30050,5103.394
30051,5706.5093
30052,9840.1455
30053,3813.2563
30054,3960.7231
30055,4147.7944
30056,6995.676
30057,6548.8604
30058,3909.2014
30059,3938.795
30060,5778.2227
30061,4978.4175
30062,4585.4014
30063,5943.4946
30064,5269.4497
30065,6560.358
30066,4244.771
30067,3821.023
30068,5318.1567
30069,6318.0107
30070,6354.854
30071,6633.7705
30072,7089.9478
30073,4383.0317
30074,7862.0938
30075,4838.357
30076,4887.95
30077,7521.067
30078,5122.3853
30079,9368.8125
30080,6806.751
30081,6245.1846
30082,4842.143
30083,6735.066
30084,6415.1587
30085,5288.796
30086,3294.9119
30087,5095.879
30088,6808.4004
30089,4447.643
30090,3597.7886
30091,6927.8267
30092,5735.606
30093,4908.733
30094,4938.7017
30095,4409.2446
30096,6667.2827
30097,6097.1353
30098,4947.2686
30099,4327.4707
30100,4247.671
30101,5564.1543
30102,3348.4019
30103,5861.763
30104,4389.295
30105,7144.813
30106,6655.363
30107,5646.593
30108,11767.944
30109,4429.07
30110,4271.4326
30111,9926.415
30112,5597.6646
30113,6910.7007
30114,6609.076
30115,4531.4883
30116,5395.2993
30117,4835.2563
30118,6737.893
30119,9902.047
30120,6798.5303
30121,2432.0706
30122,4242.213
30123,7555.9683
30124,7788.569
30125,4902.383
30126,5061.373
30127,3988.6018
30128,3820.5347
30129,2817.4143
30130,4227.601
30131,5485.943
30132,6086.8037
30133,5549.462
30134,5291.5864
30135,6506.572
30136,7796.0977
30137,6492.5425
30138,3930.4624
30139,8622.394
30140,8505.313
30141,4406.302
30142,5892.3257
30143,4504.179
30144,5719.588
30145,3119.0364
30146,5511.9536
30147,4021.6033
30148,8339.475
30149,5945.485
30150,6332.14
30151,7120.9126
30152,4758.4297
30153,6951.729
30154,20608.629
30155,8175.488
30156,4827.459
30157,2559.9219
30158,4876.0146
30159,7371.294
30160,4787.8555
30161,9935.802
30162,18697.701
30163,3594.8486
30164,4648.2173
30165,8398.767
30166,3844.9724
30167,7022.8525
30168,5155.241
30169,7064.014
30170,4258.2637
30171,5444.5933
30172,4820.3774
30173,6462.127
30174,7839.8613
30175,5366.7256
30176,5172.7324
30177,6269.165
30178,4421.969
30179,4607.9385
30180,6689.22
30181,4194.1978
30182,4831.743
30183,6024.7793
30184,5443.6997
30185,5200.1543
30186,5891.241
30187,6181.3164
30188,6857.005
30189,9766.69
30190,6656.366
30191,4872.8486
30192,3068.205
30193,5186.4424
30194,5486.2935
30195,4750.525
30196,3986.1064
30197,7696.753
30198,5058.8633
30199,8976.126
30200,5929.0786
30201,4576.5005
30202,4154.118
30203,4318.63
30204,8641.832
30205,4381.2427
30206,6377.4976
30207,15612.995
30208,6148.2114
30209,5290.8647
30210,4460.2866
30211,3922.0132
30212,5520.962
30213,3578.4666
30214,4954.943
30215,9374.06
30216,4165.59
30217,11741.083
30218,12205.283
30219,4465.557
30220,5784.719
30221,4654.9707
30222,5914.438
30223,4818.6304
30224,9810.953
30225,6129.9946
30226,8606.659
30227,3587.3909
30228,7019.845
30229,4342.026
30230,7130.8154
30231,5614.2246
30232,5224.068
30233,5396.807
30234,4781.557
30235,7457.0366
30236,8361.943
30237,5138.897
30238,9264.881
30239,5561.8354
30240,7743.4146
30241,4786.988
30242,4182.5874
30243,4481.9785
30244,8069.885
30245,5381.73
30246,6396.3643
30247,5250.4795
30248,8077.054
30249,3850.838
30250,7169.5186
30251,6419.4434
30252,3235.7158
30253,13761.754
30254,17521.018
30255,5812.8115
30256,6113.1724
30257,7923.523
30258,8938.374
30259,10044.672
30260,4308.754
30261,5932.4614
30262,5294.2573
30263,7133.387
30264,3400.7256
30265,5082.311
30266,4623.5645
30267,4745.7373
30268,6722.9805
30269,4328.9077
30270,3679.3564
30271,5960.0435
30272,3596.0215
30273,3860.0066
30274,5154.3364
30275,4892.3022
30276,8003.1445
30277,7396.987
30278,5799.752
30279,5549.0913
30280,5562.0317
30281,10405.918
30282,6133.966
30283,4178.484
30284,3953.2644
30285,8685.205
30286,3865.1135
30287,5955.736
30288,2707.6646
30289,4285.12
30290,6203.0044
30291,5502.755
30292,4309.527
30293,7324.3867
30294,8619.006
30295,10745.365
30296,6050.897
30297,8333.304
30298,2727.3904
30299,4115.8184
30300,5364.6016
30301,3505.4092
30302,8202.16
30303,3860.7173
30304,4514.119
30305,7732.0566
30306,9111.002
30307,7734.048
30308,4653.0396
30309,4155.0176
30310,10703.071
30311,6604.1357
30312,5265.7065
30313,4367.0103
30314,6315.143
30315,7815.403
30316,3753.7134
30317,4989.0137
30318,7004.7764
30319,6889.7515
30320,12983.602
30321,5536.371
30322,11609.343
30323,5444.0635
30324,4393.463
30325,2982.3071
30326,5460.362
30327,4965.579
30328,4453.136
30329,7196.8555
30330,4189.595
30331,3817.2341
30332,6314.9023
30333,3304.831
30334,6700.625
30335,5560.679
30336,6433.075
30337,7418.1406
30338,4365.2363
30339,7636.674
30340,5636.788
30341,4218.7065
30342,4991.4126
30343,3991.9436
30344,8838.196
30345,5419.453
30346,3824.936
30347,5879.3794
30348,7556.0186
30349,6640.1895
30350,4955.888
30351,7581.0034
30352,4892.6475
30353,4761.045
30354,4308.972
30355,7040.8203
30356,5155.4478
30357,5716.326
30358,4634.484
30359,4484.54
30360,3951.941
30361,4446.6123
30362,7003.968
30363,8306.871
30364,9687.684
30365,9595.284
30366,7186.436
30367,8071.332
30368,4436.567
30369,10440.802
30370,9123.141
30371,6023.6934
30372,7291.821
30373,7186.4976
30374,5157.292
30375,3300.4421
30376,10276.897
30377,5474.1606
30378,6172.4375
30379,4965.996
30380,2102.9258
30381,10002.636
30382,4998.2974
30383,3890.7527
30384,4216.582
30385,4265.854
30386,5708.9375
30387,6235.066
30388,5928.0835
30389,4651.207
30390,3893.9607
30391,3548.8672
30392,2985.5723
30393,5939.8223
30394,15523.284
30395,3770.545
30396,5042.916
30397,6063.654
30398,4556.789
30399,3664.8193
30400,4372.671
30401,3464.3005
30402,7007.423
30403,5614.2407
30404,3203.2495
30405,7758.422
30406,4052.3215
30407,4239.3203
30408,11314.709
30409,6484.6577
30410,8791.166
30411,4492.465
30412,5103.9395
30413,3855.8186
30414,4162.023
30415,17544.713
30416,8687.027
30417,5619.963
30418,4250.9097
30419,4270.243
30420,4893.614
30421,3750.3347
30422,9271.051
30423,4510.052
30424,4535.4106
30425,6154.3135
30426,3867.1455
30427,5302.308
30428,5848.8174
30429,5656.9595
30430,6055.6543
30431,3514.4497
30432,4949.435
30433,5014.3857
30434,7673.2456
30435,6914.2676
30436,6248.7417
30437,3479.38
30438,7075.4707
30439,5146.0737
30440,4035.6492
30441,5719.5933
30442,6300.204
30443,5032.9155
30444,5665.6587
30445,5001.8696
30446,5055.419
30447,4333.8203
30448,6616.6514
30449,5376.8555
30450,5019.353
30451,7274.364
30452,5191.5703
30453,3918.8342
30454,10362.824
30455,4594.806
30456,2663.1885
30457,6352.0786
30458,7019.1426
30459,8856.508
30460,4191.2305
30461,5323.816
30462,5186.858
30463,6410.773
30464,4644.8135
30465,6865.139
30466,2595.7915
30467,4703.676
30468,4696.5566
30469,4296.1997
30470,4457.5903
30471,5707.838
30472,5870.3184
30473,5334.053
30474,6598.1733
30475,5544.0547
30476,7449.4443
30477,4063.8613
30478,5348.043
30479,5648.3164
30480,6618.1665
30481,6798.8286
30482,3094.0535
30483,7235.0605
30484,5289.2954
30485,6071.4844
30486,4221.496
30487,3678.1704
30488,7000.9224
30489,4738.0664
30490,7995.8887
30491,5512.826
30492,4797.003
30493,6765.72
30494,5375.7734
30495,4957.917
30496,6882.1396
30497,4790.8706
30498,8341.6455
30499,8936.106
30500,6758.219
30501,4060.0369
30502,4507.6562
30503,3605.3403
30504,2786.3232
30505,6469.09
30506,4694.5586
30507,7901.953
30508,3675.617
30509,4561.0205
30510,4888.132
30511,8287.956
30512,4414.4126
30513,4404.604
30514,4330.324
30515,4092.1184
30516,4108.2715
30517,6461.067
30518,6589.959
30519,6291.737
30520,6479.2354
30521,5818.0586
30522,5184.2417
30523,4030.0134
30524,4413.613
30525,9320.684
30526,7781.0396
30527,9432.634
30528,14064.058
30529,4286.698
30530,3664.9346
30531,5309.353
30532,7720.671
30533,8147.6895
30534,6431.3022
30535,6985.1543
30536,7110.7256
30537,6392.8633
30538,5320.2065
30539,4450.3804
30540,4050.2927
30541,3945.0708
30542,3477.9497
30543,4238.851
30544,6285.289
30545,18014.889
30546,5796.9424
30547,4465.391
30548,6113.7905
30549,3528.5386
30550,5790.6206
30551,3790.6326
30552,7544.561
30553,5479.2593
30554,5627.306
30555,12643.272
30556,10206.372
30557,4616.3857
30558,6110.24
30559,3394.2695
30560,4298.5034
30561,4616.2974
30562,6769.477
30563,3773.9165
30564,3685.539
30565,4752.41
30566,4356.7
30567,5813.3213
30568,5946.9937
30569,3485.027
30570,6341.5815
30571,7782.027
30572,5251.992
30573,3974.8218
30574,3241.8674
30575,7169.4434
30576,4174.6313
30577,9184.3955
30578,3832.1672
30579,5021.747
30580,5977.1226
30581,4552.9614
30582,3962.949
30583,4485.2246
30584,5166.45
30585,8661.33
30586,8594.937
30587,4961.4507
30588,3633.5593
30589,5181.532
30590,7549.0747
30591,3923.9666
30592,4525.6353
30593,5159.2407
30594,10314.143
30595,6514.5576
30596,5590.1357
30597,5269.088
30598,4180.3936
30599,8157.0356
30600,4597.9146
30601,11867.287
30602,5150.965
30603,4257.687
30604,4609.8994
30605,3536.2283
30606,5292.5303
30607,19756.28
30608,3192.9163
30609,4117.4204
30610,8265.127
30611,5204.6353
30612,6018.7314
30613,6936.085
30614,4950.148
30615,4232.5806
30616,3252.378
30617,8516.654
30618,5013.4053
30619,6469.2314
30620,6742.618
30621,4292.2305
30622,6168.771
30623,5510.3184
30624,3188.603
30625,7483.357
30626,8690.508
30627,3538.2932
30628,6963.2954
30629,5567.239
30630,5039.295
30631,8599.856
30632,5799.271
30633,6557.8613
30634,4017.3164
30635,3902.0854
30636,6430.634
30637,3264.5754
30638,6924.6426
30639,3394.849
30640,5435.118
30641,3955.4824
30642,4936.196
30643,5025.3794
30644,6258.9956
30645,5482.464
30646,7141.311
30647,5052.0635
30648,6550.9595
30649,5034.8027
30650,7523.9443
30651,8784.41
30652,6463.058
30653,2692.4243
30654,5360.0137
30655,6089.963
30656,3385.454
30657,9936.418
30658,4512.707
30659,5732.2314
30660,9436.17
30661,6276.5244
30662,3158.1333
30663,8152.968
30664,8857.057
30665,4937.8916
30666,7781.834
30667,7403.6855
30668,5321.4146
30669,4952.4575
30670,5793.427
30671,4329.6265
30672,5299.6787
30673,6273.6694
30674,3751.5442
30675,5865.0576
30676,6136.295
30677,5569.815
30678,6288.1494
30679,5293.3433
30680,6006.172
30681,4825.1753
30682,6064.423
30683,6104.9854
30684,5715.28
30685,5816.1943
30686,6143.9087
30687,8431.94
30688,4849.821
30689,4331.7124
30690,5341.0386
30691,6456.416
30692,5785.3755
30693,3950.5425
30694,3761.9583
30695,6287.28
30696,6558.787
30697,5312.1895
30698,6572.991
30699,4838.615
30700,5688.25
30701,4117.5854
30702,2463.714
30703,5561.374
30704,5662.5254
30705,5298.0513
30706,7448.933
30707,6929.459
30708,4057.1565
30709,7162.2734
30710,3481.621
30711,2349.5742
30712,5707.119
30713,10868.494
30714,6797.0713
30715,6042.2056
30716,3510.9814
30717,5587.7954
30718,7594.37
30719,5114.1294
30720,6657.7886
30721,4039.4504
30722,4149.797
30723,4321.131
30724,5042.1943
30725,4231.6357
30726,4120.061
30727,3949.401
30728,3780.7954
30729,5728.744
30730,5857.1523
30731,4258.7104
30732,5538.7793
30733,6274.3755
30734,5136.4517
30735,4058.519
30736,7820.6226
30737,6278.907
30738,4440.538
30739,2952.2024
30740,9351.324
30741,5191.3374
30742,4241.545
30743,6600.8926
30744,7215.537
30745,6456.687
30746,5090.093
30747,6574.226
30748,7470.121
30749,11631.453
30750,4362.6597
30751,4006.7346
30752,4443.445
30753,5937.755
30754,4726.488
30755,7131.6523
30756,7590.4233
30757,4883.793
30758,3344.5073
30759,4486.0503
30760,10186.426
30761,3987.2397
30762,6361.331
30763,3145.046
30764,5770.9854
30765,6680.0327
30766,6201.8623
30767,6799.451
30768,5501.3066
30769,3691.2458
30770,5077.8145
30771,6108.23
30772,7329.782
30773,6331.6875
30774,6873.362
30775,4934.332
30776,3882.963
30777,9095.98
30778,3555.3696
30779,8473.063
30780,5038.882
30781,3709.5698
30782,5982.838
30783,4974.9097
30784,6146.042
30785,7681.5645
30786,3569.3162
30787,3658.3154
30788,6047.683
30789,6891.605
30790,9172.831
30791,4641.642
30792,5154.602
30793,4620.8706
30794,5379.8154
30795,4248.0684
30796,9008.71
30797,7845.5464
30798,11961.147
30799,3959.0308
30800,5168.6484
30801,9217.427
30802,10233.089
30803,4158.523
30804,8950.087
30805,5599.2505
30806,4580.304
30807,4244.5117
30808,3940.5537
30809,4640.6284
30810,5135.4526
30811,3702.3792
30812,4072.0024
30813,7505.4233
30814,5864.5986
30815,23006.473
30816,5535.088
30817,3397.4927
30818,5833.6963
30819,9598.524
30820,5713.759
30821,6742.001
30822,4969.4883
30823,6530.8516
30824,6672.5376
30825,3686.151
30826,4506.4355
30827,5527.7646
30828,6779.402
30829,5779.7607
30830,7012.464
30831,4272.541
30832,3943.626
30833,4419.6543
30834,9130.07
30835,8814.112
30836,8370.824
30837,6573.988
30838,3463.0913
30839,4804.197
30840,3290.9976
30841,7378.7295
30842,8994.432
30843,9051.265
30844,4880.0166
30845,3997.7551
30846,3823.0283
30847,4212.2285
30848,9068.599
30849,4759.6826
30850,4301.654
30851,3935.4336
30852,6387.268
30853,2936.7976
30854,6461.326
30855,3600.7244
30856,5742.487
30857,4843.0527
30858,5197.1987
30859,6598.4062
30860,5716.659
30861,4377.629
30862,5703.1196
30863,5607.0586
30864,9843.966
30865,4864.911
30866,7257.5786
30867,7148.6167
30868,7244.3345
30869,5431.755
30870,7129.551
30871,3419.61
30872,4067.0605
30873,5117.321
30874,5602.3438
30875,7462.309
30876,6465.931
30877,4898.709
30878,6533.8364
30879,6128.3516
30880,7299.0156
30881,3196.6833
30882,12245.825
30883,3778.3762
30884,5072.5474
30885,7573.7544
30886,3591.2358
30887,4564.6416
30888,4858.0435
30889,6310.705
30890,4641.2793
30891,4056.1426
30892,6399.44
30893,6048.104
30894,5891.179
30895,4263.9014
30896,6416.915
30897,10681.523
30898,5731.5483
30899,4743.045
30900,5455.1924
30901,5400.17
30902,4746.67
30903,6404.887
30904,3215.4316
30905,6974.602
30906,5090.943
30907,5564.4463
30908,10334.625
30909,3814.162
30910,3887.2507
30911,4008.279
30912,6813.9746
30913,6505.337
30914,3852.9653
30915,3900.9578
30916,5605.508
30917,4811.0205
30918,4546.894
30919,5899.6143
30920,5248.3315
30921,6526.4927
30922,4179.8394
30923,3809.5586
30924,5179.2197
30925,6263.6777
30926,6403.36
30927,6352.036
30928,6906.76
30929,4250.431
30930,7761.8047
30931,4874.815
30932,4871.8354
30933,7317.809
30934,4949.964
30935,9304.767
30936,6605.3013
30937,6071.0557
30938,4656.5117
30939,6679.663
30940,6237.2847
30941,5273.769
30942,3253.9512
30943,5074.667
30944,6829.5513
30945,4347.1025
30946,3609.0083
30947,6907.8667
30948,5679.527
30949,4796.1885
30950,4890.133
30951,4438.099
30952,6629.8613
30953,5924.8164
30954,4907.993
30955,4202.087
30956,4231.555
30957,5440.71
30958,3319.1877
30959,5817.149
30960,4275.6025
30961,6974.3027
30962,6601.875
30963,5581.451
30964,11608.457
30965,4452.3037
30966,4076.1685
30967,9820.034
30968,5563.7773
30969,6690.0815
30970,6566.643
30971,4356.991
30972,5230.375
30973,4771.5015
30974,6754.926
30975,9941.006
30976,6768.121
30977,2335.3848
30978,4184.0083
30979,7372.6157
30980,7581.7695
30981,4756.6733
30982,5042.074
30983,3954.377
30984,3843.1243
30985,2815.7456
30986,4229.4404
30987,5303.3193
30988,5872.917
30989,5547.313
30990,5290.209
30991,6361.1187
30992,7530.42
30993,6318.27
30994,3793.501
30995,8615.529
30996,8332.859
30997,4383.663
30998,5926.082
30999,4409.6445
31000,5588.739
31001,2994.7747
31002,5530.6494
31003,3943.4717
31004,8311.38
31005,5898.241
31006,6177.2793
31007,7087.7437
31008,4582.2314
31009,6806.3613
31010,20082.48
31011,8058.409
31012,4837.5356
31013,2470.466
31014,4807.3457
31015,7320.05
31016,4641.3057
31017,9554.892
31018,18409.209
31019,3536.6196
31020,4669.4595
31021,8321.962
31022,3845.9297
31023,6999.974
31024,5105.3613
31025,7019.611
31026,4114.3896
31027,5282.0806
31028,4672.378
31029,6450.23
31030,7654.9487
31031,5129.069
31032,5010.838
31033,6204.803
31034,4290.036
31035,4558.624
31036,6563.85
31037,4069.486
31038,4674.094
31039,6023.1416
31040,5475.8423
31041,5161.8545
31042,5859.1304
31043,6207.4253
31044,6622.3784
31045,9911.458
31046,6614.4307
31047,4854.532
31048,2962.5708
31049,5183.658
31050,5500.252
31051,4660.711
31052,3962.7488
31053,7716.9604
31054,4967.4077
31055,9015.242
31056,5910.192
31057,4442.504
31058,4138.3926
31059,4200.0674
31060,8394.026
31061,4222.052
31062,6356.1816
31063,15610.389
31064,5937.2227
31065,5315.251
31066,4281.276
31067,3926.5764
31068,5497.362
31069,3556.54
31070,4952.703
31071,9388.358
31072,4033.7402
31073,11241.35
31074,12255.722
31075,4265.842
31076,5775.187
31077,4630.335
31078,5896.1885
31079,4804.1875
31080,9646.662
31081,5918.5522
31082,8606.101
31083,3568.9995
31084,6967.375
31085,4161.404
31086,7021.767
31087,5420.477
31088,5197.1987
31089,5200.085
31090,4664.972
31091,7260.7773
31092,8367.871
31093,4932.666
31094,9201.37
31095,5399.176
31096,7715.304
31097,4730.791
31098,4095.2422
31099,4370.8945
31100,7907.5854
31101,5214.5337
31102,6232.361
31103,5090.782
31104,7875.363
31105,3679.3635
31106,7165.314
31107,6374.657
31108,3148.498
31109,13684.076
31110,17453.705
31111,5639.875
31112,5972.552
31113,7876.805
31114,8886.817
31115,10081.643
31116,4355.6113
31117,5941.9077
31118,5152.1245
31119,6924.134
31120,3396.1511
31121,5076.642
31122,4552.909
31123,4685.687
31124,6708.696
31125,4330.4565
31126,3698.655
31127,5726.466
31128,3536.0864
31129,3793.3418
31130,5019.4966
31131,4864.554
31132,7812.0566
31133,7183.886
31134,5820.1514
31135,5348.262
31136,5386.4907
31137,10416.483
31138,6126.9023
31139,4213.7476
31140,3829.3572
31141,8602.563
31142,3833.4617
31143,5822.156
31144,2649.0625
31145,4293.6514
31146,6183.7046
31147,5327.082
31148,4097.9385
31149,7116.3433
31150,8426.892
31151,10809.353
31152,6047.216
31153,8232.798
31154,2722.3457
31155,3978.6494
31156,5235.696
31157,3440.9915
31158,8128.9976
31159,3864.5679
31160,4482.5596
31161,7691.535
31162,9143.63
31163,7576.608
31164,4610.871
31165,4169.577
31166,11441.393
31167,6402.6577
31168,5250.82
31169,4171.5503
31170,6231.683
31171,7846.6987
31172,3624.5342
31173,5005.86
31174,6796.9155
31175,6881.0957
31176,12925.408
31177,5463.045
31178,11471.572
31179,5274.3477
31180,4339.1606
31181,2987.6094
31182,5426.509
31183,4809.6714
31184,4365.2905
31185,7124.826
31186,4041.127
31187,3831.4326
31188,6125.944
31189,3268.48
31190,6632.138
31191,5378.3433
31192,6387.4937
31193,7273.108
31194,4215.5005
31195,7624.3813
31196,5566.113
31197,4141.99
31198,4772.125
31199,3991.0679
31200,8856.28
31201,5380.077
31202,3831.8896
31203,5913.592
31204,7548.4624
31205,6636.878
31206,4939.9546
31207,7550.4497
31208,4859.7026
31209,4619.848
31210,4242.8726
31211,6891.3813
31212,5186.205
31213,5668.07
31214,4486.838
31215,4400.161
31216,3908.851
31217,4232.8105
31218,6787.218
31219,8519.733
31220,9455.666
31221,9645.898
31222,6983.1494
31223,8146.477
31224,4407.3906
31225,10331.441
31226,9152.939
31227,5853.198
31228,7275.5366
31229,7121.49
31230,5128.5015
31231,3318.675
31232,10253.89
31233,5316.782
31234,6140.5107
31235,4900.167
31236,2077.3457
31237,9900.035
31238,4808.3364
31239,3776.1277
31240,4203.6626
31241,4161.054
31242,5712.407
31243,6258.978
31244,5810.3447
31245,4609.8423
31246,3776.214
31247,3552.1797
31248,2974.502
31249,5814.375
31250,15002.9795
31251,3762.572
31252,4896.009
31253,6040.0215
31254,4546.6123
31255,3656.7246
31256,4214.25
31257,3472.102
31258,6738.394
31259,5463.4463
31260,3191.1167
31261,7590.7275
31262,4071.785
31263,4202.664
31264,11351.318
31265,6374.84
31266,8805.928
31267,4547.9565
31268,5127.557
31269,3742.7974
31270,4085.4878
31271,17193.553
31272,8492.903
31273,5434.1646
31274,4261.9414
31275,4100.59
31276,4862.5547
31277,3759.9385
31278,9330.396
31279,4481.6406
31280,4464.7607
31281,5928.293
31282,3715.2148
31283,5270.777
31284,5826.0835
31285,5485.655
31286,5823.1333
31287,3514.785
31288,4856.714
31289,4861.808
31290,7503.4766
31291,6905.054
31292,6057.717
31293,3478.1885
31294,6857.469
31295,5120.06
31296,4040.2983
31297,5755.324
31298,6277.3564
31299,5040.127
31300,5593.9976
31301,5004.3228
31302,4906.397
31303,4198.4087
31304,6582.389
31305,5126.1294
31306,4962.1465
31307,7110.2915
31308,4997.3345
31309,3929.7952
31310,10143.903
31311,4582.568
31312,2618.347
31313,6348.977
31314,6902.611
31315,8900.186
31316,4194.382
31317,5303.0464
31318,5122.605
31319,6369.6855
31320,4554.6294
31321,6717.077
31322,2507.292
31323,4670.2705
31324,4639.513
31325,4225.4644
31326,4472.1943
31327,5551.6484
31328,5761.877
31329,5271.6465
31330,6619.991
31331,5452.857
31332,7291.2505
31333,3866.0059
31334,5353.075
31335,5616.2974
31336,6406.109
31337,6772.2925
31338,3113.6523
31339,6993.621
31340,5144.086
31341,6044.488
31342,4164.0405
31343,3656.6582
31344,6811.7
31345,4807.965
31346,7811.5127
31347,5332.5474
31348,4796.545
31349,6638.3657
31350,5384.0044
31351,4855.889
31352,6834.8037
31353,4857.6357
31354,8356.514
31355,8815.264
31356,6732.9717
31357,4069.3464
31358,4373.013
31359,3547.1443
31360,2772.744
31361,6499.5938
31362,4507.699
31363,7864.749
31364,3548.0378
31365,4346.8164
31366,4836.1885
31367,8226.377
31368,4212.8794
31369,4239.377
31370,4262.3237
31371,4114.633
31372,4010.1377
31373,6389.9614
31374,6520.445
31375,6286.2363
31376,6282.8135
31377,5677.9937
31378,4996.834
31379,4038.2214
31380,4209.2197
31381,9183.414
31382,7748.5493
31383,9716.99
31384,13570.833
31385,4309.9175
31386,3596.5122
31387,5331.1235
31388,7508.1655
31389,7951.178
31390,6242.1235
31391,6796.909
31392,6957.7983
31393,6325.4395
31394,5153.373
31395,4350.168
31396,4066.6921
31397,3776.7869
31398,3467.994
31399,4271.298
31400,6158.647
31401,17787.633
31402,5785.1826
31403,4395.907
31404,6137.6704
31405,3418.9087
31406,5563.9897
31407,3691.6614
31408,7450.844
31409,5305.5205
31410,5613.759
31411,12683.129
31412,9752.076
31413,4624.1025
31414,6075.8755
31415,3306.2595
31416,4305.5864
31417,4613.458
31418,6546.387
31419,3752.3567
31420,3526.0417
31421,4729.2476
31422,4263.2505
31423,5814.8354
31424,5783.2183
31425,3415.4045
31426,6132.299
31427,7740.0625
31428,5120.8853
31429,3891.9072
31430,3179.6453
31431,7146.04
31432,4126.0825
31433,9092.269
31434,3744.3792
31435,4823.703
31436,5953.475
31437,4434.777
31438,3877.4883
31439,4276.3286
31440,5044.056
31441,8620.493
31442,8558.329
31443,4793.522
31444,3636.8848
31445,5175.1704
31446,7444.288
31447,3891.6177
31448,4414.303
31449,5154.243
31450,10342.296
31451,6483.5137
31452,5550.6
31453,5238.973
31454,4142.646
31455,8106.173
31456,4576.391
31457,11798.141
31458,5003.683
31459,4103.838
31460,4588.7617
31461,3486.4968
31462,5350.9106
31463,19488.799
31464,3221.8674
31465,3987.046
31466,8287.838
31467,5135.7954
31468,6006.4756
31469,6871.959
31470,4832.559
31471,4088.7861
31472,3213.9353
31473,8515.289
31474,5010.9
31475,6457.475
31476,6608.5723
31477,4249.7744
31478,6041.456
31479,5440.0767
31480,3131.003
31481,7477.7344
31482,8814.137
31483,3533.8542
31484,6787.47
31485,5387.796
31486,4914.8843
31487,8380.49
31488,5603.728
31489,6483.0005
31490,3986.8406
31491,3772.4949
31492,6361.483
31493,3164.53
31494,6917.1963
31495,3411.3765
31496,5403.993
31497,3955.9011
31498,4794.1714
31499,4994.7607
31500,6228.106
31501,5263.9487
31502,6921.532
31503,4989.923
31504,6495.714
31505,5005.841
31506,7517.101
31507,8783.506
31508,6449.787
31509,2602.8057
31510,5294.6865
31511,6089.9976
31512,3356.1697
31513,9796.096
31514,4375.333
31515,5723.73
31516,9443.5625
31517,6222.4116
31518,3149.8682
31519,8256.428
31520,8857.031
31521,4874.8613
31522,7802.532
31523,7340.7734
31524,5139.775
31525,4933.551
31526,5799.3706
31527,4330.8613
31528,5246.6846
31529,6091.5547
31530,3762.4607
31531,5768.4756
31532,5998.174
31533,5582.3457
31534,6157.543
31535,5278.6206
31536,5968.668
31537,4773.409
31538,5989.181
31539,6114.712
31540,5669.7676
31541,5780.9404
31542,5965.441
31543,8417.806
31544,4742.787
31545,4309.0293
31546,5165.514
31547,6276.71
31548,5751.406
31549,3904.4536
31550,3757.7153
31551,6236.8027
31552,6359.8203
31553,5320.146
31554,6438.066
31555,4682.6533
31556,5673.603
31557,3997.0535
31558,2471.4019
31559,5400.7056
31560,5515.009
31561,5275.253
31562,7433.5884
31563,6932.143
31564,4049.6824
31565,7143.096
31566,3436.032
31567,2331.0718
31568,5599.5923
31569,10890.742
31570,6795.937
31571,6054.1875
31572,3497.3027
31573,5571.345
31574,7565.574
31575,5090.399
31576,6577.5503
31577,4038.2485
31578,4145.3066
31579,4309.0996
31580,4999.594
31581,4214.274
31582,4162.7734
31583,3818.7456
31584,3744.5793
31585,5675.4653
31586,5887.0674
31587,4141.3423
31588,5513.752
31589,6219.1895
31590,5137.525
31591,4037.9326
31592,7635.239
31593,6261.647
31594,4257.0776
31595,2965.278
31596,9358.382
31597,4997.0625
31598,4206.864
31599,6425.1953
31600,7181.3994
31601,6410.675
31602,5038.036
31603,6570.6216
31604,7409.4995
31605,11714.227
31606,4388.349
31607,3918.5503
31608,4302.0884
31609,5904.3994
31610,4543.105
31611,7069.359
31612,7551.8037
31613,4803.917
31614,3353.2927
31615,4412.6025
31616,10461.605
31617,4009.9656
31618,6189.718
31619,3120.4531
31620,5561.411
31621,6614.6006
31622,6172.0493
31623,6822.3896
31624,5460.664
31625,3547.114
31626,4932.6846
31627,6120.425
31628,7263.5273
31629,6294.9424
31630,6682.1353
31631,4803.408
31632,3855.9363
31633,9013.067
31634,3550.1877
31635,8407.078
31636,4865.227
31637,3567.182
31638,5948.3667
31639,4963.193
31640,6175.4526
31641,7637.963
31642,3566.8179
31643,3658.9507
31644,5905.813
31645,6832.099
31646,9137.301
31647,4464.326
31648,5124.927
31649,4655.9077
31650,5244.6333
31651,4254.7437
31652,8790.965
31653,7826.525
31654,11934.778
31655,3815.7852
31656,5127.9487
31657,8947.1
31658,10300.586
31659,4200.2437
31660,8785.433
31661,5544.52
31662,4428.1406
31663,4103.3604
31664,3884.5818
31665,4625.558
31666,5103.55
31667,3645.1443
31668,4096.0195
31669,7408.2275
31670,5824.5054
31671,22967.188
31672,5354.1167
31673,3437.5432
31674,5748.669
31675,9379.488
31676,5797.0254
31677,6761.0107
31678,5071.488
31679,6524.109
31680,6671.2837
31681,3475.3462
31682,4490.023
31683,5426.6694
31684,6785.3794
31685,5744.596
31686,6860.9365
31687,4246.071
31688,3956.403
31689,4380.758
31690,9021.298
31691,8647.719
31692,8279.368
31693,6572.646
31694,3449.178
31695,4729.6133
31696,3148.2488
31697,7377.7793
31698,8860.936
31699,8875.873
31700,4840.24
31701,4005.2136
31702,3767.1042
31703,4087.7683
31704,8974.971
31705,4636.191
31706,4211.0273
31707,3919.7615
31708,6384.18
31709,2986.692
31710,6242.421
31711,3541.792
31712,5662.774
31713,4731.9463
31714,5115.476
31715,6471.466
31716,5647.573
31717,4368.5103
31718,5764.4
31719,5541.3267
31720,9602.114
31721,4723.153
31722,7274.8496
31723,7115.7324
31724,7244.4175
31725,5477.399
31726,7000.9556
31727,3442.8662
31728,4123.0293
31729,5181.473
31730,5436.767
31731,7187.7383
31732,6387.11
31733,4970.1475
31734,6432.9033
31735,6076.5884
31736,7159.1997
31737,3198.3518
31738,11971.453
31739,3773.1895
31740,5063.2417
31741,7578.35
31742,3573.4282
31743,4514.554
31744,4763.734
31745,6210.4575
31746,4484.3047
31747,4004.5757
31748,6209.1606
31749,5945.7007
31750,5886.916
31751,4218.328
31752,6523.8228
31753,10465.767
31754,5780.731
31755,4622.1885
31756,5379.318
31757,5509.693
31758,4560.3203
31759,6181.5405
31760,3220.6936
31761,6933.201
31762,5148.332
31763,5532.069
31764,10672.409
31765,3844.224
31766,3814.4314
31767,3914.407
31768,6749.9927
31769,6498.521
31770,3884.9004
31771,3914.2576
31772,5468.0186
31773,4740.9824
31774,4502.1733
31775,5879.1836
31776,5267.535
31777,6560.508
31778,4137.6343
31779,3831.9333
31780,5133.6304
31781,6168.6357
31782,6192.5938
31783,6410.522
31784,6834.426
31785,4156.8413
31786,7355.2603
31787,4941.7173
31788,4792.2783
31789,7183.256
31790,4832.3423
31791,9231.697
31792,6422.175
31793,5960.9985
31794,4554.925
31795,6680.9053
31796,6170.948
31797,5301.7617
31798,3252.2444
31799,5060.2676
31800,6812.1226
31801,4299.34
31802,3575.754
31803,6933.426
31804,5658.233
31805,4727.7505
31806,4923.8516
31807,4481.4053
31808,6667.13
31809,5872.3516
31810,4879.6904
31811,4164.5527
31812,4253.364
31813,5433.247
31814,3309.3708
31815,5773.27
31816,4239.8784
31817,6896.1553
31818,6564.5576
31819,5551.9023
31820,11251.958
31821,4540.341
31822,3890.2036
31823,9767.985
31824,5603.76
31825,6508.0117
31826,6586.145
31827,4153.488
31828,5191.7534
31829,4743.7056
31830,6731.4756
31831,9892.806
31832,6714.0405
31833,2283.0327
31834,4165.26
31835,7279.4165
31836,7419.5415
31837,4488.627
31838,4988.3286
31839,3996.1233
31840,3870.371
31841,2818.4048
31842,4265.744
31843,5202.0146
31844,5676.1475
31845,5681.228
31846,5335.081
31847,6218.3174
31848,7277.487
31849,6256.483
31850,3701.2102
31851,8726.706
31852,8279.353
31853,4441.3516
31854,5859.432
31855,4421.231
31856,5598.1665
31857,2930.422
31858,5554.535
31859,3869.4924
31860,8378.692
31861,5912.938
31862,6131.9595
31863,7053.4233
31864,4464.2026
31865,6787.5156
31866,19171.51
31867,7846.579
31868,4800.66
31869,2395.3867
31870,4722.0444
31871,7280.875
31872,4563.2485
31873,9597.884
31874,19188.395
31875,3474.6997
31876,4676.056
31877,8220.519
31878,3936.8079
31879,7044.905
31880,5140.2896
31881,6988.833
31882,4185.633
31883,5176.8145
31884,4543.9023
31885,6461.8496
31886,7475.7593
31887,4862.091
31888,4950.885
31889,6163.16
31890,4199.05
31891,4630.728
31892,6442.2183
31893,3986.4146
31894,4636.2837
31895,6060.884
31896,5618.355
31897,5184.464
31898,5864.185
31899,6281.2793
31900,6408.132
31901,10282.653
31902,6664.8726
31903,4896.7793
31904,2909.8284
31905,5076.865
31906,5643.233
31907,4658.2266
31908,3954.06
31909,7629.6846
31910,4837.1616
31911,9029.622
31912,6005.5874
31913,4398.025
31914,4119.4556
31915,4099.6436
31916,8224.91
31917,4108.8516
31918,6353.49
31919,15119.922
31920,5759.7065
31921,5271.043
31922,4160.5264
31923,3955.4521
31924,5532.322
31925,3518.626
31926,4919.6313
31927,9340.734
31928,3929.2966
31929,11108.465
31930,12317.267
31931,4144.33
31932,5846.2183
31933,4604.6475
31934,5919.9976
31935,4844.753
31936,9240.013
31937,5729.378
31938,8551.174
31939,3580.833
31940,6936.8193
31941,3992.652
31942,6925.8247
31943,5327.748
31944,5134.566
31945,5068.277
31946,4792.557
31947,7215.826
31948,8318.232
31949,4770.45
31950,9125.403
31951,5326.483
31952,7761.96
31953,4627.028
31954,3945.4019
31955,4357.6934
31956,7755.7734
31957,5173.29
31958,6050.8047
31959,5018.4434
31960,7768.2036
31961,3517.9883
31962,7100.634
31963,6391.3633
31964,3136.369
31965,13340.011
31966,17095.512
31967,5551.5527
31968,5916.1875
31969,7830.5796
31970,8866.117
31971,9981.393
31972,4365.1196
31973,5994.9707
31974,5110.789
31975,6854.605
31976,3400.025
31977,5034.606
31978,4536.2974
31979,4669.482
31980,6719.6724
31981,4324.236
31982,3678.2756
31983,5563.0503
31984,3528.4207
31985,3782.6208
31986,4983.829
31987,4845.853
31988,7744.5522
31989,7003.7144
31990,5864.1177
31991,5244.603
31992,5288.6396
31993,10319.644
31994,6112.922
31995,4196.4067
31996,3729.7632
31997,8446.018
31998,3858.9463
31999,5748.543
32000,2625.675
32001,4346.7
32002,6179.2476
32003,5188.12
32004,3891.1907
32005,6909.7515
32006,8383.192
32007,10766.108
32008,6028.2856
32009,8076.9307
32010,2724.7
32011,3907.7883
32012,5207.6597
32013,3434.354
32014,8124.169
32015,3870.5076
32016,4524.4956
32017,7675.464
32018,9185.98
32019,7391.0557
32020,4672.904
32021,4178.46
32022,12127.932
32023,6260.656
32024,5304.1543
32025,3969.8843
32026,6256.811
32027,7809.747
32028,3512.6497
32029,5046.207
32030,6713.599
32031,6905.838
32032,12526.259
32033,5449.4873
32034,11347.897
32035,5170.0195
32036,4347.9775
32037,3009.0078
32038,5456.561
32039,4705.206
32040,4323.3945
32041,7078.3125
32042,3913.8245
32043,3819.0115
32044,6022.4697
32045,3274.8813
32046,6589.0728
32047,5218.4995
32048,6380.613
32049,7195.963
32050,4106.3203
32051,7702.5327
32052,5533.578
32053,4094.387
32054,4571.1904
32055,4026.2246
32056,8945.0
32057,5464.7646
32058,3870.7698
32059,5860.3823
32060,7451.0503
32061,6599.149
32062,5012.8647
32063,7511.79
32064,4956.38
32065,4718.357
32066,4198.2446
32067,6743.924
32068,5174.6274
32069,5638.826
32070,4366.294
32071,4368.1436
32072,3879.353
32073,4064.435
32074,6583.281
32075,8601.078
32076,9347.08
32077,9457.128
32078,6860.014
32079,8251.696
32080,4444.5723
32081,10230.845
32082,9056.161
32083,5730.81
32084,7278.16
32085,7005.919
32086,5160.456
32087,3391.447
32088,10090.753
32089,5189.392
32090,6210.3154
32091,4866.1597
32092,2104.0918
32093,9626.065
32094,4632.9062
32095,3747.6096
32096,4255.616
32097,4171.4907
32098,5780.4004
32099,6340.075
32100,5755.9883
32101,4658.591
32102,3689.799
32103,3584.873
32104,3007.3203
32105,5716.801
32106,15203.574
32107,3747.195
32108,4783.9565
32109,6080.1426
32110,4566.1353
32111,3628.5264
32112,4132.3843
32113,3502.538
32114,6567.0312
32115,5323.7144
32116,3201.0532
32117,7513.058
32118,4123.6587
32119,4197.1274
32120,11743.121
32121,6171.1484
32122,8803.165
32123,4622.859
32124,5274.252
32125,3714.832
32126,4106.6533
32127,16544.21
32128,8330.094
32129,5319.43
32130,4303.3813
32131,3952.5667
32132,4828.15
32133,3788.76
32134,9058.597
32135,4499.0693
32136,4436.761
32137,5744.3936
32138,3632.1384
32139,5360.9185
32140,5849.2915
32141,5367.816
32142,5650.8438
32143,3538.4622
32144,4806.195
32145,4737.4834
32146,7510.0776
32147,6847.417
32148,5986.0854
32149,3512.06
32150,6630.2915
32151,5159.083
32152,4098.2593
32153,5698.345
32154,6274.0044
32155,5011.5884
32156,5608.4014
32157,5112.7393
32158,4801.324
32159,4115.249
32160,6636.846
32161,4942.3823
32162,4953.601
32163,6895.695
32164,4874.1313
32165,3936.3647
32166,10041.146
32167,4584.61
32168,2549.3079
32169,6360.027
32170,6806.7964
32171,8850.749
32172,4260.092
32173,5333.6973
32174,5095.111
32175,6406.384
32176,4448.763
32177,6647.655
32178,2467.3062
32179,4684.5654
32180,4576.0596
32181,4269.4937
32182,4507.493
32183,5539.1914
32184,5833.8906
32185,5251.075
32186,6714.6235
32187,5373.9893
32188,7253.7446
32189,3678.9177
32190,5172.017
32191,5600.719
32192,6148.0005
32193,6706.7124
32194,3084.643
32195,7079.3184
32196,5068.0107
32197,5985.5317
32198,4169.3384
32199,3634.7
32200,6658.9507
32201,4785.714
32202,7791.0205
32203,5255.886
32204,4851.8984
32205,6528.703
32206,5452.857
32207,4864.1597
32208,6743.1714
32209,4869.3403
32210,8384.656
32211,8696.61
32212,6801.9873
32213,4122.05
32214,4285.423
32215,3537.6353
32216,2769.5554
32217,6419.7495
32218,4347.6333
32219,7891.2734
32220,3457.305
32221,4171.431
32222,4835.2197
32223,8151.7393
32224,4032.5015
32225,4122.809
32226,4220.731
32227,4224.2476
32228,3923.7905
32229,6234.721
32230,6486.99
32231,6432.9097
32232,6188.118
32233,5643.793
32234,4873.476
32235,4143.6816
32236,4041.3584
32237,8971.735
32238,7593.5444
32239,9828.242
32240,13649.561
32241,4320.1997
32242,3552.8098
32243,5341.385
32244,7427.075
32245,7765.7886
32246,6209.0005
32247,6732.06
32248,6903.5
32249,6284.5273
32250,5087.1562
32251,4242.4517
32252,4083.754
32253,3650.2073
32254,3482.1326
32255,4269.962
32256,6067.304
32257,17191.373
32258,5800.0786
32259,4331.064
32260,6114.0474
32261,3323.7188
32262,5357.279
32263,3551.573
32264,7346.3
32265,5168.1357
32266,5612.458
32267,12444.927
32268,9621.329
32269,4679.684
32270,6025.831
32271,3292.8252
32272,4423.3784
32273,4680.4966
32274,6350.909
32275,3713.985
32276,3380.6553
32277,4744.801
32278,4199.5703
32279,5808.876
32280,5711.6826
32281,3371.5923
32282,6062.775
32283,7702.011
32284,4958.735
32285,3869.6143
32286,3096.779
32287,7125.968
32288,4102.5933
32289,9040.411
32290,3729.0552
32291,4642.249
32292,5918.609
32293,4403.0664
32294,3812.2742
32295,4052.3718
32296,4993.289
32297,8693.832
32298,8472.789
32299,4684.6147
32300,3705.234
32301,5245.6235
32302,7640.0615
32303,3918.2585
32304,4405.6416
32305,5225.483
32306,10102.944
32307,6489.911
32308,5532.9976
32309,5247.2
32310,4134.62
32311,8051.0723
32312,4675.414
32313,11638.521
32314,4979.6475
32315,3999.4373
32316,4567.0806
32317,3476.3542
32318,5521.299
32319,18550.363
32320,3194.8389
32321,3840.9949
32322,8180.1675
32323,5086.37
32324,6001.745
32325,6889.4756
32326,4758.7246
32327,3950.1055
32328,3259.7239
32329,8432.962
32330,5014.4
32331,6527.4517
32332,6533.855
32333,4231.434
32334,5824.772
32335,5426.214
32336,3097.5708
32337,7441.6895
32338,8852.767
32339,3558.9497
32340,6766.5913
32341,5313.583
32342,4917.1914
32343,8274.236
32344,5525.624
32345,6415.899
32346,4060.3467
32347,3691.5698
32348,6254.2153
32349,3117.082
32350,6904.402
32351,3407.7043
32352,5440.6997
32353,3978.3496
32354,4693.5063
32355,5023.295
32356,6203.022
32357,5116.813
32358,6791.524
32359,4975.327
32360,6407.7954
32361,5016.3755
32362,7549.9243
32363,8718.212
32364,6508.3716
32365,2538.9907
32366,5264.3857
32367,6145.7725
32368,3344.788
32369,9611.441
32370,4268.699
32371,5779.744
32372,9544.408
32373,6253.4937
32374,3211.903
32375,7743.769
32376,8737.559
32377,4880.026
32378,7861.944
32379,7244.3066
32380,4984.571
32381,4972.9688
32382,5811.331
32383,4153.9834
32384,5227.3574
32385,6018.685
32386,3721.9617
32387,5722.8296
32388,5877.423
32389,5648.284
32390,6098.659
32391,5322.8667
32392,6009.14
32393,4793.7964
32394,5927.846
32395,6061.4565
32396,5624.1777
32397,5807.364
32398,5907.126
32399,8510.045
32400,4734.262
32401,4318.189
32402,5084.8857
32403,6144.893
32404,5844.529
32405,3892.234
32406,3763.5195
32407,6243.725
32408,6467.0107
32409,5395.397
32410,6373.5874
32411,4575.0034
32412,5661.143
32413,3911.3462
32414,2424.7944
32415,5346.8086
32416,5449.9966
32417,5330.935
32418,7402.033
32419,7033.2764
32420,4078.5488
32421,7082.6753
32422,3416.2646
32423,2366.2598
32424,5559.364
32425,10690.318
32426,6706.117
32427,6089.109
32428,3524.2595
32429,5591.277
32430,7512.2627
32431,5086.831
32432,6508.7754
32433,4026.3208
32434,4221.738
32435,4337.625
32436,5022.164
32437,4269.4404
32438,4155.6084
32439,3762.9849
32440,3759.9636
32441,5601.836
32442,5890.359
32443,4045.412
32444,5516.324
32445,6209.4688
32446,5214.8223
32447,4054.5334
32448,7513.0225
32449,6182.3013
32450,4111.3296
32451,2949.6912
32452,9241.467
32453,4833.684
32454,4165.9316
32455,6269.326
32456,7307.131
32457,6438.2437
32458,5062.189
32459,6635.2764
32460,7342.195
32461,11494.056
32462,4397.4126
32463,3907.9226
32464,4171.9883
32465,5947.5723
32466,4396.2637
32467,7080.7026
32468,7469.159
32469,4761.0674
32470,3324.629
32471,4394.2886
32472,10557.742
32473,3953.223
32474,6096.036
32475,3125.5566
32476,5434.1646
32477,6572.3765
32478,6066.3843
32479,6973.259
32480,5335.6714
32481,3413.5967
32482,4901.3916
32483,6093.0947
32484,7231.5835
32485,6195.849
32486,6540.3394
32487,4756.551
32488,3876.734
32489,8987.683
32490,3569.643
32491,8382.018
32492,4719.793
32493,3438.9536
32494,6020.4478
32495,4998.5835
32496,6074.1025
32497,7572.136
32498,3545.7336
32499,3625.5405
32500,5797.363
32501,6839.0166
32502,9021.806
32503,4351.488
32504,5202.2925
32505,4762.9297
32506,5259.6074
32507,4233.5415
32508,8666.595
32509,7790.493
32510,11595.499
32511,3701.768
32512,5101.2285
32513,9078.378
32514,10391.17
32515,4190.011
32516,8703.855
32517,5523.021
32518,4382.998
32519,4010.673
32520,3837.8816
32521,4609.288
32522,5114.222
32523,3621.5273
32524,4093.3833
32525,7355.4214
32526,5834.102
32527,21433.342
32528,5269.2637
32529,3812.4888
32530,6147.097
32531,10840.016
32532,6445.316
32533,7649.8906
32534,5559.5864
32535,7302.7554
32536,7404.808
32537,2821.3115
32538,4923.889
32539,6303.889
32540,7685.932
32541,6384.217
32542,8048.6846
32543,4810.52
32544,4330.114
32545,5005.535
32546,10281.986
32547,9864.906
32548,9168.79
32549,7804.862
32550,3830.0476
32551,5463.884
32552,2359.4922
32553,8393.089
32554,10671.615
32555,10491.732
32556,5597.4937
32557,4371.4116
32558,3967.329
32559,4679.778
32560,10245.267
32561,5210.9688
32562,4712.168
32563,4372.4165
32564,7219.144
32565,3271.222
32566,7186.902
32567,3980.2551
32568,6153.0396
32569,5425.7896
32570,5528.6133
32571,7584.916
32572,6234.5903
32573,4799.978
32574,6497.7153
32575,6210.896
32576,11459.008
32577,5197.9126
32578,8309.232
32579,8037.9365
32580,8318.827
32581,6192.4165
32582,7470.962
32583,3715.75
32584,4566.6973
32585,5848.405
32586,6206.046
32587,8465.431
32588,7539.5903
32589,5534.9717
32590,7349.769
32591,6783.5156
32592,7639.4785
32593,3517.4246
32594,13996.309
32595,4166.7065
32596,5663.8433
32597,8548.964
32598,3957.9849
32599,4954.754
32600,5070.235
32601,7224.2964
32602,5098.5093
32603,4562.8394
32604,7011.574
32605,6974.8286
32606,6629.096
32607,4631.1035
32608,7177.572
32609,13083.295
32610,6479.588
32611,5003.1484
32612,6174.9463
32613,6057.2837
32614,5171.213
32615,7278.57
32616,3525.6853
32617,8237.439
32618,5758.3003
32619,6301.953
32620,12893.643
32621,4245.346
32622,4228.6904
32623,4373.91
32624,7944.9546
32625,7126.274
32626,4312.8047
32627,4442.233
32628,6331.18
32629,5370.5664
32630,4868.444
32631,6614.6133
32632,5745.2646
32633,7285.7793
32634,4702.523
32635,4226.6655
32636,5905.616
32637,6851.729
32638,4875.1914
32639,7688.301
32640,8040.9575
32641,4684.083
32642,8493.373
32643,5560.684
32644,4983.8813
32645,8251.413
32646,5404.1274
32647,10616.5
32648,7117.6465
32649,6811.005
32650,5135.3643
32651,7531.6123
32652,7167.153
32653,5758.0806
32654,3464.664
32655,5674.572
32656,7550.342
32657,4883.5273
32658,3876.1829
32659,7831.431
32660,6349.268
32661,5033.8906
32662,5588.718
32663,4999.485
32664,7587.123
32665,6775.0903
32666,5226.0015
32667,4813.159
32668,4667.2017
32669,6394.2417
32670,3658.7693
32671,6330.715
32672,4706.737
32673,7955.123
32674,7417.0933
32675,6203.4126
32676,14319.967
32677,5079.7715
32678,4231.7935
32679,11318.756
32680,6387.0244
32681,7566.115
32682,7357.7373
32683,4596.2617
32684,5981.069
32685,5254.9385
32686,7581.864
32687,11329.113
32688,6825.67
32689,2497.967
32690,4481.2
32691,8654.336
32692,8605.214
32693,3654.9355
32694,5476.2393
32695,4520.1646
32696,4241.573
32697,3074.2583
32698,4747.766
32699,5998.0654
32700,6494.952
32701,6313.0835
32702,5994.553
32703,7037.967
32704,8393.698
32705,7348.22
32706,4111.2783
32707,9772.542
32708,9750.421
32709,4756.3193
32710,6223.996
32711,5190.659
32712,6618.097
32713,3233.0654
32714,6066.1064
32715,4407.769
32716,9365.239
32717,6720.1143
32718,7095.3193
32719,7954.296
32720,5076.565
32721,7658.286
32722,22923.967
32723,8839.841
32724,5258.2427
32725,2644.8894
32726,5308.087
32727,8379.955
32728,4739.9604
32729,10538.607
32730,22495.936
32731,3830.9065
32732,5231.288
32733,9407.755
32734,4313.294
32735,8044.6245
32736,5452.295
32737,7863.931
32738,4677.9434
32739,5967.8706
32740,4990.908
32741,7214.9863
32742,8862.659
32743,5471.66
32744,5753.2275
32745,6916.2856
32746,4800.3486
32747,5065.9517
32748,7380.123
32749,4485.6055
32750,5252.573
32751,6761.1787
32752,6192.393
32753,5772.5215
32754,6288.125
32755,7043.6484
32756,7280.375
32757,11335.512
32758,7385.503
32759,5446.411
32760,3298.456
32761,5287.5903
32762,6268.525
32763,5292.485
32764,4383.061
32765,8341.081
32766,5260.2593
32767,9530.3545
32768,6634.922
32769,4953.0337
32770,4451.2505
32771,4346.3022
32772,9594.8
32773,4572.4814
32774,7156.7354
32775,17864.53
32776,6520.6626
32777,5735.278
32778,4548.72
32779,4360.5586
32780,6159.575
32781,3862.0322
32782,5543.8906
32783,10751.67
32784,4538.583
32785,11525.254
32786,14063.763
32787,4668.9517
32788,6419.584
32789,5084.095
32790,6604.5264
32791,5429.517
32792,11217.883
32793,6507.8193
32794,9695.817
32795,3914.0896
32796,7804.6016
32797,4474.746
32798,7542.6475
32799,5980.179
32800,5518.277
32801,5848.6724
32802,5401.8906
32803,8606.339
32804,9444.526
32805,5328.373
32806,10306.453
32807,6155.182
32808,8908.704
32809,5039.6123
32810,3298.6543
32811,5085.39
32812,8951.418
32813,5945.105
32814,6771.7695
32815,5768.6685
32816,9304.6875
32817,3900.582
32818,7763.1226
32819,7223.7246
32820,3535.196
32821,15687.222
32822,19356.52
32823,6367.4805
32824,6994.061
32825,9078.421
32826,10120.642
32827,11539.223
32828,4783.8564
32829,6763.52
32830,5993.353
32831,7809.5757
32832,3738.066
32833,5542.5
32834,5179.788
32835,5036.921
32836,7544.259
32837,4797.8267
32838,3996.0051
32839,6390.723
32840,3691.0066
32841,4113.2085
32842,5811.536
32843,5491.482
32844,9042.4375
32845,8132.9297
32846,6667.435
32847,6025.877
32848,6115.797
32849,11960.383
32850,6932.778
32851,4490.0874
32852,4257.3257
32853,9957.944
32854,4250.849
32855,6737.52
32856,2967.1174
32857,4884.4404
32858,6884.9033
32859,5967.0967
32860,4361.873
32861,8099.859
32862,10032.876
32863,12487.087
32864,6300.8354
32865,9186.13
32866,2971.1992
32867,4241.909
32868,6031.7827
32869,3737.5132
32870,9209.764
32871,4213.153
32872,5030.041
32873,8726.706
32874,10284.723
32875,8534.43
32876,5021.5366
32877,4461.1035
32878,15686.025
32879,7265.606
32880,5993.296
32881,4430.156
32882,7006.6606
32883,8599.9795
32884,3997.1716
32885,5645.9033
32886,7796.3877
32887,7820.846
32888,14887.126
32889,6237.9272
32890,13265.864
32891,5623.2715
32892,4953.53
32893,3313.569
32894,6089.301
32895,5288.594
32896,4757.953
32897,7876.1743
32898,4438.569
32899,4219.515
32900,7082.2495
32901,3568.7544
32902,7430.696
32903,5979.7056
32904,7069.6016
32905,8517.783
32906,4540.025
32907,8582.443
32908,6177.9214
32909,4607.653
32910,5172.486
32911,4477.137
32912,9806.145
32913,6222.3105
32914,4180.645
32915,6282.508
32916,8224.157
32917,7389.5825
32918,5376.1377
32919,8484.054
32920,5431.3247
32921,5288.9624
32922,4782.693
32923,7665.353
32924,5743.8784
32925,6016.5903
32926,4956.6353
32927,4961.0625
32928,4225.106
32929,4454.1387
32930,7594.87
32931,9607.043
32932,11275.614
32933,10622.973
32934,8037.768
32935,8993.103
32936,4930.587
32937,11844.106
32938,10465.508
32939,6473.503
32940,8172.798
32941,7806.634
32942,5652.3804
32943,3738.4795
32944,11815.167
32945,6016.4355
32946,7039.3027
32947,5281.6577
32948,2290.2224
32949,11084.324
32950,5225.3936
32951,4269.5586
32952,4732.944
32953,4808.9097
32954,6513.34
32955,6824.889
32956,6361.7983
32957,5371.222
32958,4170.862
32959,3989.0242
32960,3272.0178
32961,6508.8125
32962,16983.492
32963,4154.8867
32964,5525.029
32965,6884.155
32966,5050.994
32967,4000.7422
32968,4716.0894
32969,3870.308
32970,7718.911
32971,6115.785
32972,3521.3225
32973,8751.587
32974,4501.8296
32975,4630.3657
32976,12461.281
32977,6812.3887
32978,10129.526
32979,5093.25
32980,5870.3857
32981,4209.597
32982,4807.3
32983,19468.94
32984,10033.737
32985,6138.1562
32986,4621.2188
32987,4483.21
32988,5315.8696
32989,4182.328
32990,10619.781
32991,4894.393
32992,5040.271
32993,6419.229
32994,4021.2234
32995,5876.313
32996,6348.5776
32997,6075.528
32998,6255.7427
32999,3905.6604
33000,5282.484
33001,5394.9546
33002,8779.829
33003,7631.4746
33004,6873.8735
33005,3702.577
33006,7792.1504
33007,5754.2754
33008,4547.1846
33009,6155.8105
33010,7032.6724
33011,5412.4224
33012,6305.946
33013,5652.467
33014,5541.522
33015,4756.1064
33016,7396.0273
33017,5446.707
33018,5545.329
33019,7687.0176
33020,5520.051
33021,4307.9404
33022,12143.477
33023,5166.3516
33024,2827.954
33025,6769.974
33026,7648.3003
33027,9613.156
33028,4754.9087
33029,5922.6465
33030,5669.735
33031,7235.937
33032,4971.0576
33033,7781.596
33034,2728.05
33035,5436.8555
33036,5309.13
33037,4919.73
33038,5084.5464
33039,6422.095
33040,6803.415
33041,5758.6626
33042,7368.419
33043,6110.753
33044,8649.344
33045,4021.2695
33046,4053.1335
33047,6195.5303
33048,6874.713
33049,7337.3438
33050,3320.461
33051,7830.639
33052,5560.3926
33053,6726.309
33054,4701.7876
33055,4012.7512
33056,7815.2236
33057,5206.517
33058,9313.006
33059,5927.535
33060,5467.0015
33061,7618.028
33062,6125.3594
33063,5611.853
33064,7734.269
33065,5384.5747
33066,9643.12
33067,10180.88
33068,7535.6
33069,4520.3804
33070,4832.4854
33071,3652.771
33072,3008.2815
33073,6854.474
33074,4869.015
33075,9018.545
33076,3856.396
33077,4522.2993
33078,5170.4683
33079,9388.931
33080,4539.4487
33081,4597.077
33082,4919.434
33083,4673.1846
33084,4296.0522
33085,6742.863
33086,7242.8145
33087,7171.741
33088,7112.333
33089,6614.235
33090,5570.4097
33091,4543.8286
33092,4388.914
33093,10419.881
33094,8417.461
33095,11107.543
33096,14801.656
33097,4837.706
33098,3999.96
33099,5970.746
33100,8826.007
33101,9224.014
33102,7100.1055
33103,7796.4175
33104,8126.021
33105,7062.5386
33106,5899.277
33107,4791.972
33108,4563.453
33109,4031.686
33110,3834.087
33111,4660.8535
33112,7125.6074
33113,20427.7
33114,6500.6724
33115,4626.617
33116,6716.3467
33117,3786.3862
33118,6113.4756
33119,3746.6587
33120,8090.0225
33121,5919.5967
33122,6191.3535
33123,14619.298
33124,10334.398
33125,5254.0264
33126,6638.043
33127,3787.954
33128,4897.8164
33129,5237.814
33130,7368.166
33131,4135.922
33132,3818.436
33133,5334.6025
33134,4702.7114
33135,6529.737
33136,6681.791
33137,3584.832
33138,7015.6084
33139,8612.275
33140,5387.2974
33141,4463.5044
33142,3488.4763
33143,8032.1426
33144,4536.276
33145,10389.089
33146,4248.7124
33147,5270.5503
33148,6458.732
33149,5063.222
33150,4301.227
33151,4474.439
33152,5544.1445
33153,9621.98
33154,9512.519
33155,5328.246
33156,4105.3413
33157,5821.4062
33158,8655.153
33159,4487.137
33160,5048.3496
33161,5877.1704
33162,12059.797
33163,7250.203
33164,6061.1963
33165,5706.4443
33166,4597.4277
33167,9124.299
33168,5292.0107
33169,13452.008
33170,5481.277
33171,4579.234
33172,5076.468
33173,3658.682
33174,6134.311
33175,23951.408
33176,3379.375
33177,4255.953
33178,9094.905
33179,5835.165
33180,6680.2363
33181,7813.949
33182,5483.5938
33183,4544.626
33184,3623.0234
33185,9514.47
33186,5272.783
33187,7296.8857
33188,7360.053
33189,4687.708
33190,6466.7456
33191,6213.3135
33192,3477.0605
33193,8323.812
33194,9499.662
33195,3737.5845
33196,8029.0483
33197,5873.455
33198,5078.6475
33199,9964.576
33200,6310.7476
33201,7334.7056
33202,4444.411
33203,4149.069
33204,6893.1367
33205,3445.176
33206,7804.0283
33207,3691.2495
33208,6109.5645
33209,4389.802
33210,5389.682
33211,5595.006
33212,6893.1763
33213,5606.861
33214,7836.1533
33215,5370.5254
33216,7123.447
33217,5546.8105
33218,8575.088
33219,10034.972
33220,7370.9214
33221,2758.3843
33222,5860.2427
33223,6926.466
33224,3698.9548
33225,11744.868
33226,4884.692
33227,6527.0034
33228,10727.763
33229,7089.4404
33230,3459.2546
33231,5881.365
33232,9944.183
33233,5573.992
33234,8924.318
33235,8446.34
33236,5794.339
33237,5578.572
33238,6447.708
33239,3142.3918
33240,5839.558
33241,6966.0723
33242,4023.8096
33243,6415.2134
33244,6826.933
33245,6384.7827
33246,7112.4277
33247,5937.953
33248,6778.6904
33249,4937.6416
33250,6313.4688
33251,6699.347
33252,6138.5957
33253,6493.2856
33254,6814.085
33255,9443.292
33256,5498.306
33257,4771.7744
33258,5838.9736
33259,7113.6763
33260,6615.724
33261,4194.4897
33262,4184.7427
33263,6781.1094
33264,7227.4946
33265,5954.2534
33266,7519.2666
33267,5235.1216
33268,6349.5464
33269,4542.7017
33270,2495.1313
33271,5828.1846
33272,6349.4556
33273,6137.1963
33274,8147.029
33275,7834.621
33276,4532.18
33277,8022.84
33278,3732.5288
33279,2509.9749
33280,6552.672
33281,12651.476
33282,7395.449
33283,6831.1216
33284,3809.4023
33285,6209.267
33286,8493.154
33287,5782.237
33288,7459.512
33289,4413.2676
33290,4700.2583
33291,4741.5024
33292,5619.432
33293,4710.1772
33294,4559.4634
33295,4282.885
33296,4027.7112
33297,6342.253
33298,6595.9897
33299,4630.4717
33300,6132.6377
33301,7163.4214
33302,5872.917
33303,4511.8594
33304,8670.58
33305,6757.2266
33306,4638.6147
33307,3168.868
33308,10665.021
33309,5473.4507
33310,4768.2256
33311,7243.464
33312,8138.897
33313,7303.786
33314,5820.9062
33315,7421.4385
33316,8419.757
33317,13667.342
33318,4907.8853
33319,4533.8403
33320,4772.717
33321,6741.384
33322,4880.3096
33323,8102.8027
33324,8388.952
33325,5406.9683
33326,3574.1477
33327,4877.908
33328,11762.861
33329,4150.7036
33330,7190.3164
33331,3373.2554
33332,6194.8506
33333,7457.656
33334,6665.0825
33335,7775.186
33336,5743.04
33337,3836.509
33338,5730.925
33339,6796.423
33340,8257.822
33341,6837.601
33342,7593.1245
33343,5338.9194
33344,4251.907
33345,10369.785
33346,3891.5322
33347,9495.277
33348,5384.744
33349,3867.201
33350,6863.9736
33351,5520.3037
33352,6526.4243
33353,8581.699
33354,3886.2905
33355,3895.852
33356,6747.173
33357,7281.132
33358,10450.147
33359,4821.486
33360,5648.7905
33361,5094.309
33362,6147.5664
33363,4659.653
33364,10187.543
33365,8799.505
33366,13680.031
33367,4178.484
33368,5757.037
33369,9928.071
33370,11108.157
33371,4590.5654
33372,10476.383
33373,6185.628
33374,5003.1006
33375,4495.2686
33376,4350.1636
33377,5092.4287
33378,5535.1353
33379,4032.8284
33380,4539.9336
33381,8543.625
33382,6484.5215
33383,26067.494
33384,6090.7354
33385,0.0
33386,0.0
33387,0.0
33388,0.0
33389,0.0
33390,0.0
33391,0.0
33392,0.0
33393,0.0
33394,0.0
33395,0.0
33396,0.0
33397,0.0
33398,0.0
33399,0.0
33400,0.0
33401,0.0
33402,0.0
33403,0.0
33404,0.0
33405,0.0
33406,0.0
33407,0.0
33408,0.00073459884
33409,0.0
33410,0.0
33411,0.0
33412,0.0
33413,0.0
33414,0.0
33415,0.0
33416,0.0
33417,0.0
33418,0.0
33419,0.0
33420,0.0
33421,0.0
33422,0.0
33423,0.0
33424,0.0
33425,0.0
33426,0.0
33427,0.0
33428,0.0
33429,0.0
33430,0.0
33431,0.0
33432,0.0
33433,0.0
33434,0.0
33435,0.0
33436,0.0
33437,0.0
33438,0.0
33439,0.0
33440,0.0
33441,0.0
33442,0.0
33443,0.0
33444,0.0
33445,0.0
33446,0.0
33447,0.0
33448,0.0
33449,0.0
33450,0.0
33451,0.0
33452,0.0
33453,0.0
33454,0.0
33455,0.0
33456,0.0
33457,0.0
33458,0.0
33459,0.0
33460,0.0
33461,0.0
33462,0.0
33463,0.0
33464,0.0
33465,0.0
33466,0.0
33467,0.0
33468,0.0
33469,0.0
33470,0.0
33471,0.0
33472,0.0
33473,0.0
33474,0.0
33475,0.0
33476,4121.409
33477,0.0
33478,0.0
33479,0.0
33480,0.0
33481,0.0
33482,0.0
33483,0.0
33484,0.0
33485,0.0
33486,0.0
33487,0.0
33488,0.0
33489,0.0
33490,0.0
33491,0.0
33492,0.0
33493,0.0
33494,0.0
33495,0.0
33496,0.0
33497,0.0
33498,0.0
33499,0.0
33500,0.0
33501,0.0
33502,0.0
33503,0.0
33504,0.0
33505,0.0
33506,0.0
33507,0.0
33508,0.0
33509,0.0
33510,0.0
33511,0.0
33512,0.0
33513,0.0
33514,0.0
33515,0.0
33516,0.0
33517,0.0
33518,0.0
33519,0.0
33520,0.0
33521,0.0
33522,0.0
33523,0.0
33524,0.0
33525,0.0
33526,0.0
33527,0.0
33528,0.0
33529,0.0
33530,0.0
33531,0.0
33532,0.005418144
33533,0.0
33534,0.0
33535,0.0
33536,0.0
33537,0.0
33538,0.0
33539,0.0
33540,0.0
33541,0.0
33542,0.0
33543,0.0
33544,2938.144
33545,0.0
33546,0.0
33547,0.0
33548,0.0
33549,0.0
33550,0.0
33551,0.0
33552,0.0
33553,0.0
33554,0.0
33555,0.0
33556,0.0
33557,0.0
33558,0.0
33559,0.0
33560,0.0
33561,0.0
33562,0.0
33563,0.0
33564,0.0
33565,0.0
33566,0.0
33567,0.0
33568,0.0
33569,0.0
33570,0.0
33571,0.0
33572,0.0
33573,0.0
33574,0.0
33575,0.0
33576,0.0
33577,0.0
33578,0.02841076
33579,0.0
33580,0.0
33581,0.0
33582,0.0
33583,0.0
33584,0.0
33585,11672.839
33586,26494.156
33587,0.0
33588,0.0
33589,0.0
33590,0.0
33591,0.0
33592,0.0
33593,0.0
33594,5572.674
33595,0.0
33596,0.0
33597,0.0
33598,0.0
33599,0.0
33600,0.0
33601,0.0
33602,0.0
33603,0.0
33604,0.0
33605,0.0
33606,0.0
33607,0.0
33608,0.0
33609,0.0
33610,0.0
33611,0.0
33612,0.0
33613,4982.7266
33614,0.0
33615,0.0
33616,0.0
33617,0.0
33618,0.0
33619,0.0
33620,0.0
33621,0.0
33622,0.0
33623,4629.9814
33624,0.0
33625,0.0
33626,0.0
33627,0.0
33628,0.0
33629,0.0
33630,0.0
33631,0.0
33632,0.0
33633,0.0
33634,0.0
33635,0.0
33636,0.0
33637,0.0
33638,0.0
33639,0.0
33640,0.0
33641,9389.566
33642,0.0
33643,0.0
33644,0.0
33645,0.0
33646,0.0
33647,0.0
33648,0.0037784255
33649,0.0
33650,0.0
33651,0.0
33652,0.0
33653,0.0
33654,0.0
33655,0.0
33656,0.0
33657,0.0
33658,6575.7627
33659,0.0
33660,0.0
33661,0.0
33662,0.0
33663,0.0
33664,0.0
33665,0.0
33666,0.0
33667,0.0
33668,0.0
33669,0.0
33670,0.0
33671,0.0
33672,0.0
33673,0.0
33674,0.0
33675,0.0
33676,0.0
33677,0.014439363
33678,0.02936647
33679,0.0
33680,0.0
33681,0.0
33682,0.0
33683,0.0
33684,0.0
33685,0.0
33686,0.0
33687,0.0
33688,0.0
33689,0.0
33690,0.0
33691,0.0
33692,0.0
33693,0.0
33694,0.0
33695,0.0
33696,0.0
33697,0.0
33698,0.0
33699,0.0
33700,0.0
33701,0.0
33702,0.0
33703,0.0
33704,0.0
33705,0.0
33706,0.0
33707,0.0
33708,0.0
33709,0.0
33710,0.0
33711,0.0
33712,0.0
33713,0.0
33714,0.0
33715,0.0
33716,0.0
33717,0.0
33718,0.0
33719,0.0
33720,2430.4885
33721,0.0
33722,0.0
33723,0.0
33724,0.0
33725,0.0
33726,0.0
33727,0.0
33728,0.0
33729,0.0
33730,0.0
33731,0.0
33732,0.0
33733,0.0
33734,5760.6787
33735,0.0
33736,0.0
33737,0.0
33738,0.0
33739,0.0
33740,0.0
33741,0.0
33742,0.0
33743,0.0
33744,0.0
33745,0.0
33746,0.0
33747,0.0
33748,0.0
33749,0.0
33750,0.0
33751,0.0
33752,0.0
33753,0.0
33754,0.0
33755,0.0
33756,0.0
33757,0.0
33758,0.0
33759,0.0
33760,0.0
33761,0.0
33762,0.0
33763,0.0
33764,0.0
33765,0.0
33766,0.0
33767,0.0
33768,0.0
33769,0.0
33770,0.0
33771,0.0
33772,0.0
33773,0.0
33774,0.0
33775,0.0
33776,0.0
33777,6499.8354
33778,0.0
33779,0.0
33780,0.0
33781,0.0
33782,0.0
33783,0.0
33784,0.0
33785,0.0
33786,0.0
33787,3153.7588
33788,0.0
33789,0.0
33790,0.0
33791,4529.1157
33792,0.0
33793,0.0
33794,0.0
33795,0.0
33796,0.0
33797,0.0
33798,0.0
33799,0.0
33800,0.011965726
33801,0.0
33802,0.0
33803,0.0
33804,0.0
33805,0.0
33806,0.0
33807,0.0
33808,0.0
33809,0.0
33810,0.0
33811,0.0
33812,0.0
33813,0.0
33814,0.0
33815,0.0
33816,0.0
33817,0.0
33818,18576.62
33819,0.0
33820,0.0
33821,0.0
33822,0.0
33823,0.0
33824,0.0
33825,0.0
33826,0.0
33827,0.0
33828,0.0
33829,0.0
33830,0.0
33831,0.0
33832,7258.3887
33833,0.0
33834,0.0
33835,0.0
33836,0.0
33837,0.0
33838,0.0
33839,0.0
33840,0.0
33841,0.0
33842,0.0
33843,0.0
33844,0.0
33845,0.0
33846,0.0
33847,0.0
33848,0.0
33849,0.0
33850,0.0
33851,0.0
33852,0.0
33853,0.0
33854,0.0
33855,0.0
33856,0.0
33857,0.0
33858,0.0
33859,0.0
33860,0.0
33861,0.0
33862,0.0
33863,0.0
33864,0.0
33865,0.0
33866,0.0
33867,0.0
33868,0.0
33869,0.0
33870,0.0
33871,0.0
33872,0.0
33873,0.0
33874,0.0
33875,0.0
33876,0.0
33877,0.0
33878,0.0
33879,0.0
33880,0.0
33881,0.0
33882,0.0
33883,0.0
33884,0.0
33885,0.0
33886,0.0
33887,0.0
33888,0.0
33889,0.0
33890,0.0
33891,0.0
33892,0.0
33893,0.0
33894,0.0
33895,0.0
33896,0.0
33897,0.0
33898,0.0
33899,0.0
33900,0.0
33901,0.0
33902,0.0
33903,0.0
33904,0.0
33905,0.0
33906,0.0
33907,8780.13
33908,0.0
33909,0.0
33910,0.0
33911,0.0
33912,0.0
33913,0.0
33914,0.0
33915,0.0
33916,0.0
33917,0.0
33918,0.0
33919,0.0
33920,0.0
33921,0.0
33922,0.0
33923,0.0
33924,0.0
33925,0.0
33926,0.0
33927,0.0
33928,0.0
33929,0.0
33930,0.0
33931,0.0
33932,0.0
33933,0.0
33934,0.0
33935,0.0
33936,0.0
33937,0.0
33938,0.0
33939,0.0
33940,0.0
33941,0.0
33942,0.0
33943,0.0
33944,0.0
33945,0.0
33946,0.0
33947,0.0
33948,0.0
33949,0.0
33950,0.0
33951,3969.8125
33952,13206.28
33953,0.0
33954,0.0
33955,0.0
33956,0.0
33957,0.0
33958,0.0
33959,0.0
33960,0.0
33961,0.0
33962,0.0
33963,0.0
33964,0.0
33965,0.0
33966,0.0
33967,0.0
33968,0.0
33969,0.0
33970,0.0
33971,0.0
33972,0.0
33973,0.0
33974,0.0
33975,0.0
33976,0.0
33977,0.0
33978,0.0
33979,0.0
33980,10128.087
33981,0.0
33982,0.0
33983,0.0
33984,0.0
33985,0.0
33986,0.0
33987,0.0
33988,0.0
33989,0.0
33990,0.0
33991,0.0
33992,0.0
33993,0.0
33994,0.0
33995,0.0
33996,0.0
33997,0.0
33998,0.0
33999,0.0
34000,0.0
34001,0.0
34002,0.0
34003,0.0
34004,0.0
34005,0.0
34006,0.0
34007,0.0
34008,0.0
34009,0.0
34010,0.0
34011,0.0
34012,0.0
34013,0.0
34014,0.028619194
34015,0.0
34016,0.0
34017,0.0
34018,0.0
34019,0.0
34020,0.0
34021,0.0
34022,0.0
34023,0.0
34024,0.0
34025,0.0
34026,0.0
34027,0.0
34028,0.0
34029,0.0
34030,0.0
34031,0.043504644
34032,0.0
34033,0.0
34034,0.0
34035,0.0
34036,0.0
34037,0.0
34038,0.0
34039,0.0
34040,0.0
34041,0.0
34042,0.0
34043,0.0
34044,0.0
34045,0.0
34046,0.0
34047,0.0
34048,0.0
34049,0.0
34050,3851.8777
34051,0.0
34052,0.0
34053,0.0
34054,2832.4524
34055,0.0
34056,0.0
34057,0.0
34058,0.0
34059,0.0
34060,0.0
34061,0.0
34062,0.0
34063,0.0
34064,0.0
34065,0.0
34066,0.0
34067,0.0
34068,0.0
34069,0.0
34070,0.0
34071,0.0
34072,0.0
34073,0.0
34074,0.0
34075,0.0
34076,0.0
34077,0.0
34078,0.0
34079,0.0
34080,0.0
34081,0.0
34082,0.0
34083,0.0
34084,0.0
34085,0.0
34086,0.0
34087,0.0
34088,0.0
34089,0.0
34090,0.0
34091,0.0
34092,0.0
34093,0.0
34094,0.0
34095,0.0
34096,0.0
34097,0.0
34098,0.0
34099,0.0
34100,0.0
34101,0.0
34102,0.0
34103,0.0
34104,0.0
34105,2968.7852
34106,0.0
34107,0.0
34108,0.0
34109,0.0
34110,0.0
34111,0.0
34112,0.0
34113,0.0
34114,0.0
34115,0.0
34116,0.0
34117,0.0
34118,0.0
34119,0.0
34120,8942.202
34121,0.0
34122,0.0
34123,0.0
34124,0.0
34125,0.0
34126,0.0
34127,0.0
34128,0.0
34129,0.0
34130,0.0
34131,0.0
34132,0.0
34133,0.0
34134,0.0
34135,0.0
34136,0.0
34137,0.0073674386
34138,0.0
34139,0.0
34140,0.0
34141,0.0
34142,0.0
34143,0.0
34144,0.0
34145,0.0
34146,0.0
34147,0.0
34148,0.0
34149,0.0
34150,0.0
34151,0.0
34152,0.0
34153,0.0
34154,0.0
34155,0.0
34156,0.0
34157,0.0
34158,0.0
34159,0.0
34160,0.0
34161,0.0
34162,0.0
34163,0.0
34164,0.005497731
34165,0.0
34166,0.0
34167,0.0
34168,0.0
34169,0.0
34170,0.0
34171,0.0
34172,0.0
34173,0.0
34174,0.0
34175,0.0
34176,0.0
34177,0.0
34178,0.0
34179,0.0
34180,0.0
34181,0.0
34182,0.0
34183,0.0
34184,4536.9897
34185,0.0
34186,0.0
34187,0.0
34188,0.0
34189,0.0
34190,0.0
34191,0.0
34192,0.0
34193,0.0
34194,0.0
34195,0.0
34196,0.0
34197,0.0
34198,0.0
34199,0.0
34200,0.0
34201,0.0
34202,0.0
34203,0.0
34204,0.0
34205,0.0
34206,0.0
34207,0.0
34208,0.0
34209,0.0
34210,0.0
34211,0.0
34212,0.0
34213,0.0
34214,0.0051473076
34215,0.0
34216,0.0
34217,0.0
34218,0.0
34219,0.0
34220,0.0
34221,0.0
34222,0.013942219
34223,0.0
34224,0.0
34225,10241.584
34226,5910.964
34227,0.0
34228,0.0
34229,0.0
34230,0.0
34231,0.0
34232,0.0
34233,0.0
34234,0.0
34235,0.0
34236,0.0
34237,0.0
34238,0.0
34239,0.079691045
34240,0.0
34241,4111.3296
34242,4194.93
34243,7788.9326
34244,3575.0955
34245,6270.331
34246,5110.828
34247,5907.34
34248,6195.731
34249,0.72112525
34250,3338.61
34251,6114.368
34252,6415.63
34253,4825.6313
34254,7130.0605
34255,6051.0933
34256,3670.319
34257,4701.4287
34258,8151.187
34259,11072.681
34260,7374.4233
34261,7335.608
34262,2864.3408
34263,5798.2754
34264,0.36025998
34265,7822.577
34266,9787.774
34267,10181.87
34268,5878.202
34269,2569.3052
34270,3921.8784
34271,5794.256
34272,8557.089
34273,4488.045
34274,5597.9795
34275,5046.9004
34276,5506.6353
34277,2310.2878
34278,7372.911
34279,4334.0723
34280,6362.9937
34281,6078.5884
34282,3497.4563
34283,8428.419
34284,6092.002
34285,4396.7627
34286,4049.6128
34287,7528.5166
34288,9601.455
34289,6025.532
34290,6623.0605
34291,8011.966
34292,9005.376
34293,6374.3716
34294,6501.249
34295,2417.6392
34296,3400.0962
34297,4189.783
34298,6114.403
34299,8189.153
34300,7644.5444
34301,4226.8633
34302,8246.473
34303,7803.009
34304,5860.422
34305,2563.8496
34306,12615.616
34307,2764.499
34308,5308.2285
34309,7487.6763
34310,4094.0588
34311,5725.166
34312,2987.3074
34313,6198.722
34314,5368.4355
34315,5794.3667
34316,8080.93
34317,7144.7656
34318,5412.221
34319,3394.2144
34320,7416.9307
34321,12864.1875
34322,5718.715
34323,3915.2473
34324,6312.5596
34325,5949.7793
34326,6020.689
34327,8431.272
34328,2132.5928
34329,7787.2764
34330,5088.6465
34331,6051.7104
34332,8487.947
34333,2878.333
34334,4312.722
34335,4983.81
34336,7767.907
34337,7184.791
34338,4728.287
34339,4430.333
34340,7158.2715
34341,5917.017
34342,4519.4746
34343,6416.4927
34344,4989.199
34345,6544.0522
34346,5320.547
34347,3267.9033
34348,5734.862
34349,6097.077
34350,0.1889113
34351,7617.868
34352,8024.179
34353,4598.748
34354,8297.844
34355,3197.7324
34356,3384.6855
34357,8010.369
34358,6392.1074
34359,8510.986
34360,7714.7085
34361,7069.676
34362,5446.915
34363,6644.384
34364,7161.5356
34365,4964.2534
34366,2832.1511
34367,4496.002
34368,4953.095
34369,5209.915
34370,2794.8025
34371,6146.206
34372,6829.825
34373,5453.2417
34374,5764.5264
34375,2809.6892
34376,6111.505
34377,6814.1045
34378,3539.3735
34379,5303.76
34380,3613.4626
34381,5756.186
34382,3443.3557
34383,4436.3677
34384,4727.6646
34385,7579.8394
34386,7422.4014
34387,6826.712
34388,13546.768
34389,3964.4463
34390,5037.512
34391,10316.839
34392,5875.8027
34393,7899.4893
34394,6682.849
34395,5478.8936
34396,6791.8804
34397,5106.2036
34398,5221.9004
34399,9220.328
34400,5314.9014
34401,2628.2026
34402,3467.3457
34403,7991.375
34404,9151.186
34405,0.56160927
34406,6372.6084
34407,4484.869
34408,2274.7085
34409,1875.4788
34410,3428.1511
34411,6009.8853
34412,6954.8193
34413,5621.539
34414,4421.0835
34415,7877.4966
34416,7501.022
34417,7296.336
34418,4720.5854
34419,9290.002
34420,9227.604
34421,3618.9614
34422,5864.7944
34423,4785.956
34424,6372.4565
34425,3250.3804
34426,4725.5996
34427,4077.6462
34428,9405.809
34429,6520.7246
34430,7432.787
34431,7122.407
34432,5008.587
34433,7573.2485
34434,20608.746
34435,8133.946
34436,3805.066
34437,3052.5154
34438,6651.181
34439,7368.9673
34440,4495.5728
34441,9415.744
34442,20128.213
34443,4426.8774
34444,2933.5774
34445,10760.452
34446,3120.1226
34447,5909.8594
34448,3492.5686
34449,5932.128
34450,4874.606
34451,6457.8755
34452,5221.482
34453,5549.1973
34454,8686.804
34455,6032.082
34456,6212.0396
34457,7305.2075
34458,5210.4966
34459,5668.929
34460,9312.357
34461,4946.1504
34462,6034.9365
34463,4694.0664
34464,4159.1216
34465,5477.817
34466,4886.1646
34467,5372.872
34468,8193.145
34469,8356.401
34470,7240.135
34471,4606.2334
34472,3664.2004
34473,4110.3726
34474,4925.66
34475,6259.497
34476,3236.1604
34477,7294.1304
34478,5440.5283
34479,7857.948
34480,6219.492
34481,4766.875
34482,3359.6006
34483,3085.4878
34484,10382.234
34485,5730.947
34486,6267.867
34487,16304.657
34488,7384.256
34489,4195.574
34490,5671.3413
34491,2745.153
34492,5279.2397
34493,3382.5618
34494,4080.1016
34495,9111.862
34496,5367.028
34497,9563.371
34498,13086.951
34499,6008.5557
34500,5615.446
34501,4193.894
34502,5218.9478
34503,4628.1445
34504,9437.395
34505,6496.3027
34506,8101.45
34507,3368.3936
34508,6173.9272
34509,5464.9316
34510,7779.689
34511,6446.9883
34512,5245.814
34513,6622.4414
34514,5678.606
34515,8656.012
34516,7490.912
34517,6457.112
34518,9391.851
34519,6987.7134
34520,9008.692
34521,3541.2075
34522,0.56117594
34523,5038.483
34524,8197.976
34525,6885.803
34526,7012.4106
34527,6307.3896
34528,8623.898
34529,4781.9814
34530,7005.779
34531,6067.1943
34532,3509.776
34533,14956.334
34534,21298.771
34535,7217.189
34536,6422.089
34537,8324.344
34538,8911.364
34539,9185.14
34540,2848.644
34541,4649.1396
34542,5860.388
34543,8654.2705
34544,2559.917
34545,4284.638
34546,5631.7095
34547,4961.8813
34548,5653.081
34549,3356.0225
34550,2523.451
34551,7341.9497
34552,3587.3154
34553,4821.688
34554,5647.9556
34555,5285.0493
34556,9270.98
34557,9243.776
34558,5696.9106
34559,6984.335
34560,6553.622
34561,10615.519
34562,4639.814
34563,3051.1763
34564,5107.928
34565,11056.523
34566,4002.9792
34567,6824.9087
34568,2474.018
34569,3489.6777
34570,6546.3247
34571,6587.973
34572,5445.8447
34573,8671.763
34574,9590.71
34575,9685.835
34576,4728.0166
34577,9936.56
34578,1912.3749
34579,4239.9834
34580,6141.6294
34581,4493.0137
34582,9298.717
34583,2740.9268
34584,5045.389
34585,6658.544
34586,9443.094
34587,10089.954
34588,4837.512
34589,2683.1277
34590,10620.673
34591,8189.4497
34592,4535.389
34593,5584.3906
34594,8562.682
34595,6493.013
34596,4680.2285
34597,3569.871
34598,8036.472
34599,5228.624
34600,13016.086
34601,7088.6562
34602,12059.498
34603,6510.222
34604,5193.319
34605,2064.6519
34606,5699.579
34607,5989.021
34608,5457.113
34609,7575.1704
34610,5530.4487
34611,2539.915
34612,6960.175
34613,3367.1824
34614,8185.498
34615,6527.638
34616,6923.949
34617,8148.101
34618,4861.001
34619,7901.78
34620,7029.125
34621,5491.157
34622,6611.466
34623,3566.5864
34624,8938.297
34625,6476.6465
34626,3078.6458
34627,5155.3247
34628,7103.425
34629,5844.6123
34630,4183.3774
34631,5933.441
34632,5412.061
34633,5549.631
34634,5627.7734
34635,8651.291
34636,4116.8315
34637,3996.9353
34638,5668.7075
34639,5702.581
34640,3189.105
34641,4885.5776
34642,8239.004
34643,6657.909
34644,11228.095
34645,7747.1973
34646,7746.6504
34647,8431.481
34648,4444.1484
34649,10879.218
34650,9011.5625
34651,6738.8955
34652,6170.0596
34653,6556.2603
34654,4918.177
34655,2394.9685
34656,12442.481
34657,6518.2124
34658,5399.0625
34659,5038.608
34660,1794.4646
34661,9986.992
34662,5925.788
34663,4624.3276
34664,4000.933
34665,5234.967
34666,5425.3135
34667,4764.62
34668,8092.5225
34669,5659.242
34670,4601.877
34671,2801.1233
34672,2466.692
34673,5132.225
34674,14849.293
34675,3075.6868
34676,5747.3037
34677,5443.191
34678,3596.8552
34679,3605.3987
34680,5591.5117
34681,2449.3193
34682,9520.588
34683,6257.9688
34684,2568.7524
34685,8317.725
34686,2617.1182
34687,4052.7354
34688,10684.927
34689,7655.146
34690,8932.672
34691,2456.4407
34692,4550.5996
34693,4560.068
34694,4208.393
34695,17975.363
34696,10127.536
34697,5794.35
34698,3256.9482
34699,5661.602
34700,4518.3843
34701,2533.8376
34702,7471.133
34703,4529.064
34704,5948.287
34705,6504.0586
34706,4693.408
34707,5112.827
34708,5806.4277
34709,6405.95
34710,6555.7666
34711,2659.0579
34712,5725.816
34713,6096.594
34714,8670.1
34715,6788.098
34716,7526.0757
34717,2355.9932
34718,8590.69
34719,5177.555
34720,3353.2576
34721,4534.913
34722,4949.237
34723,4584.1855
34724,7086.3916
34725,4559.0327
34726,6035.2817
34727,4991.8125
34728,7293.88
34729,7299.023
34730,5678.99
34731,7456.496
34732,6750.965
34733,2346.7952
34734,12081.061
34735,3811.0635
34736,3334.873
34737,6277.716
34738,9386.818
34739,9225.642
34740,4384.989
34741,4782.0635
34742,6259.5093
34743,6723.3716
34744,5092.4385
34745,8325.852
34746,2898.2256
34747,4290.049
34748,4303.628
34749,4047.512
34750,3250.7463
34751,7234.888
34752,6015.0293
34753,5927.654
34754,5736.9683
34755,7586.1895
34756,7947.645
34757,5090.5786
34758,0.20048878
34759,5806.904
34760,6853.023
34761,6386.9146
34762,1715.9376
34763,7003.5674
34764,6067.9644
34765,6128.796
34766,5087.627
34767,3341.0952
34768,8423.821
34769,3092.339
34770,9021.969
34771,5672.7373
34772,4230.272
34773,7565.0977
34774,4308.828
34775,4657.858
34776,7990.156
34777,2703.874
34778,8154.2197
34779,8309.589
34780,6832.047
34781,2842.8044
34782,5094.469
34783,3058.9287
34784,2077.646
34785,5581.1797
34786,6079.0117
34787,6420.711
34788,4623.4453
34789,5103.141
34790,4974.3257
34791,7823.144
34792,5384.4155
34793,5733.5933
34794,4036.5579
34795,3561.0247
34796,5477.258
34797,5504.246
34798,7300.485
34799,6513.8555
34800,7938.8564
34801,6100.061
34802,5477.3833
34803,3328.745
34804,5395.7935
34805,11357.491
34806,6445.9307
34807,8238.626
34808,13572.166
34809,3137.162
34810,5022.485
34811,3875.1072
34812,8918.711
34813,9140.316
34814,8011.3013
34815,7767.9443
34816,7664.205
34817,7619.1763
34818,6449.036
34819,4886.6353
34820,2485.451
34821,4700.8906
34822,2901.8916
34823,2980.646
34824,7426.3174
34825,18563.248
34826,5835.6274
34827,3536.967
34828,4936.5396
34829,4247.9185
34830,5368.8506
34831,2328.31
34832,5958.8496
34833,6882.9336
34834,4134.593
34835,12940.05
34836,9524.656
34837,3406.778
34838,4935.217
34839,3830.3582
34840,4067.309
34841,4514.757
34842,7957.46
34843,3850.768
34844,4647.987
34845,4616.214
34846,5226.8687
34847,4723.6934
34848,7480.8877
34849,3600.2263
34850,7870.452
34851,7282.4653
34852,5172.9443
34853,3714.2297
34854,3455.854
34855,5491.0576
34856,4696.5566
34857,9418.789
34858,4351.782
34859,4032.99
34860,6020.7925
34861,5015.9404
34862,5907.12
34863,4473.2183
34864,5451.2915
34865,10017.605
34866,7314.829
34867,6017.933
34868,3416.6655
34869,5260.1895
34870,8823.937
34871,3991.8713
34872,4957.8555
34873,5198.503
34874,11453.687
34875,6756.5303
34876,4346.522
34877,4134.628
34878,4611.98
34879,7152.5796
34880,5152.0117
34881,11392.295
34882,6146.2764
34883,5102.1094
34884,4178.859
34885,2494.9446
34886,3759.092
34887,23736.898
34888,1986.0826
34889,4893.9404
34890,6639.626
34891,6654.95
34892,5663.8975
34893,8450.176
34894,5181.537
34895,5627.2793
34896,2964.8257
34897,8276.1
34898,4404.969
34899,6473.4043
34900,8904.593
34901,4354.133
34902,8215.948
34903,6768.618
34904,3917.0928
34905,6477.3325
34906,6924.755
34907,2792.1375
34908,8280.758
34909,6671.424
34910,5548.467
34911,9917.425
34912,7307.5977
34913,6666.1313
34914,4316.3027
34915,4178.229
34916,5146.3877
34917,3810.5908
34918,6862.4487
34919,2218.4722
34920,5681.553
34921,2960.8586
34922,5930.6
34923,5244.108
34924,4720.6035
34925,5557.4233
34926,8199.86
34927,5580.1416
34928,6837.275
34929,5292.273
34930,6379.1035
34931,9620.586
34932,6960.6064
34933,3505.911
34934,5952.0103
34935,5694.27
34936,3586.2617
34937,11643.407
34938,5686.7524
34939,5178.711
34940,10182.773
34941,6392.8696
34942,2105.7507
34943,0.22215755
34944,8073.9653
34945,6394.4917
34946,7614.6426
34947,8467.183
34948,7316.5737
34949,4882.0835
34950,4195.8345
34951,0.25061888
34952,6123.2686
34953,7808.0713
34954,2325.2166
34955,7523.729
34956,6905.5347
34957,4466.405
34958,7323.1367
34959,4946.4004
34960,6330.081
34961,5347.5737
34962,5390.2427
34963,4760.8403
34964,4059.4753
34965,5982.6323
34966,6957.002
34967,8751.479
34968,5362.54
34969,4149.492
34970,6202.448
34971,6679.319
34972,6476.548
34973,3131.8901
34974,2797.582
34975,7330.2856
34976,7028.595
34977,3916.2146
34978,7168.233
34979,6588.0547
34980,5053.9917
34981,5187.4966
34982,1304.6385
34983,6292.541
34984,5974.4834
34985,5185.2803
34986,7869.5137
34987,6859.6147
34988,3557.2864
34989,5669.7944
34990,3144.8718
34991,1297.8242
34992,5673.9927
34993,11967.218
34994,5283.8896
34995,4495.9116
34996,2774.207
34997,4832.7573
34998,7081.8237
34999,4962.9844
35000,8902.614
35001,3570.532
35002,4405.6963
35003,3662.0027
35004,5641.812
35005,3463.501
35006,2388.8022
35007,4345.1206
35008,3755.1567
35009,6386.2446
35010,4220.985
35011,4860.7646
35012,4918.078
35013,7516.6562
35014,5056.6343
35015,3799.7268
35016,8810.212
35017,6325.331
35018,6013.779
35019,1953.5312
35020,6357.425
35021,5831.048
35022,5314.592
35023,7563.164
35024,8544.529
35025,6176.0186
35026,6440.277
35027,6854.219
35028,8676.172
35029,11889.276
35030,3047.5312
35031,3879.1348
35032,4949.539
35033,5564.2495
35034,5817.321
35035,7824.1514
35036,7022.9795
35037,6359.147
35038,2427.16
35039,5939.998
35040,8714.944
35041,3372.4897
35042,6512.352
35043,2829.3047
35044,6613.3643
35045,6781.4067
35046,5336.267
35047,6059.641
35048,3995.216
35049,4980.0845
35050,6263.827
35051,5618.9336
35052,8856.973
35053,5800.809
35054,8185.8027
35055,5419.448
35056,3352.282
35057,8981.094
35058,2811.805
35059,9100.363
35060,6134.083
35061,4697.475
35062,6870.4976
35063,4553.9346
35064,5023.98
35065,7418.714
35066,2616.0874
35067,2663.3118
35068,6018.1455
35069,6225.326
35070,10767.607
35071,5813.8096
35072,5660.6787
35073,3595.8364
35074,6477.926
35075,2886.8235
35076,10901.062
35077,7358.755
35078,14348.197
35079,5379.626
35080,5200.169
35081,8851.416
35082,9646.635
35083,2832.4795
35084,9268.885
35085,6467.4917
35086,5891.595
35087,5517.7925
35088,4964.556
35089,3255.7957
35090,5323.9634
35091,4104.178
35092,2583.648
35093,8469.815
35094,5572.328
35095,22812.562
35096,6845.693
35097,4725.816
35098,7769.8413
35099,11487.382
35100,7311.8716
35101,8363.515
35102,6541.45
35103,8433.163
35104,8675.981
35105,6009.507
35106,6020.7407
35107,7959.4644
35108,8557.872
35109,7461.512
35110,10120.179
35111,6225.083
35112,5551.177
35113,6340.8735
35114,11489.321
35115,11733.516
35116,10702.725
35117,8801.88
35118,4674.0317
35119,6664.7075
35120,4884.6504
35121,9038.014
35122,12514.664
35123,11595.819
35124,6870.786
35125,5516.156
35126,5128.8877
35127,6404.9663
35128,11403.916
35129,7073.9727
35130,6158.9175
35131,5882.5435
35132,8148.8706
35133,3884.3225
35134,8976.298
35135,5223.3354
35136,7994.257
35137,7464.7295
35138,6554.2783
35139,9054.675
35140,7864.7563
35141,5874.5923
35142,7210.1846
35143,7804.7427
35144,13243.527
35145,7367.5264
35146,9010.454
35147,9151.735
35148,9463.786
35149,7141.4
35150,9508.627
35151,4982.4175
35152,5235.576
35153,6465.401
35154,7719.22
35155,10636.152
35156,8624.367
35157,6401.9614
35158,8999.108
35159,8298.176
35160,9853.829
35161,4142.508
35162,14477.092
35163,5064.1787
35164,6972.1216
35165,9479.487
35166,5212.4106
35167,6428.5176
35168,6543.5156
35169,8573.518
35170,6807.2837
35171,6075.9854
35172,9302.726
35173,8620.773
35174,7727.596
35175,5710.5444
35176,8241.786
35177,14539.289
35178,7244.68
35179,6122.3574
35180,7698.816
35181,7043.225
35182,7117.782
35183,9350.539
35184,4185.781
35185,9376.733
35186,6459.1567
35187,8039.286
35188,11238.895
35189,4993.289
35190,5843.2637
35191,6315.908
35192,9128.023
35193,8973.704
35194,5568.2744
35195,5308.6743
35196,8448.8545
35197,6938.626
35198,6362.8237
35199,8043.7573
35200,7313.8667
35201,8082.1245
35202,6011.508
35203,5004.179
35204,7330.3833
35205,8275.744
35206,8643.414
35207,9544.863
35208,9285.184
35209,6621.633
35210,10154.405
35211,6184.9023
35212,6750.9517
35213,9632.182
35214,7638.8374
35215,11273.291
35216,9160.319
35217,8844.26
35218,6515.241
35219,8296.078
35220,8661.926
35221,7425.3823
35222,4761.0264
35223,6506.1934
35224,8673.284
35225,6557.424
35226,4865.2827
35227,8684.145
35228,7745.5938
35229,6789.7944
35230,6665.7754
35231,5633.988
35232,8110.674
35233,8306.831
35234,6887.6426
35235,6060.751
35236,5708.5073
35237,7380.9185
35238,4632.133
35239,7270.9927
35240,6402.6943
35241,9556.204
35242,8823.718
35243,7591.14
35244,15639.329
35245,5839.3076
35246,6101.242
35247,11799.03
35248,7503.226
35249,9357.48
35250,8408.986
35251,6585.1523
35252,7153.1934
35253,6616.374
35254,8604.804
35255,12301.054
35256,8401.467
35257,3794.1924
35258,5421.4697
35259,10052.263
35260,10619.184
35261,7379.1235
35262,7030.3853
35263,5435.668
35264,5344.5396
35265,3668.4255
35266,5440.8345
35267,7325.288
35268,8425.943
35269,7142.973
35270,6734.1924
35271,9013.075
35272,10484.12
35273,8647.843
35274,5924.6636
35275,10610.842
35276,11351.243
35277,5980.316
35278,7762.878
35279,6024.1875
35280,7544.7124
35281,4669.807
35282,7658.8267
35283,5817.6313
35284,9989.174
35285,7978.831
35286,8725.374
35287,9023.879
35288,6415.7275
35289,9646.202
35290,22908.188
35291,11166.2295
35292,6343.0513
35293,3812.3506
35294,6706.4307
35295,9257.479
35296,6819.969
35297,12396.735
35298,21818.006
35299,4922.5415
35300,6120.629
35301,10934.591
35302,5154.9214
35303,8529.124
35304,6866.338
35305,8604.606
35306,5653.4585
35307,7843.122
35308,7101.3247
35309,8075.19
35310,11077.655
35311,7591.4443
35312,6937.739
35313,8402.677
35314,6440.2705
35315,5975.0815
35316,9243.865
35317,6356.552
35318,6698.4077
35319,7722.637
35320,7035.752
35321,7035.309
35322,7915.3125
35323,7974.4795
35324,9685.78
35325,11556.096
35326,8274.994
35327,6153.216
35328,4419.346
35329,6978.901
35330,7133.421
35331,6444.523
35332,5496.5703
35333,10025.701
35334,7287.788
35335,10586.379
35336,7354.811
35337,6365.1973
35338,5771.189
35339,5480.0957
35340,11605.645
35341,6595.751
35342,8238.94
35343,17768.965
35344,8495.406
35345,6948.335
35346,6539.061
35347,5116.808
35348,7469.2305
35349,4707.029
35350,6316.932
35351,11315.518
35352,5941.925
35353,14055.154
35354,14589.49
35355,6400.728
35356,7405.578
35357,6087.274
35358,7416.082
35359,6149.2847
35360,13201.998
35361,8688.651
35362,10885.248
35363,5024.7803
35364,8579.555
35365,6248.825
35366,9627.728
35367,7821.2344
35368,6971.7554
35369,7550.8315
35370,6338.721
35371,9777.101
35372,10236.34
35373,7446.972
35374,11388.774
35375,7344.24
35376,9713.524
35377,6178.3574
35378,6238.665
35379,6093.153
35380,11208.429
35381,7095.299
35382,9241.74
35383,7413.5005
35384,10688.157
35385,5468.5454
35386,9229.866
35387,7847.5073
35388,4666.717
35389,16539.225
35390,19236.73
35391,8293.697
35392,8295.746
35393,10616.622
35394,11049.05
35395,12116.982
35396,5910.823
35397,7539.5615
35398,7052.226
35399,9487.927
35400,4411.807
35401,6701.7246
35402,6329.326
35403,6600.8486
35404,8453.086
35405,5793.3716
35406,5026.64
35407,8392.017
35408,5203.9253
35409,5603.044
35410,6938.639
35411,6823.2485
35412,10165.704
35413,10726.392
35414,7680.4067
35415,7396.267
35416,7409.1953
35417,12464.087
35418,7765.5957
35419,5774.212
35420,5859.3374
35421,11317.18
35422,4914.5938
35423,8262.155
35424,3727.2983
35425,5486.309
35426,8507.618
35427,7970.0996
35428,6371.691
35429,10184.124
35430,11149.936
35431,13219.588
35432,7336.091
35433,10965.505
35434,3533.527
35435,6296.804
35436,7315.604
35437,5095.6553
35438,10076.808
35439,5419.815
35440,5744.8594
35441,9431.833
35442,11272.055
35443,10582.159
35444,6256.417
35445,5581.8076
35446,12418.734
35447,8900.084
35448,6494.865
35449,6413.984
35450,8245.898
35451,10286.488
35452,5301.4585
35453,6408.5903
35454,9067.6045
35455,8526.326
35456,15081.512
35457,7133.258
35458,13629.268
35459,8145.226
35460,5844.239
35461,3866.8394
35462,6926.8486
35463,7508.101
35464,6139.14
35465,8823.995
35466,6180.78
35467,5089.054
35468,8547.382
35469,4206.2134
35470,8911.475
35471,7858.7573
35472,8727.422
35473,10164.909
35474,6420.594
35475,9184.938
35476,7630.878
35477,6036.134
35478,7338.6665
35479,5353.6113
35480,11307.352
35481,7145.229
35482,5379.0513
35483,7776.8696
35484,9803.976
35485,8465.777
35486,6686.9556
35487,9229.884
35488,6375.411
35489,6362.739
35490,6279.099
35491,9693.303
35492,6699.2065
35493,6982.936
35494,6909.2837
35495,6158.941
35496,5223.988
35497,6539.803
35498,10170.922
35499,9705.884
35500,12456.659
35501,12387.41
35502,9467.984
35503,9315.9375
35504,5617.7764
35505,12380.926
35506,11252.956
35507,8971.401
35508,9164.689
35509,9329.943
35510,6907.735
35511,4422.3994
35512,13213.437
35513,7951.057
35514,7766.8105
35515,6849.8076
35516,2922.1492
35517,12496.177
35518,7394.9907
35519,5333.2544
35520,5327.362
35521,5761.6953
35522,7187.8
35523,8218.049
35524,8292.93
35525,6089.2427
35526,5886.86
35527,4540.1245
35528,3926.8423
35529,8136.6616
35530,17693.83
35531,4988.2427
35532,6977.5566
35533,7466.2036
35534,6077.9854
35535,5312.4326
35536,5934.1934
35537,4518.6084
35538,9935.318
35539,8032.6943
35540,4519.0005
35541,10524.324
35542,5811.8413
35543,5612.592
35544,13576.244
35545,8597.101
35546,10740.806
35547,5792.0566
35548,6608.6353
35549,5671.033
35550,5680.8
35551,19444.186
35552,12392.125
35553,7541.7695
35554,5679.0176
35555,6016.9805
35556,6496.5317
35557,4897.7744
35558,11188.861
35559,6066.124
35560,6427.4756
35561,8559.105
35562,5550.621
35563,7113.466
35564,7893.607
35565,8068.6304
35566,8809.456
35567,4569.3643
35568,6748.4023
35569,7512.7573
35570,10199.434
35571,8935.859
35572,8138.843
35573,5093.3613
35574,9949.809
35575,6611.9956
35576,5132.1616
35577,7607.006
35578,7750.641
35579,6802.941
35580,7249.159
35581,6360.773
35582,7399.8164
35583,6188.077
35584,8379.819
35585,8069.377
35586,7303.765
35587,10419.176
35588,7511.9478
35589,5073.0894
35590,13273.319
35591,6054.465
35592,3709.7148
35593,8471.165
35594,9983.563
35595,11507.307
35596,5711.111
35597,6676.9746
35598,7008.933
35599,8027.4785
35600,6530.6274
35601,9495.387
35602,3904.9006
35603,6387.1523
35604,6722.512
35605,6057.1104
35606,6088.836
35607,7572.23
35608,8099.704
35609,6809.7056
35610,8504.243
35611,7674.3584
35612,9748.673
35613,6077.1274
35614,7400.261
35615,7795.324
35616,9230.729
35617,8992.674
35618,4305.192
35619,9131.333
35620,7978.877
35621,8349.893
35622,5913.2705
35623,4889.9414
35624,10074.818
35625,6424.693
35626,10339.485
35627,7602.857
35628,6088.813
35629,9421.5205
35630,6914.9995
35631,7011.715
35632,9085.004
35633,6409.611
35634,10130.067
35635,12338.842
35636,8485.729
35637,5271.843
35638,6710.206
35639,5215.0312
35640,3643.2393
35641,8580.627
35642,6937.858
35643,9825.28
35644,5551.675
35645,6930.7812
35646,6902.703
35647,10230.269
35648,6253.2554
35649,6611.0435
35650,6098.438
35651,5051.3745
35652,5937.9136
35653,8327.719
35654,8477.098
35655,8056.1113
35656,8889.92
35657,7745.3867
35658,6970.1
35659,5338.8584
35660,6403.5186
35661,11775.522
35662,9906.779
35663,10882.238
35664,15996.415
35665,5782.3247
35666,5387.662
35667,6944.088
35668,10124.8125
35669,11736.302
35670,8623.504
35671,9172.778
35672,9436.692
35673,8517.516
35674,7361.303
35675,6428.395
35676,5387.796
35677,5996.4004
35678,4514.847
35679,5795.4165
35680,8750.585
35681,21168.842
35682,7400.2964
35683,5729.9683
35684,8087.0522
35685,5111.813
35686,7705.4424
35687,4966.683
35688,10013.03
35689,7745.3574
35690,7033.786
35691,14829.563
35692,12199.034
35693,5702.7656
35694,8043.251
35695,4581.4624
35696,5645.72
35697,5865.4155
35698,9873.236
35699,5359.206
35700,5356.221
35701,6469.682
35702,5955.4175
35703,7483.4927
35704,8371.231
35705,4511.076
35706,8322.176
35707,9668.944
35708,7724.1914
35709,5572.3335
35710,4789.5503
35711,8723.186
35712,5731.16
35713,10988.61
35714,5385.3145
35715,7001.5166
35716,7736.918
35717,6589.186
35718,5721.8306
35719,6686.7515
35720,7758.0596
35721,10665.245
35722,10714.081
35723,6626.0176
35724,4755.648
35725,6795.5156
35726,9935.659
35727,5164.4893
35728,6642.489
35729,6502.899
35730,13132.827
35731,8358.737
35732,6986.5405
35733,6832.021
35734,5719.566
35735,9922.383
35736,6179.707
35737,14306.738
35738,7344.801
35739,6130.2754
35740,6153.0806
35741,4511.037
35742,6929.195
35743,24497.125
35744,4491.621
35745,5968.628
35746,10712.876
35747,7144.2134
35748,7862.521
35749,8929.648
35750,7006.7607
35751,6185.0615
35752,4765.043
35753,10714.612
35754,6854.958
35755,8215.557
35756,8927.392
35757,5882.0664
35758,8537.638
35759,7197.157
35760,4466.5625
35761,9604.468
35762,10215.683
35763,5021.637
35764,9072.06
35765,7943.1133
35766,6375.642
35767,10821.493
35768,7566.57
35769,8287.0
35770,5290.895
35771,5931.6807
35772,7893.6367
35773,5022.9355
35774,8704.776
35775,4768.3394
35776,6866.292
35777,5155.187
35778,7011.8955
35779,6427.905
35780,7759.3247
35781,7796.7817
35782,9980.793
35783,7015.461
35784,8409.66
35785,6944.9224
35786,9351.984
35787,10868.132
35788,8015.0156
35789,3802.943
35790,7248.862
35791,7643.3413
35792,4682.479
35793,13417.783
35794,6727.9067
35795,7233.798
35796,11534.326
35797,7658.33
35798,4500.838
35799,10544.6
35800,10785.357
35801,6491.0625
35802,9641.916
35803,9938.503
35804,7615.1655
35805,6283.125
35806,7336.777
35807,6198.604
35808,7128.7144
35809,8513.324
35810,5082.6504
35811,8070.285
35812,8501.38
35813,7067.296
35814,8725.757
35815,6642.28
35816,7514.2983
35817,6158.4766
35818,8391.753
35819,7882.0884
35820,7112.15
35821,7333.6353
35822,8326.408
35823,10484.17
35824,6622.315
35825,5963.7397
35826,7221.389
35827,8554.069
35828,7694.896
35829,5060.649
35830,5025.624
35831,8393.906
35832,8481.894
35833,6930.2983
35834,9037.988
35835,6909.5273
35836,7318.6953
35837,5867.7324
35838,3485.7617
35839,7853.557
35840,7508.1655
35841,7034.752
35842,9865.33
35843,8435.89
35844,5245.0435
35845,8996.663
35846,4694.8545
35847,3381.7744
35848,7891.454
35849,13862.74
35850,8712.875
35851,7617.8975
35852,5084.9976
35853,7063.5693
35854,9529.699
35855,6944.889
35856,9199.694
35857,5542.336
35858,5461.633
35859,6100.7188
35860,6385.812
35861,5617.16
35862,5558.5947
35863,5570.7764
35864,5359.124
35865,7666.084
35866,7530.743
35867,6349.492
35868,6997.5977
35869,8135.35
35870,6416.9824
35871,5634.971
35872,10604.983
35873,8055.9575
35874,6671.7993
35875,4129.713
35876,11468.126
35877,7263.278
35878,5880.198
35879,9675.411
35880,9042.075
35881,7892.8086
35882,6655.7246
35883,8341.495
35884,10115.016
35885,14865.433
35886,5760.4263
35887,5642.173
35888,6180.792
35889,7255.717
35890,6813.5063
35891,9227.842
35892,9592.118
35893,6901.8604
35894,4629.0454
35895,6350.9395
35896,11677.66
35897,5418.7764
35898,8635.422
35899,4480.4224
35900,7896.1597
35901,9161.709
35902,8027.402
35903,8686.183
35904,7183.722
35905,5413.863
35906,6833.8325
35907,7882.1787
35908,9665.303
35909,8191.5977
35910,9224.233
35911,7204.589
35912,4903.356
35913,10896.529
35914,5060.388
35915,10477.792
35916,7201.346
35917,5245.1885
35918,7774.1553
35919,6745.532
35920,7943.439
35921,9830.82
35922,4733.5083
35923,5060.1997
35924,8463.759
35925,8976.966
35926,11913.579
35927,6500.3315
35928,6830.19
35929,6363.631
35930,7242.455
35931,5632.4883
35932,11982.385
35933,9630.188
35934,15015.791
35935,5808.455
35936,6672.136
35937,11108.454
35938,11567.784
35939,5633.649
35940,11560.483
35941,7527.239
35942,6544.1147
35943,6435.223
35944,5559.0986
35945,6044.609
35946,7128.8774
35947,5454.3135
35948,5411.23
35949,9604.679
35950,7339.7163
35951,26279.445
35952,7558.491
35953,4646.9453
35954,7812.1904
35955,11785.073
35956,7433.3613
35957,8402.421
35958,6513.924
35959,8507.472
35960,8772.63
35961,5934.1426
35962,6073.7256
35963,7807.0884
35964,8690.11
35965,7513.0728
35966,10043.771
35967,6140.0186
35968,5576.5073
35969,6205.9453
35970,11612.985
35971,11660.821
35972,10837.627
35973,8663.347
35974,4640.562
35975,6479.0317
35976,4928.424
35977,9081.557
35978,12335.877
35979,11731.501
35980,6701.1045
35981,5560.647
35982,5101.467
35983,6251.4185
35984,11578.978
35985,6987.3535
35986,5959.702
35987,5814.386
35988,8235.232
35989,3862.6328
35990,8815.138
35991,5065.5605
35992,7999.0693
35993,7354.9937
35994,6528.323
35995,8864.503
35996,7879.676
35997,5868.572
35998,7310.6934
35999,7747.995
36000,13223.446
36001,7205.551
36002,9160.014
36003,9169.244
36004,9407.234
36005,7056.5996
36006,9534.418
36007,5026.3237
36008,5247.41
36009,6517.8145
36010,7489.0835
36011,10551.683
36012,8451.498
36013,6463.477
36014,8806.1875
36015,8258.531
36016,9954.07
36017,4119.5737
36018,14749.741
36019,5056.8076
36020,6972.0215
36021,9527.981
36022,5152.8667
36023,6350.425
36024,6575.198
36025,8403.808
36026,6557.874
36027,5973.3325
36028,9150.818
36029,8478.06
36030,7743.348
36031,5727.231
36032,8193.427
36033,14529.919
36034,7269.0303
36035,6012.8384
36036,7545.468
36037,7003.841
36038,6902.5713
36039,9141.956
36040,4177.7866
36041,9255.024
36042,6471.435
36043,7933.1113
36044,11802.463
36045,4995.323
36046,5706.014
36047,6185.616
36048,8992.665
36049,9045.094
36050,5485.1895
36051,5239.9575
36052,8306.205
36053,6758.155
36054,6411.8613
36055,8068.0454
36056,7381.369
36057,8088.217
36058,5937.5054
36059,4992.1367
36060,7177.818
36061,8362.581
36062,8750.886
36063,9210.984
36064,9099.287
36065,6522.3853
36066,10153.854
36067,6272.73
36068,6772.1895
36069,9512.963
36070,7496.466
36071,11414.133
36072,9050.514
36073,8729.703
36074,6306.1743
36075,8316.613
36076,8517.808
36077,7498.4756
36078,4745.57
36079,6517.193
36080,8836.612
36081,6397.0845
36082,4865.6216
36083,8765.095
36084,7728.864
36085,6732.9336
36086,6609.2275
36087,5690.3716
36088,8185.701
36089,8146.64
36090,6965.9395
36091,5920.924
36092,5746.92
36093,7245.689
36094,4604.081
36095,7292.224
36096,6286.248
36097,9430.853
36098,8846.908
36099,7562.248
36100,15657.984
36101,5891.983
36102,5913.829
36103,11932.877
36104,7495.301
36105,9191.257
36106,8416.329
36107,6299.4834
36108,6971.1504
36109,6586.4717
36110,8740.525
36111,12526.176
36112,8448.597
36113,3639.415
36114,5375.1274
36115,9891.249
36116,10415.439
36117,7301.1675
36118,6954.4746
36119,5376.0605
36120,5438.697
36121,3650.5415
36122,5451.853
36123,7132.693
36124,8259.429
36125,7157.5
36126,6777.7144
36127,8840.818
36128,10322.508
36129,8492.085
36130,5807.1753
36131,10679.485
36132,11231.554
36133,5984.4185
36134,7830.191
36135,5902.479
36136,7402.245
36137,4509.4067
36138,7784.417
36139,5703.7666
36140,10043.513
36141,7968.2676
36142,8626.119
36143,9076.837
36144,6212.022
36145,9565.779
36146,23317.54
36147,11114.686
36148,6406.9766
36149,3662.9495
36150,6592.9077
36151,9292.537
36152,6760.7334
36153,11920.865
36154,21430.562
36155,4862.861
36156,6172.2197
36157,10914.814
36158,5151.412
36159,8650.095
36160,6866.8486
36161,8683.673
36162,5404.658
36163,7701.394
36164,7019.5576
36165,8138.5557
36166,10992.793
36167,7372.398
36168,6752.9287
36169,8401.187
36170,6308.5024
36171,5906.41
36172,9131.158
36173,6244.613
36174,6506.0317
36175,7781.9004
36176,7104.685
36177,7022.805
36178,7970.396
36179,8078.4795
36180,9540.586
36181,11802.237
36182,8258.105
36183,6159.246
36184,4270.2593
36185,6992.447
36186,7170.647
36187,6322.1704
36188,5508.847
36189,10129.236
36190,7146.292
36191,10713.142
36192,7357.393
36193,6214.499
36194,5765.6426
36195,5375.6914
36196,11361.89
36197,6439.374
36198,8290.612
36199,18143.275
36200,8341.67
36201,7037.7188
36202,6323.286
36203,5127.5034
36204,7464.822
36205,4660.222
36206,6338.316
36207,11491.579
36208,5735.3545
36209,13673.118
36210,14812.742
36211,6178.876
36212,7441.065
36213,6078.3447
36214,7459.356
36215,6156.409
36216,13296.962
36217,8433.484
36218,11046.015
36219,5034.385
36220,8647.958
36221,6056.428
36222,9692.027
36223,7637.4824
36224,6958.94
36225,7355.4077
36226,6098.4844
36227,9576.322
36228,10394.292
36229,7283.6323
36230,11461.073
36231,7164.3916
36232,9723.22
36233,6151.69
36234,6170.6304
36235,5960.5093
36236,11220.559
36237,6912.975
36238,9040.972
36239,7271.0137
36240,10520.059
36241,5277.775
36242,9371.574
36243,7887.4956
36244,4529.833
36245,16732.328
36246,19515.414
36247,8139.588
36248,8146.244
36249,10624.128
36250,11153.754
36251,12370.893
36252,5984.5044
36253,7629.6553
36254,6876.444
36255,9312.651
36256,4400.8286
36257,6757.8003
36258,6240.2124
36259,6597.5
36260,8531.012
36261,5843.548
36262,5043.474
36263,8202.888
36264,5181.8633
36265,5529.3413
36266,6805.44
36267,6764.036
36268,10050.038
36269,10595.016
36270,7802.7036
36271,7187.3613
36272,7242.0615
36273,12672.7295
36274,7857.4385
36275,5821.617
36276,5729.4053
36277,11304.45
36278,4875.029
36279,8103.3203
36280,3614.414
36281,5516.503
36282,8586.005
36283,7799.8687
36284,6142.655
36285,10059.139
36286,11013.835
36287,13502.601
36288,7361.8228
36289,11026.7
36290,3507.6304
36291,6189.801
36292,7155.7593
36293,5012.75
36294,10092.659
36295,5435.647
36296,5716.37
36297,9542.578
36298,11441.055
36299,10496.776
36300,6221.349
36301,5658.832
36302,13197.466
36303,8732.102
36304,6544.627
36305,6206.6084
36306,8145.708
36307,10491.822
36308,5153.1123
36309,6473.577
36310,8887.852
36311,8628.571
36312,15455.227
36313,7040.3237
36314,13823.094
36315,8035.024
36316,5770.446
36317,3860.327
36318,6916.2725
36319,7388.074
36320,6040.9893
36321,8826.192
36322,6024.3022
36323,5108.742
36324,8388.224
36325,4152.723
36326,8902.309
36327,7706.6035
36328,8771.392
36329,10037.029
36330,6293.6636
36331,9257.046
36332,7590.9375
36333,5955.9517
36334,7115.7666
36335,5393.1226
36336,11426.965
36337,7080.48
36338,5418.1816
36339,7864.2236
36340,9875.7705
36341,8545.597
36342,6707.0063
36343,9364.266
36344,6326.453
36345,6099.9155
36346,6211.536
36347,9527.473
36348,6754.108
36349,7013.3267
36350,6782.028
36351,6048.3984
36352,5193.14
36353,6288.1973
36354,10036.455
36355,10001.596
36356,12284.933
36357,12676.235
36358,9311.63
36359,9449.185
36360,5600.8047
36361,12512.157
36362,11479.244
36363,8870.584
36364,9252.721
36365,9422.599
36366,6919.5454
36367,4430.232
36368,13365.634
36369,7824.271
36370,7794.9155
36371,6847.6914
36372,2845.055
36373,12701.311
36374,7234.6465
36375,5189.768
36376,5324.2427
36377,5629.9907
36378,7239.582
36379,8324.502
36380,8193.974
36381,6033.8027
36382,5761.531
36383,4538.7256
36384,3890.0327
36385,8005.4883
36386,17107.287
36387,4971.589
36388,6779.5054
36389,7517.897
36390,6102.581
36391,5247.0
36392,5744.974
36393,4522.981
36394,9660.971
36395,7827.5405
36396,4529.094
36397,10452.579
36398,5915.3125
36399,5589.853
36400,13752.229
36401,8488.983
36402,10870.351
36403,5871.601
36404,6649.519
36405,5530.7812
36406,5583.7515
36407,19704.533
36408,12306.897
36409,7349.9727
36410,5732.6963
36411,5827.484
36412,6519.5557
36413,4912.386
36414,11479.343
36415,6033.3306
36416,6341.95
36417,8412.926
36418,5367.207
36419,7097.878
36420,7952.5435
36421,7940.2803
36422,8633.453
36423,4564.5503
36424,6683.7163
36425,7392.2754
36426,10064.791
36427,8981.624
36428,7964.499
36429,5153.1616
36430,9789.185
36431,6607.8535
36432,5146.5054
36433,7688.909
36434,7820.078
36435,6834.55
36436,7161.645
36437,6387.9688
36438,7248.578
36439,6041.2314
36440,8382.937
36441,7826.6445
36442,7279.7363
36443,10432.112
36444,7315.6733
36445,5090.083
36446,13169.176
36447,6055.0884
36448,3587.8083
36449,8567.33
36450,9913.056
36451,11730.236
36452,5745.9717
36453,6694.2495
36454,6970.472
36455,8043.995
36456,6386.762
36457,9347.223
36458,3777.1292
36459,6339.144
36460,6656.233
36461,5976.467
36462,6159.0996
36463,7411.507
36464,8006.374
36465,6795.1006
36466,8598.363
36467,7592.089
36468,9644.445
36469,5860.5728
36470,7468.8813
36471,7853.797
36472,9153.664
36473,9062.304
36474,4317.4683
36475,8793.824
36476,7898.6226
36477,8329.498
36478,5825.7554
36479,4861.335
36480,9949.163
36481,6541.2505
36482,10198.12
36483,7423.2437
36484,6121.0024
36485,9280.818
36486,6972.1147
36487,6939.5786
36488,9118.6875
36489,6529.637
36490,10274.065
36491,12328.126
36492,8504.94
36493,5299.264
36494,6605.3076
36495,5208.047
36496,3607.0603
36497,8689.24
36498,6731.2188
36499,9918.456
36500,5415.908
36501,6732.914
36502,6925.3164
36503,10333.019
36504,6038.7656
36505,6447.376
36506,6006.8594
36507,5071.28
36508,5846.274
36509,8412.067
36510,8465.947
36511,8068.338
36512,8756.597
36513,7584.0405
36514,6761.185
36515,5349.6855
36516,6193.3735
36517,11752.051
36518,10019.316
36519,11293.609
36520,15691.232
36521,5814.2197
36522,5303.689
36523,7006.654
36524,9912.923
36525,11660.221
36526,8439.785
36527,9012.551
36528,9287.167
36529,8506.003
36530,7199.2993
36531,6285.972
36532,5415.8306
36533,5818.9966
36534,4494.1367
36535,5841.8423
36536,8601.07
36537,21608.893
36538,7466.944
36539,5720.5156
36540,8189.114
36541,4978.2847
36542,7465.477
36543,4869.554
36544,10124.909
36545,7593.827
36546,7083.952
36547,15139.214
36548,11832.76
36549,5756.988
36550,8159.5024
36551,4452.941
36552,5651.2373
36553,5878.7236
36554,9716.101
36555,5299.6733
36556,5171.9478
36557,6480.5645
36558,5840.489
36559,7546.8066
36560,8180.9946
36561,4446.014
36562,8104.2944
36563,9728.517
36564,7550.0684
36565,5456.707
36566,4665.951
36567,8837.143
36568,5695.5522
36569,11098.51
36570,5261.715
36571,6797.5186
36572,7815.9766
36573,6449.5654
36574,5608.8613
36575,6475.1455
36576,7703.9727
36577,10682.694
36578,10841.297
36579,6429.9097
36580,4742.0586
36581,6821.1665
36582,9800.787
36583,5109.215
36584,6537.6763
36585,6525.0547
36586,13371.04
36587,8396.004
36588,6996.3633
36589,6855.0234
36590,5693.537
36591,10020.568
36592,6134.5625
36593,14501.164
36594,7208.2183
36595,5963.7056
36596,6128.784
36597,4468.386
36598,7017.529
36599,24732.088
36600,4502.9805
36601,5766.0225
36602,10864.173
36603,7056.061
36604,7930.5244
36605,8867.843
36606,6860.5767
36607,6013.119
36608,4708.3535
36609,10892.726
36610,6943.326
36611,8253.396
36612,8797.936
36613,5865.6226
36614,8480.906
36615,7121.782
36616,4355.998
36617,9727.162
36618,10458.184
36619,5056.1714
36620,8899.498
36621,7777.968
36622,6209.4688
36623,10652.781
36624,7368.342
36625,8291.49
36626,5239.173
36627,5762.3057
36628,7909.3276
36629,4902.7666
36630,8812.137
36631,4777.381
36632,6864.1963
36633,5162.0957
36634,6885.278
36635,6414.755
36636,7803.991
36637,7603.749
36638,9819.098
36639,7017.743
36640,8453.158
36641,6968.505
36642,9467.145
36643,11024.123
36644,8044.901
36645,3659.2893
36646,7223.69
36647,7705.5894
36648,4651.775
36649,13447.326
36650,6604.747
36651,7276.2515
36652,11626.95
36653,7683.9897
36654,4504.454
36655,10727.23
36656,10966.258
36657,6402.291
36658,9736.807
36659,9949.039
36660,7421.177
36661,6289.7446
36662,7403.643
36663,6289.811
36664,7109.6333
36665,8296.664
36666,5095.213
36667,7984.602
36668,8325.217
36669,7144.9355
36670,8591.076
36671,6661.8984
36672,7521.5547
36673,6102.1387
36674,8475.545
36675,7962.403
36676,7127.2324
36677,7330.901
36678,8159.8213
36679,10527.868
36680,6491.8306
36681,5980.738
36682,7048.131
36683,8347.751
36684,7651.9194
36685,5019.8267
36686,5013.8354
36687,8419.443
36688,8168.5117
36689,7004.7363
36690,8902.877
36691,6750.5396
36692,7344.5625
36693,5677.593
36694,3450.6392
36695,7725.7607
36696,7330.3906
36697,7028.803
36698,9960.253
36699,8507.253
36700,5245.6836
36701,9111.271
36702,4651.4688
36703,3360.7385
36704,7785.323
36705,14100.872
36706,8799.807
36707,7706.8535
36708,5114.8076
36709,7091.1177
36710,9597.884
36711,6913.344
36712,9152.861
36713,5537.549
36714,5448.131
36715,6149.883
36716,6359.602
36717,5606.5938
36718,5623.733
36719,5423.223
36720,5345.3706
36721,7672.536
36722,7635.2246
36723,6248.2114
36724,7008.5723
36725,8089.366
36726,6442.5625
36727,5642.393
36728,10539.321
36729,8108.5625
36730,6483.4517
36731,4116.482
36732,11775.602
36733,7078.157
36734,5792.996
36735,9579.529
36736,9026.841
36737,7947.766
36738,6584.5933
36739,8368.047
36740,10067.028
36741,15239.011
36742,5810.705
36743,5527.9805
36744,5972.757
36745,7303.069
36746,6633.726
36747,9200.782
36748,9660.528
36749,6814.2603
36750,4613.8145
36751,6278.7217
36752,12117.872
36753,5428.673
36754,8510.597
36755,4475.032
36756,7710.037
36757,9164.986
36758,8105.6704
36759,8765.236
36760,7263.0493
36761,5247.2
36762,6667.289
36763,7942.2876
36764,9651.079
36765,8264.235
36766,9091.679
36767,7083.0874
36768,4878.9272
36769,11027.688
36770,5087.5493
36771,10527.566
36772,7040.3906
36773,5082.534
36774,7721.864
36775,6764.268
36776,8061.73
36777,9918.494
36778,4732.98
36779,5031.9653
36780,8400.529
36781,9033.55
36782,12034.795
36783,6319.7104
36784,6812.876
36785,6439.601
36786,7087.656
36787,5649.324
36788,11784.331
36789,9734.791
36790,15231.121
36791,5639.138
36792,6657.071
36793,10772.692
36794,11724.812
36795,5699.0303
36796,11508.031
36797,7514.255
36798,6386.6226
36799,6300.054
36800,5451.931
36801,6066.94
36802,7170.5444
36803,5401.138
36804,5453.2314
36805,9563.361
36806,7353.6187
36807,26949.406
36808,7381.594
36809,4711.84
36810,7988.464
36811,12123.433
36812,7699.301
36813,8572.431
36814,6614.437
36815,8750.702
36816,9059.427
36817,6016.1943
36818,6305.645
36819,7827.682
36820,8941.29
36821,7733.996
36822,10121.173
36823,6231.065
36824,5744.8975
36825,6208.758
36826,11895.89
36827,11724.264
36828,11174.422
36829,8695.508
36830,4751.1367
36831,6408.5474
36832,5114.4956
36833,9254.08
36834,12337.606
36835,11967.138
36836,6680.5806
36837,5776.03
36838,5212.4604
36839,6224.851
36840,11951.751
36841,7094.8994
36842,5864.7163
36843,5904.889
36844,8492.798
36845,3967.2686
36846,8728.587
36847,5025.3027
36848,8091.581
36849,7401.44
36850,6553.8843
36851,8807.305
36852,7986.567
36853,5997.213
36854,7584.858
36855,7873.0874
36856,13314.767
36857,7194.4805
36858,9438.897
36859,9339.068
36860,9581.686
36861,7136.783
36862,9673.15
36863,5222.1943
36864,5390.505
36865,6739.6025
36866,7339.576
36867,10508.326
36868,8449.257
36869,6664.097
36870,8720.715
36871,8336.818
36872,10181.123
36873,4223.937
36874,15068.098
36875,5202.367
36876,7101.7715
36877,9720.447
36878,5257.41
36879,6472.0215
36880,6735.7534
36881,8355.987
36882,6428.9287
36883,6010.682
36884,9055.487
36885,8502.889
36886,7924.5356
36887,5862.988
36888,8272.784
36889,14597.591
36890,7412.023
36891,5936.9053
36892,7561.743
36893,7095.5493
36894,6753.9336
36895,9031.715
36896,4302.5894
36897,9280.783
36898,6607.3115
36899,8036.917
36900,12828.644
36901,5139.451
36902,5723.883
36903,6203.525
36904,9045.62
36905,9275.703
36906,5590.781
36907,5335.2236
36908,8307.567
36909,6726.8223
36910,6558.562
36911,8236.56
36912,7604.532
36913,8250.225
36914,6024.6357
36915,5112.364
36916,7163.4966
36917,8490.359
36918,8998.182
36919,9039.402
36920,9046.328
36921,6575.8755
36922,10238.781
36923,6535.588
36924,6899.4253
36925,9490.796
36926,7509.4546
36927,11665.538
36928,9051.17
36929,8712.077
36930,6198.8643
36931,8457.796
36932,8558.86
36933,7737.2725
36934,4855.13
36935,6689.437
36936,9107.691
36937,6394.095
36938,5020.722
36939,9000.431
36940,7851.3853
36941,6762.9395
36942,6712.549
36943,5908.1626
36944,8416.858
36945,8121.9917
36946,7171.5156
36947,5941.658
36948,5888.056
36949,7274.5513
36950,4696.87
36951,7381.3477
36952,6336.8228
36953,9433.065
36954,9003.015
36955,7662.0127
36956,15808.834
36957,6093.3096
36958,5789.77
36959,12195.241
36960,7660.266
36961,9160.434
36962,8556.934
36963,6095.2686
36964,6920.925
36965,6669.5723
36966,9075.261
36967,12863.549
36968,8698.76
36969,3605.471
36970,5407.9946
36971,9909.757
36972,10355.147
36973,7382.0376
36974,7085.5737
36975,5472.083
36976,5696.0195
36977,3762.7944
36978,5609.2305
36979,7046.3696
36980,8217.085
36981,7328.587
36982,6979.2075
36983,8788.643
36984,10275.134
36985,8467.288
36986,5804.606
36987,10900.198
36988,11262.791
36989,6147.179
36990,8069.939
36991,5947.13
36992,7432.3477
36993,4477.7095
36994,8051.5405
36995,5764.3174
36996,10232.592
36997,8123.789
36998,8697.49
36999,9287.354
37000,6102.7964
37001,9659.93
37002,23680.709
37003,11158.255
37004,6628.388
37005,3632.0378
37006,6642.3623
37007,9481.875
37008,6782.118
37009,11482.519
37010,21153.625
37011,4900.354
37012,6380.649
37013,11040.517
37014,5283.199
37015,8939.49
37016,6996.977
37017,8876.034
37018,5215.1953
37019,7711.692
37020,7048.077
37021,8300.353
37022,11056.049
37023,7222.5396
37024,6691.6704
37025,8531.598
37026,6318.463
37027,5954.4746
37028,9162.137
37029,6275.9795
37030,6434.91
37031,7987.6943
37032,7328.1255
37033,7150.4785
37034,8135.5444
37035,8326.09
37036,9448.22
37037,12417.657
37038,8403.198
37039,6283.7183
37040,4252.4146
37041,7099.706
37042,7368.911
37043,6365.155
37044,5646.889
37045,10428.969
37046,7150.56
37047,11107.246
37048,7493.5137
37049,6184.4067
37050,5894.574
37051,5313.239
37052,11215.68
37053,6421.023
37054,8501.445
37055,18561.088
37056,8283.23
37057,7294.158
37058,6202.1167
37059,5278.5903
37060,7625.276
37061,4746.023
37062,6506.429
37063,11769.393
37064,5661.9585
37065,13382.561
37066,15203.183
37067,6046.6157
37068,7662.9336
37069,6204.7383
37070,7609.72
37071,6311.6626
37072,13465.075
37073,8288.043
37074,11395.315
37075,5181.8633
37076,8827.783
37077,5965.418
37078,9848.389
37079,7606.498
37080,7061.2925
37081,7292.614
37082,5910.7275
37083,9531.3
37084,10635.401
37085,7208.9814
37086,11641.997
37087,7109.274
37088,9933.896
37089,6215.2876
37090,6259.8257
37091,5971.988
37092,11407.538
37093,6858.987
37094,9000.147
37095,7269.4326
37096,10520.26
37097,5187.2837
37098,9673.308
37099,8064.7217
37100,4519.3496
37101,17041.986
37102,19859.35
37103,8092.731
37104,8187.8486
37105,10853.443
37106,11400.925
37107,12713.976
37108,6239.7305
37109,7886.691
37110,6846.947
37111,9247.666
37112,4518.9575
37113,6965.5806
37114,6336.708
37115,6718.006
37116,8752.363
37117,6041.1333
37118,5221.5767
37119,8111.726
37120,5258.679
37121,5622.1826
37122,6850.566
37123,6904.0728
37124,10061.135
37125,10614.587
37126,8041.9395
37127,7117.9795
37128,7198.8877
37129,12973.972
37130,8127.5093
37131,6035.6963
37132,5734.0195
37133,11484.337
37134,4946.537
37135,8144.954
37136,3634.627
37137,5706.357
37138,8816.356
37139,7750.656
37140,5987.833
37141,9991.347
37142,11027.951
37143,13928.395
37144,7546.929
37145,11171.907
37146,3612.0325
37147,6229.7812
37148,7153.2207
37149,5090.6997
37150,10246.909
37151,5609.2573
37152,5804.711
37153,9780.31
37154,11850.853
37155,10553.665
37156,6337.7114
37157,5898.9165
37158,14631.907
37159,8666.189
37160,6756.131
37161,6079.371
37162,8201.855
37163,10856.933
37164,5133.929
37165,6696.319
37166,8827.278
37167,8878.261
37168,15855.174
37169,7093.499
37170,14129.884
37171,8051.5254
37172,5846.4634
37173,3997.1296
37174,7042.0093
37175,7429.732
37176,6091.7637
37177,8884.707
37178,5988.633
37179,5289.7495
37180,8405.691
37181,4201.261
37182,9028.098
37183,7685.9175
37184,8960.499
37185,10135.422
37186,6323.238
37187,9469.629
37188,7681.0957
37189,6030.638
37190,6980.6187
37191,5550.759
37192,11770.447
37193,7200.1304
37194,5609.5996
37195,8115.3247
37196,10106.742
37197,8810.405
37198,6895.6357
37199,9615.283
37200,6401.491
37201,5901.404
37202,6297.765
37203,9480.617
37204,6997.6577
37205,7122.3257
37206,6796.942
37207,6108.3115
37208,5278.817
37209,6127.5977
37210,10029.011
37211,10578.0625
37212,12239.392
37213,13108.663
37214,9259.271
37215,9786.206
37216,5700.8843
37217,12746.746
37218,11798.006
37219,8946.271
37220,9480.78
37221,9623.56
37222,7087.6353
37223,4578.88
37224,13661.882
37225,7842.7856
37226,7972.1826
37227,6958.7476
37228,2900.758
37229,12977.709
37230,7179.8584
37231,5179.6
37232,5449.373
37233,5650.391
37234,7424.922
37235,8630.53
37236,8275.452
37237,6145.9365
37238,5767.084
37239,4684.266
37240,3965.6755
37241,7999.2603
37242,16560.217
37243,5107.017
37244,6730.8594
37245,7717.608
37246,6282.4
37247,5371.0835
37248,5692.353
37249,4672.0483
37250,9512.364
37251,7786.6226
37252,4673.911
37253,10514.452
37254,6198.7515
37255,5700.547
37256,14303.601
37257,8480.284
37258,11116.276
37259,6099.683
37260,6857.561
37261,5550.15
37262,5647.8965
37263,19953.174
37264,12397.008
37265,7262.502
37266,5950.2905
37267,5755.3022
37268,6670.425
37269,5071.1104
37270,11819.5625
37271,6140.844
37272,6411.115
37273,8349.327
37274,5314.0747
37275,7232.2666
37276,8187.333
37277,7903.664
37278,8600.808
37279,4697.8735
37280,6716.0776
37281,7424.7944
37282,10090.445
37283,9199.633
37284,7907.178
37285,5366.859
37286,9734.15
37287,6742.972
37288,5294.7573
37289,7952.4146
37290,8016.048
37291,7017.2812
37292,7234.1914
37293,6561.3467
37294,7231.9834
37295,6042.165
37296,8504.608
37297,7689.21
37298,7444.5293
37299,10544.4795
37300,7209.5796
37301,5239.623
37302,13182.873
37303,6212.425
37304,3599.409
37305,8827.472
37306,10005.756
37307,12127.376
37308,5909.194
37309,6817.875
37310,7056.0547
37311,8214.193
37312,6387.463
37313,9364.489
37314,3786.2163
37315,6495.7075
37316,6807.491
37317,6065.0596
37318,6387.2925
37319,7398.589
37320,8097.24
37321,6863.149
37322,8902.1045
37323,7679.44
37324,9692.951
37325,5725.6577
37326,7666.157
37327,8048.454
37328,9137.17
37329,9265.19
37330,4488.9185
37331,8501.056
37332,7966.4897
37333,8529.107
37334,5912.5146
37335,4965.7925
37336,9978.471
37337,6866.436
37338,10218.801
37339,7353.794
37340,6313.4385
37341,9360.417
37342,7192.916
37343,7075.8555
37344,9262.23
37345,6858.136
37346,10556.383
37347,12546.31
37348,8706.305
37349,5493.4204
37350,6657.109
37351,5306.3
37352,3689.8062
37353,8948.456
37354,6620.414
37355,10154.086
37356,5415.681
37357,6638.0493
37358,7088.595
37359,10604.66
37360,5923.471
37361,6417.025
37362,6110.2754
37363,5269.2886
37364,5876.5986
37365,8547.26
37366,8584.27
37367,8243.83
37368,8753.573
37369,7575.0547
37370,6648.745
37371,5502.1304
37372,6091.973
37373,11860.589
37374,10242.199
37375,12021.773
37376,15475.552
37377,6020.89
37378,5366.383
37379,7255.246
37380,9837.32
37381,11739.022
37382,8383.505
37383,8965.491
37384,9263.132
37385,8624.853
37386,7190.3506
37387,6312.415
37388,5600.265
37389,5757.257
37390,4603.9756
37391,6055.175
37392,8652.5205
37393,22194.283
37394,7648.5923
37395,5781.3154
37396,8460.692
37397,4974.8096
37398,7299.7607
37399,4836.087
37400,10340.59
37401,7524.7695
37402,7229.287
37403,15525.372
37404,11528.387
37405,5977.1167
37406,8347.607
37407,4458.611
37408,5810.051
37409,6027.1187
37410,9680.451
37411,5425.3545
37412,5089.6123
37413,6633.315
37414,5882.622
37415,7793.3394
37416,8142.0415
37417,4459.844
37418,8005.374
37419,9905.051
37420,7478.3335
37421,5492.9907
37422,4695.683
37423,9075.668
37424,5778.212
37425,11325.451
37426,5277.1353
37427,6681.2686
37428,8036.5796
37429,6468.2754
37430,5630.732
37431,6328.759
37432,7812.3916
37433,10819.894
37434,11064.425
37435,6339.948
37436,4858.9707
37437,6976.638
37438,9854.073
37439,5230.819
37440,6617.087
37441,6683.27
37442,13721.886
37443,8600.586
37444,7084.9927
37445,6978.448
37446,5794.2393
37447,10220.224
37448,6269.129
37449,14808.505
37450,7232.0317
37451,5939.8506
37452,6243.225
37453,4522.161
37454,7281.3125
37455,24985.86
37456,4671.3037
37457,5695.791
37458,11186.472
37459,7150.656
37460,8158.265
37461,8974.525
37462,6886.0396
37463,5953.2705
37464,4833.154
37465,11153.893
37466,7178.6465
37467,8421.162
37468,8819.562
37469,5969.112
37470,8492.984
37471,7196.6494
37472,4395.4795
37473,10020.482
37474,10926.97
37475,5241.472
37476,8885.546
37477,7728.208
37478,6201.194
37479,10670.292
37480,7281.076
37481,8422.07
37482,5308.7856
37483,5720.428
37484,7965.5625
37485,4913.4546
37486,9026.565
37487,4945.872
37488,7009.1875
37489,5306.497
37490,6856.4814
37491,6535.6875
37492,7955.548
37493,7540.0293
37494,9812.254
37495,7152.1973
37496,8625.9795
37497,7142.326
37498,9750.448
37499,11275.593
37500,8203.217
37501,3633.66
37502,7315.632
37503,7896.4985
37504,4743.71
37505,13544.106
37506,6627.1045
37507,7484.5205
37508,11871.532
37509,7855.9097
37510,4667.3267
37511,11034.475
37512,11201.162
37513,6461.9546
37514,9977.139
37515,10163.475
37516,7349.2295
37517,6443.1523
37518,7607.9927
37519,6526.1816
37520,7220.2944
37521,8220.26
37522,5253.866
37523,8083.921
37524,8337.422
37525,7395.576
37526,8621.596
37527,6798.6406
37528,7682.7734
37529,6202.9746
37530,8678.514
37531,8211.788
37532,7207.8535
37533,7466.6875
37534,8163.332
37535,10706.277
37536,6524.5757
37537,6135.8735
37538,7028.857
37539,8246.865
37540,7794.9155
37541,5066.8604
37542,5144.405
37543,8616.811
37544,7900.0767
37545,7216.225
37546,8983.921
37547,6685.7563
37548,7544.1655
37549,5629.3354
37550,3556.998
37551,7745.9707
37552,7288.2744
37553,7221.334
37554,10188.651
37555,8731.635
37556,5385.7305
37557,9385.412
37558,4729.329
37559,3483.3884
37560,7889.693
37561,14494.97
37562,9036.4795
37563,7952.179
37564,5294.5654
37565,7250.0234
37566,9850.634
37567,7095.793
37568,9310.724
37569,5680.366
37570,5568.4976
37571,6351.2305
37572,6469.2134
37573,5737.297
37574,5869.339
37575,5429.253
37576,5455.1094
37577,7780.7725
37578,7936.5474
37579,6286.2183
37580,7146.9736
37581,8203.482
37582,6605.503
37583,5788.55
37584,10638.303
37585,8310.12
37586,6409.183
37587,4255.4375
37588,12281.453
37589,7013.7617
37590,5898.354
37591,9646.146
37592,9160.617
37593,8147.9224
37594,6671.4746
37595,8525.732
37596,10227.869
37597,15765.516
37598,6041.6865
37599,5568.9595
37600,5892.77
37601,7505.13
37602,6526.7793
37603,9341.999
37604,9886.599
37605,6879.849
37606,4737.881
37607,6390.3696
37608,12864.666
37609,5582.207
37610,8572.005
37611,4599.1826
37612,7645.6455
37613,9379.4795
37614,8300.368
37615,9014.073
37616,7417.8506
37617,5186.3584
37618,6637.327
37619,8193.3955
37620,9798.759
37621,8458.715
37622,9062.045
37623,7124.894
37624,4964.575
37625,11295.688
37626,5256.4575
37627,10707.462
37628,6959.916
37629,5037.522
37630,7853.9844
37631,6941.77
37632,8331.81
37633,10175.25
37634,4883.6626
37635,5146.039
37636,8524.968
37637,9239.607
37638,12298.848
37639,6234.935
37640,6971.3833
37641,6701.833
37642,7084.3438
37643,5818.769
37644,11703.763
37645,9922.392
37646,15560.683
37647,5590.205
37648,6788.059
37649,10490.632
37650,12200.15
37651,5951.528
37652,11598.861
37653,7634.7656
37654,6372.0127
37655,6314.107
37656,5510.939
37657,6225.754
37658,7367.379
37659,5500.525
37660,5666.891
37661,9699.147
37662,7462.2095
37663,27518.984
37664,7349.096
37665,4973.1636
37666,8418.545
37667,12654.202
37668,8206.018
37669,9029.76
37670,6989.233
37671,9197.799
37672,9541.377
37673,6228.9614
37674,6761.7007
37675,8071.786
37676,9364.757
37677,8184.2803
37678,10420.349
37679,6496.941
37680,6053.125
37681,6431.437
37682,12434.06
37683,12031.96
37684,11787.928
37685,9077.798
37686,5027.345
37687,6541.993
37688,5410.007
37689,9707.912
37690,12669.878
37691,12262.258
37692,6942.717
37693,6205.3477
37694,5494.615
37695,6304.4062
37696,12547.028
37697,7433.964
37698,5944.85
37699,6145.55
37700,8961.404
37701,4221.1255
37702,8804.164
37703,5147.522
37704,8293.31
37705,7562.7603
37706,6781.646
37707,8999.941
37708,8207.224
37709,6274.585
37710,8140.4033
37711,8162.0396
37712,13624.537
37713,7356.972
37714,9915.477
37715,9731.542
37716,10026.256
37717,7472.7295
37718,10075.309
37719,5569.82
37720,5708.159
37721,7232.1836
37722,7387.863
37723,10557.944
37724,8732.459
37725,7067.498
37726,8889.827
37727,8595.51
37728,10678.609
37729,4488.8154
37730,15620.993
37731,5553.878
37732,7415.8486
37733,10228.825
37734,5513.531
37735,6814.9883
37736,7105.159
37737,8592.174
37738,6507.8813
37739,6155.065
37740,9123.741
37741,8751.987
37742,8372.485
37743,6109.168
37744,8675.345
37745,14788.224
37746,7778.042
37747,6097.9146
37748,7799.2583
37749,7479.3467
37750,6740.5347
37751,9052.767
37752,4596.2485
37753,9602.224
37754,6952.611
37755,8430.983
37756,14251.842
37757,5501.658
37758,5952.9185
37759,6384.503
37760,9385.985
37761,9677.331
37762,5929.3105
37763,5653.351
37764,8434.836
37765,6944.929
37766,6764.9976
37767,8584.72
37768,8006.9927
37769,8676.627
37770,6227.7495
37771,5440.1494
37772,7405.861
37773,8726.365
37774,9329.026
37775,9287.654
37776,9317.9375
37777,6798.8936
37778,10381.491
37779,7052.0244
37780,7243.54
37781,9716.202
37782,7685.7124
37783,12201.442
37784,9160.983
37785,8880.132
37786,6303.757
37787,8874.866
37788,8858.51
37789,8158.794
37790,5105.6436
37791,7069.669
37792,9597.444
37793,6616.4307
37794,5360.6885
37795,9541.469
37796,8143.1753
37797,6958.522
37798,7048.1914
37799,6358.765
37800,8930.185
37801,8388.72
37802,7536.197
37803,6166.9473
37804,6180.379
37805,7606.012
37806,4899.5874
37807,7673.5093
37808,6584.16
37809,9708.394
37810,9355.231
37811,7933.316
37812,16006.961
37813,6490.091
37814,5730.5312
37815,12745.481
37816,8075.6675
37817,9319.431
37818,9006.45
37819,6053.05
37820,7128.4014
37821,6933.148
37822,9641.677
37823,13482.95
37824,9126.744
37825,3705.7537
37826,5604.829
37827,10235.021
37828,10604.428
37829,7598.855
37830,7443.762
37831,5769.0312
37832,6055.5156
37833,4021.6953
37834,5994.1763
37835,7170.161
37836,8319.803
37837,7803.083
37838,7450.5815
37839,8954.672
37840,10402.425
37841,8707.974
37842,5892.354
37843,11489.858
37844,11667.997
37845,6562.9863
37846,8517.061
37847,6258.542
37848,7783.6226
37849,4645.106
37850,8427.133
37851,6054.8286
37852,10734.631
37853,8527.277
37854,9025.885
37855,9704.172
37856,6162.796
37857,10044.624
37858,23902.14
37859,11361.738
37860,7019.484
37861,3707.5603
37862,6885.7114
37863,9934.627
37864,7004.9766
37865,11442.44
37866,21813.865
37867,4999.9424
37868,6770.4004
37869,11407.582
37870,5638.143
37871,9521.596
37872,7415.9404
37873,9338.748
37874,5258.604
37875,7919.443
37876,7130.353
37877,8691.163
37878,11239.763
37879,7168.4517
37880,6854.4155
37881,8835.828
37882,6489.558
37883,6239.1533
37884,9339.479
37885,6430.5786
37886,6624.3936
37887,8498.138
37888,7863.1587
37889,7502.41
37890,8548.197
37891,8817.997
37892,9524.829
37893,13493.59
37894,8824.433
37895,6600.257
37896,4390.681
37897,7391.662
37898,7873.906
37899,6634.125
37900,5929.0957
37901,10989.082
37902,7364.007
37903,11733.996
37904,7911.4023
37905,6386.939
37906,6236.773
37907,5441.161
37908,11423.946
37909,6553.797
37910,8924.08
37911,19070.736
37912,8358.458
37913,7743.6064
37914,6223.5093
37915,5649.351
37916,8097.024
37917,4981.9946
37918,6815.294
37919,12303.048
37920,5773.777
37921,13475.275
37922,15980.328
37923,6080.444
37924,8137.2515
37925,6476.035
37926,7974.7
37927,6716.9233
37928,13599.3125
37929,8412.581
37930,11949.824
37931,5458.7896
37932,9274.412
37933,5974.005
37934,10195.543
37935,7833.5303
37936,7367.885
37937,7414.936
37938,5976.524
37939,9844.444
37940,11106.166
37941,7243.8022
37942,12139.933
37943,7260.244
37944,10449.19
37945,6401.198
37946,6447.8247
37947,6198.2847
37948,11745.025
37949,7053.5244
37950,9223.759
37951,7478.455
37952,10827.182
37953,5191.1
37954,10133.237
37955,8513.04
37956,4692.2754
37957,17544.596
37958,20386.555
37959,8248.376
37960,8520.099
37961,11353.744
37962,11969.535
37963,13293.057
37964,6698.8867
37965,8429.77
37966,7095.57
37967,9497.769
37968,4809.084
37969,7345.8306
37970,6624.564
37971,7000.6753
37972,9269.062
37973,6359.8145
37974,5607.979
37975,8196.357
37976,5460.56
37977,5855.013
37978,7140.998
37979,7288.0454
37980,10375.522
37981,10741.38
37982,8402.901
37983,7272.1025
37984,7364.5054
37985,13522.551
37986,8617.041
37987,6462.084
37988,5843.336
37989,11874.216
37990,5170.5024
37991,8475.263
37992,3805.2002
37993,6127.101
37994,9169.332
37995,7855.9697
37996,5925.562
37997,10042.909
37998,11412.218
37999,14643.132
38000,7887.7666
38001,11521.386
38002,3857.7942
38003,6444.3384
38004,7450.546
38005,5306.305
38006,10710.332
38007,6004.7227
38008,6078.4146
38009,10298.572
38010,12533.967
38011,10835.457
38012,6713.874
38013,6283.161
38014,16609.553
38015,8791.065
38016,7218.4004
38017,6025.3657
38018,8536.726
38019,11417.04
38020,5230.4897
38021,7170.4893
38022,9067.63
38023,9417.819
38024,16473.17
38025,7361.345
38026,14698.106
38027,8178.5137
38028,6116.077
38029,4296.749
38030,7436.2334
38031,7639.9595
38032,6301.196
38033,9193.843
38034,6051.2144
38035,5661.969
38036,8672.283
38037,4370.515
38038,9335.079
38039,7799.4146
38040,9345.403
38041,10552.256
38042,6521.9126
38043,9985.401
38044,7939.44
38045,6204.0396
38046,6953.2407
38047,5832.6055
38048,12465.989
38049,7595.2827
38050,5949.91
38051,8577.297
38052,10570.882
38053,9313.859
38054,7361.7104
38055,10133.711
38056,6743.1973
38057,5942.724
38058,6480.243
38059,9658.686
38060,7469.5513
38061,7464.1387
38062,6916.8267
38063,6355.1206
38064,5496.6855
38065,6129.1353
38066,10118.615
38067,11400.9795
38068,12564.764
38069,13720.341
38070,9459.076
38071,10366.66
38072,5987.039
38073,13249.478
38074,12272.098
38075,9192.581
38076,10019.65
38077,10027.127
38078,7495.086
38079,4903.646
38080,14060.558
38081,7988.167
38082,8451.796
38083,7230.211
38084,3090.195
38085,13392.149
38086,7209.868
38087,5373.4355
38088,5757.927
38089,5904.9795
38090,7835.092
38091,9239.784
38092,8564.307
38093,6480.484
38094,5889.814
38095,5022.8203
38096,4180.98
38097,8260.997
38098,16636.932
38099,5428.973
38100,6907.412
38101,8184.725
38102,6666.8057
38103,5704.104
38104,5828.3013
38105,5018.405
38106,9639.332
38107,7994.417
38108,4939.6157
38109,10847.482
38110,6658.9824
38111,5965.913
38112,15370.38
38113,8671.167
38114,11608.855
38115,6530.528
38116,7360.8535
38117,5783.544
38118,5930.674
38119,20248.357
38120,12626.245
38121,7388.2085
38122,6348.408
38123,5809.1807
38124,6947.261
38125,5441.063
38126,12358.923
38127,6441.309
38128,6618.097
38129,8424.055
38130,5457.451
38131,7664.3955
38132,8648.519
38133,8035.338
38134,8778.18
38135,5025.3125
38136,6932.758
38137,7563.5034
38138,10508.797
38139,9670.106
38140,8105.678
38141,5724.74
38142,9788.018
38143,7144.3154
38144,5610.563
38145,8457.497
38146,8471.876
38147,7416.634
38148,7556.0693
38149,6979.893
38150,7370.4995
38151,6209.0776
38152,8907.735
38153,7727.714
38154,7774.793
38155,10641.916
38156,7291.3687
38157,5594.0347
38158,13556.034
38159,6582.54
38160,3747.3308
38161,9283.873
38162,10244.856
38163,12651.21
38164,6224.4
38165,7144.234
38166,7306.943
38167,8681.734
38168,6587.7783
38169,9657.102
38170,3968.919
38171,6890.2183
38172,7201.0645
38173,6434.284
38174,6790.9023
38175,7663.021
38176,8549.429
38177,7106.908
38178,9522.531
38179,7894.721
38180,10047.163
38181,5706.0522
38182,7959.532
38183,8360.077
38184,9168.0205
38185,9708.338
38186,4842.434
38187,8533.258
38188,8155.9775
38189,8977.882
38190,6193.0015
38191,5183.1094
38192,10141.127
38193,7427.2666
38194,10610.943
38195,7561.3896
38196,6757.188
38197,9721.819
38198,7708.383
38199,7511.396
38200,9495.051
38201,7436.6587
38202,11107.119
38203,13086.552
38204,9221.595
38205,5880.3555
38206,6877.802
38207,5536.4556
38208,3917.784
38209,9411.578
38210,6627.8506
38211,10719.652
38212,5560.467
38213,6681.7783
38214,7422.444
38215,11110.595
38216,5936.56
38217,6547.2617
38218,6448.655
38219,5745.873
38220,5952.402
38221,8798.1875
38222,8918.982
38223,8754.258
38224,8984.349
38225,7868.808
38226,6726.656
38227,5900.3403
38228,6143.1587
38229,12211.198
38230,10719.223
38231,13030.88
38232,15811.533
38233,6438.9746
38234,5516.1294
38235,7768.5146
38236,10112.508
38237,11928.224
38238,8641.552
38239,9195.264
38240,9443.094
38241,8926.361
38242,7410.1426
38243,6574.935
38244,5959.3213
38245,5846.073
38246,4901.2656
38247,6468.405
38248,8988.231
38249,22627.191
38250,7997.7876
38251,5989.7466
38252,8960.832
38253,5068.199
38254,7324.6523
38255,4903.281
38256,10767.228
38257,7575.972
38258,7568.858
38259,16103.981
38260,11589.871
38261,6420.509
38262,8735.475
38263,4635.284
38264,6223.385
38265,6371.873
38266,9766.793
38267,5766.66
38268,5109.3755
38269,6972.8794
38270,6093.4897
38271,8297.59
38272,8371.136
38273,4586.075
38274,8199.431
38275,10398.625
38276,7600.711
38277,5766.7812
38278,4902.8086
38279,9586.348
38280,5995.251
38281,11837.2295
38282,5478.8467
38283,6781.853
38284,8411.722
38285,6720.6143
38286,5736.7056
38287,6283.4966
38288,8059.2856
38289,11322.644
38290,11629.112
38291,6419.3516
38292,5153.24
38293,7365.468
38294,10338.489
38295,5577.7363
38296,6947.122
38297,7054.769
38298,14040.898
38299,9033.171
38300,7382.045
38301,7349.5728
38302,6036.75
38303,10712.324
38304,6667.136
38305,15410.055
38306,7500.521
38307,6091.88
38308,6572.226
38309,4732.5693
38310,7856.0747
38311,24982.643
38312,5019.42
38313,5829.1797
38314,11737.365
38315,7450.7305
38316,8563.049
38317,9359.926
38318,7178.3384
38319,5975.5493
38320,5197.298
38321,11645.572
38322,7553.1367
38323,8871.108
38324,9116.548
38325,6220.192
38326,8569.52
38327,7494.0854
38328,4550.929
38329,10511.664
38330,11625.719
38331,5578.423
38332,9218.534
38333,7901.0337
38334,6368.452
38335,11035.632
38336,7436.3184
38337,8765.839
38338,5597.285
38339,5832.7393
38340,8248.313
38341,5035.903
38342,9417.685
38343,5303.5723
38344,7422.189
38345,5665.2646
38346,6949.521
38347,6909.4087
38348,8377.278
38349,7691.088
38350,10071.514
38351,7447.8887
38352,8985.249
38353,7481.0874
38354,10354.802
38355,11695.662
38356,8603.605
38357,3699.237
38358,7593.4863
38359,8315.027
38360,4941.166
38361,13734.795
38362,6763.6035
38363,7983.7183
38364,12493.043
38365,8299.418
38366,5056.393
38367,11354.502
38368,11655.695
38369,6723.224
38370,10497.6875
38371,10573.181
38372,7401.7085
38373,6845.8237
38374,8089.181
38375,6863.928
38376,7498.6685
38377,8464.05
38378,5604.4067
38379,8394.818
38380,8621.784
38381,7926.7656
38382,8908.39
38383,7141.604
38384,8134.404
38385,6456.2866
38386,9046.742
38387,8677.661
38388,7500.142
38389,7880.397
38390,8470.64
38391,11249.684
38392,6842.736
38393,6445.3403
38394,7231.087
38395,8419.564
38396,8243.751
38397,5261.323
38398,5432.7236
38399,9030.001
38400,7919.5034
38401,7706.626
38402,9374.524
38403,6742.445
38404,8002.7935
38405,5768.723
38406,3811.616
38407,7992.686
38408,7522.7456
38409,7702.3564
38410,10581.917
38411,9248.839
38412,5741.9614
38413,9880.132
38414,4941.5947
38415,3783.0212
38416,8282.725
38417,14972.261
38418,9492.778
38419,8480.381
38420,5633.9824
38421,7680.707
38422,10388.059
38423,7538.7637
38424,9622.045
38425,6006.8306
38426,5891.281
38427,6726.957
38428,6824.609
38429,6132.158
38430,6335.4146
38431,5639.332
38432,5723.539
38433,7989.8203
38434,8504.34
38435,6416.297
38436,7545.8276
38437,8547.732
38438,6991.2134
38439,6098.8047
38440,10955.3545
38441,8715.219
38442,6453.0977
38443,4552.184
38444,12981.249
38445,7091.774
38446,6217.1016
38447,9812.572
38448,9636.335
38449,8620.206
38450,6973.232
38451,8945.486
38452,10655.2
38453,16221.148
38454,6491.8613
38455,5861.0312
38456,5993.393
38457,7972.1445
38458,6557.0483
38459,9806.725
38460,10386.176
38461,7085.2695
38462,5019.2427
38463,6679.2935
38464,13897.544
38465,5913.2705
38466,8883.783
38467,4844.467
38468,7776.6475
38469,9838.906
38470,8657.474
38471,9610.095
38472,7660.5073
38473,5205.1714
38474,6841.3457
38475,8688.967
38476,10211.377
38477,8823.264
38478,9211.96
38479,7373.931
38480,5207.2373
38481,11852.548
38482,5545.0913
38483,11205.703
38484,6997.818
38485,5096.073
38486,8272.855
38487,7333.5024
38488,8765.312
38489,10653.625
38490,5185.1562
38491,5470.324
38492,8822.22
38493,9740.299
38494,12704.206
38495,6299.5254
38496,7402.6685
38497,7217.134
38498,7363.7256
38499,6199.869
38500,11979.871
38501,10343.273
38502,15944.096
38503,5676.0767
38504,7122.7876
38505,10590.903
38506,13008.404
38507,6422.8853
38508,12005.641
38509,7929.193
38510,6578.661
38511,6485.7524
38512,5756.949
38513,6537.9946
38514,7728.9375
38515,5724.1123
38516,6086.827
38517,10126.445
38518,7783.6675
38519,27609.836
38520,7535.1187
38521,5970.6553
38522,9655.895
38523,14680.51
38524,9617.907
38525,10569.763
38526,8188.1294
38527,10580.615
38528,10917.209
38529,7206.2246
38530,7962.152
38531,9697.371
38532,10901.03
38533,9590.17
38534,12583.328
38535,7589.6924
38536,6973.6045
38537,7753.0293
38538,14292.146
38539,13803.964
38540,13387.36
38541,11325.97
38542,5877.025
38543,7879.3076
38544,6044.2173
38545,11369.044
38546,15416.479
38547,14219.568
38548,8487.17
38549,7227.3564
38550,6228.106
38551,7391.4507
38552,14498.246
38553,9034.652
38554,6997.1304
38555,7095.583
38556,10455.57
38557,4922.316
38558,10452.719
38559,6125.015
38560,9244.861
38561,8867.386
38562,7689.694
38563,10986.693
38564,9233.0625
38565,7183.5986
38566,9710.838
38567,9589.813
38568,16641.217
38569,8641.065
38570,11559.49
38571,11159.383
38572,12003.694
38573,8962.747
38574,11330.432
38575,6411.2866
38576,6649.741
38577,8646.704
38578,8765.755
38579,12669.491
38580,10738.409
38581,8284.89
38582,10502.976
38583,9779.283
38584,12153.835
38585,5274.881
38586,18129.957
38587,6537.271
38588,8587.66
38589,11847.135
38590,6486.73
38591,8042.676
38592,8250.965
38593,10569.894
38594,7845.464
38595,7079.818
38596,10761.313
38597,10563.081
38598,9763.747
38599,7018.198
38600,10034.551
38601,18111.43
38602,9038.488
38603,6934.881
38604,9463.615
38605,8729.895
38606,7864.2236
38607,10695.397
38608,5399.7373
38609,11730.438
38610,8098.97
38611,10309.668
38612,17989.77
38613,6491.651
38614,7159.7803
38615,7470.2637
38616,11547.369
38617,10959.44
38618,7155.1724
38619,6847.809
38620,9922.903
38621,8453.448
38622,7554.419
38623,9961.127
38624,9138.713
38625,10160.063
38626,7244.217
38627,6369.491
38628,8905.765
38629,9954.972
38630,10228.669
38631,11516.068
38632,11460.942
38633,8059.0317
38634,12127.1455
38635,8444.552
38636,8221.844
38637,11860.849
38638,9014.356
38639,14203.791
38640,10684.56
38641,10543.635
38642,7650.3867
38643,10356.165
38644,10787.693
38645,9255.36
38646,5776.9717
38647,8322.343
38648,11211.583
38649,7983.9775
38650,6269.6313
38651,11225.91
38652,9350.682
38653,7826.9507
38654,8442.177
38655,7603.5244
38656,10618.029
38657,10151.462
38658,8643.217
38659,7562.508
38660,7170.886
38661,9509.071
38662,5638.8853
38663,8780.398
38664,7796.425
38665,11600.62
38666,10783.496
38667,9078.04
38668,19847.516
38669,7633.3457
38670,6588.702
38671,14901.402
38672,9689.235
38673,11075.015
38674,10409.818
38675,7066.939
38676,8727.264
38677,7981.3735
38678,11307.254
38679,15546.916
38680,9701.84
38681,4296.011
38682,6356.873
38683,12551.36
38684,12712.896
38685,8781.361
38686,8748.433
38687,6929.8687
38688,6946.2275
38689,4690.083
38690,7090.2793
38691,8607.308
38692,9811.0
38693,9273.616
38694,8864.646
38695,10775.487
38696,12328.103
38697,10576.176
38698,6831.9424
38699,13437.826
38700,14206.799
38701,7730.6997
38702,9620.09
38703,7841.1626
38704,9736.686
38705,5643.319
38706,9517.673
38707,7414.243
38708,12572.507
38709,10161.343
38710,11069.386
38711,11134.526
38712,7338.6313
38713,12116.532
38714,27064.9
38715,13671.762
38716,8164.259
38717,4298.2656
38718,8231.078
38719,11636.157
38720,7898.2085
38721,12351.11
38722,24827.043
38723,5615.1885
38724,7948.5474
38725,13204.731
38726,6691.76
38727,11363.418
38728,8711.504
38729,10981.183
38730,5844.9805
38731,9471.643
38732,8212.281
38733,10051.093
38734,13422.02
38735,8379.795
38736,8286.099
38737,10146.37
38738,7737.5674
38739,7259.1016
38740,10808.362
38741,7517.0366
38742,8059.57
38743,9969.918
38744,9388.25
38745,8649.129
38746,9877.061
38747,10312.736
38748,11302.661
38749,15356.577
38750,10264.839
38751,7682.275
38752,5313.7305
38753,8294.789
38754,9376.993
38755,7958.4014
38756,6897.5566
38757,12412.767
38758,8718.603
38759,12549.625
38760,9322.587
38761,7821.182
38762,7170.8247
38763,6119.934
38764,13607.706
38765,7665.806
38766,10313.514
38767,21885.404
38768,9848.305
38769,9004.449
38770,7138.723
38771,6650.0073
38772,9452.511
38773,5782.1265
38774,7921.2334
38775,14280.21
38776,6995.4355
38777,13928.395
38778,18631.002
38779,7284.702
38780,9521.714
38781,7425.389
38782,9265.756
38783,7938.319
38784,16694.344
38785,10093.775
38786,13677.892
38787,6281.7886
38788,10888.706
38789,6947.248
38790,11634.183
38791,9477.255
38792,8329.371
38793,8851.896
38794,6604.5894
38795,12102.626
38796,12836.782
38797,8480.753
38798,13812.827
38799,8671.051
38800,12590.206
38801,7289.0044
38802,7200.419
38803,7585.3574
38804,14125.303
38805,8614.584
38806,10838.526
38807,9126.021
38808,13237.428
38809,6026.274
38810,11524.221
38811,10051.284
38812,5746.8486
38813,19784.979
38814,23209.113
38815,9755.202
38816,10517.24
38817,13454.369
38818,13886.467
38819,15467.672
38820,7814.337
38821,10017.825
38822,8777.585
38823,11510.402
38824,5654.7744
38825,8535.895
38826,7900.0996
38827,7943.068
38828,10885.591
38829,7356.1724
38830,6582.735
38831,9783.649
38832,6031.3228
38833,6706.194
38834,8801.503
38835,8727.613
38836,12738.044
38837,12636.618
38838,9706.995
38839,8809.229
38840,8838.34
38841,15704.167
38842,10194.474
38843,7461.519
38844,6853.5786
38845,14053.987
38846,5974.8706
38847,10416.364
38848,4608.532
38849,7310.142
38850,10316.141
38851,9270.662
38852,6843.0884
38853,11924.049
38854,14078.068
38855,16960.363
38856,8596.625
38857,13345.801
38858,4495.0884
38859,7556.192
38860,9167.539
38861,6077.736
38862,12303.846
38863,6975.0146
38864,7052.8584
38865,12096.868
38866,14537.126
38867,12694.71
38868,7829.3696
38869,7214.608
38870,22540.777
38871,10436.989
38872,8624.276
38873,6930.001
38874,10087.934
38875,12902.032
38876,6181.3105
38877,8545.572
38878,11126.003
38879,11127.987
38880,19290.912
38881,8711.063
38882,17100.664
38883,9336.548
38884,7329.852
38885,5052.1313
38886,8653.329
38887,8972.446
38888,7434.985
38889,10433.257
38890,7044.0513
38891,6703.361
38892,10485.21
38893,5000.1714
38894,10688.402
38895,9208.64
38896,10674.3125
38897,12924.151
38898,7730.7954
38899,11767.405
38900,9074.5
38901,7185.8325
38902,8053.5913
38903,6697.9604
38904,14287.621
38905,9166.734
38906,6802.714
38907,9756.328
38908,12062.685
38909,10865.126
38910,8628.827
38911,11926.494
38912,7867.3745
38913,6527.1963
38914,7473.998
38915,11606.541
38916,8800.948
38917,8739.775
38918,8066.9297
38919,7531.009
38920,6302.843
38921,7113.242
38922,11865.94
38923,13276.699
38924,15355.186
38925,15820.795
38926,11393.414
38927,11496.2705
38928,6998.432
38929,15329.886
38930,14324.1875
38931,10754.378
38932,11665.994
38933,11591.718
38934,8649.93
38935,5751.5156
38936,16253.003
38937,9442.518
38938,9934.428
38939,8237.919
38940,3633.3167
38941,15383.828
38942,8367.719
38943,6615.6606
38944,6762.3457
38945,7305.9043
38946,9176.27
38947,10783.177
38948,9840.5205
38949,7861.4565
38950,6908.9077
38951,5961.038
38952,4825.6035
38953,10053.087
38954,18265.799
38955,6403.9277
38956,8435.656
38957,9676.74
38958,7823.1143
38959,6786.512
38960,7059.4673
38961,5922.754
38962,11508.799
38963,9641.98
38964,5743.1226
38965,13100.539
38966,7700.9604
38967,6881.7324
38968,16532.064
38969,10045.237
38970,13438.697
38971,7690.7725
38972,8824.534
38973,7055.651
38974,7318.032
38975,22871.469
38976,15135.98
38977,8870.363
38978,7398.4336
38979,6815.658
38980,7928.989
38981,6432.8853
38982,14560.965
38983,7330.1455
38984,7696.8335
38985,9954.203
38986,6599.7026
38987,9004.079
38988,9859.761
38989,9506.106
38990,10297.374
38991,5919.7207
38992,7905.4663
38993,8805.768
38994,12927.603
38995,11194.092
38996,9874.047
38997,6467.0166
38998,11606.464
38999,8342.959
39000,6554.516
39001,9745.316
39002,9993.7
39003,8492.457
39004,9032.215
39005,8259.413
39006,8721.147
39007,7492.2197
39008,10221.179
39009,8974.029
39010,8954.834
39011,12408.601
39012,8555.195
39013,6576.942
39014,16626.574
39015,7778.7764
39016,4413.1035
39017,10376.324
39018,11702.49
39019,14086.557
39020,7205.4824
39021,8271.325
39022,8360.037
39023,10181.025
39024,8007.7793
39025,11823.283
39026,4794.537
39027,8405.627
39028,8887.792
39029,8070.2544
39030,8013.487
39031,9428.263
39032,10679.323
39033,8055.589
39034,11182.77
39035,9148.079
39036,12294.38
39037,6617.1377
39038,8726.581
39039,9423.184
39040,10803.89
39041,11021.506
39042,5682.8975
39043,9299.071
39044,9371.0205
39045,10678.365
39046,7325.966
39047,5949.7793
39048,12036.826
39049,8709.419
39050,13142.688
39051,9241.088
39052,8048.301
39053,11821.705
39054,9127.118
39055,9357.516
39056,10855.379
39057,8804.785
39058,13035.939
39059,15795.029
39060,10817.387
39061,6990.0664
39062,8154.803
39063,6119.6484
39064,4527.1377
39065,10622.831
39066,7658.951
39067,12578.852
39068,6526.306
39069,7732.4546
39070,8358.028
39071,12998.247
39072,6949.912
39073,7657.9136
39074,7994.455
39075,7106.217
39076,6689.9155
39077,9916.81
39078,10178.773
39079,10342.8
39080,10954.675
39081,9784.051
39082,8027.333
39083,7042.896
39084,7180.8037
39085,14425.833
39086,12321.8955
39087,15256.083
39088,16966.365
39089,7620.361
39090,6307.57
39091,9168.974
39092,12380.348
39093,14208.425
39094,10508.808
39095,11183.996
39096,11061.787
39097,10226.27
39098,9046.086
39099,7970.168
39100,7014.163
39101,6816.451
39102,5752.0913
39103,7501.265
39104,11020.822
39105,25493.871
39106,9250.153
39107,6811.2974
39108,10306.876
39109,5968.4175
39110,8724.643
39111,5512.453
39112,12448.714
39113,8890.972
39114,8752.046
39115,18635.018
39116,12381.032
39117,7653.058
39118,10145.276
39119,5673.419
39120,7444.103
39121,7464.281
39122,11476.814
39123,6921.044
39124,5982.227
39125,8125.153
39126,7169.717
39127,9777.445
39128,10270.489
39129,5133.366
39130,10012.935
39131,11983.391
39132,8949.788
39133,7116.52
39134,5950.2393
39135,11293.804
39136,6875.0996
39137,13820.853
39138,6607.652
39139,8378.924
39140,9590.381
39141,8209.619
39142,6559.82
39143,7336.322
39144,9380.043
39145,13056.594
39146,13406.207
39147,7600.0513
39148,6014.9893
39149,8539.853
39150,11916.193
39151,6817.7583
39152,8539.136
39153,8265.576
39154,16397.162
39155,10390.843
39156,8455.054
39157,8570.681
39158,6950.5884
39159,12482.931
39160,8094.846
39161,17604.617
39162,8959.652
39163,7290.0127
39164,7646.4404
39165,5512.3213
39166,9396.608
39167,30901.947
39168,5784.934
39169,6957.9443
39170,13396.0205
39171,8963.602
39172,9796.049
39173,11149.648
39174,8750.869
39175,6985.6675
39176,6324.6133
39177,13519.25
39178,8455.054
39179,10269.333
39180,10799.223
39181,7173.157
39182,9775.608
39183,8931.189
39184,5303.588
39185,12001.245
39186,12864.212
39187,6318.156
39188,11417.748
39189,9386.505
39190,6694.7925
39191,13696.036
39192,9021.745
39193,10251.591
39194,6569.0176
39195,6864.3013
39196,9403.934
39197,5857.683
39198,10909.643
39199,6139.6084
39200,8720.49
39201,6671.907
39202,8195.286
39203,8058.8164
39204,9806.351
39205,9233.951
39206,11965.426
39207,8415.742
39208,10342.307
39209,8596.748
39210,12173.499
39211,13546.793
39212,10004.668
39213,4198.8096
39214,8724.185
39215,9719.947
39216,5681.19
39217,16778.16
39218,7925.866
39219,9482.155
39220,14556.536
39221,9820.905
39222,6021.0566
39223,12652.537
39224,13435.198
39225,7970.7837
39226,12143.534
39227,12526.008
39228,8679.946
39229,8070.755
39230,9508.409
39231,7629.008
39232,8605.821
39233,10212.77
39234,6578.8433
39235,9762.304
39236,10489.881
39237,9448.707
39238,10922.1875
39239,8306.783
39240,9572.031
39241,6818.1416
39242,10243.558
39243,10102.762
39244,8548.034
39245,9174.336
39246,10367.589
39247,13027.338
39248,8484.103
39249,7449.4233
39250,8792.877
39251,10286.959
39252,9937.802
39253,5994.1016
39254,6337.089
39255,10194.046
39256,8619.178
39257,9067.206
39258,11545.685
39259,7887.225
39260,9403.719
39261,7009.843
39262,4303.328
39263,9480.935
39264,9299.443
39265,9400.66
39266,11894.381
39267,10944.848
39268,6771.4014
39269,11562.589
39270,5660.7646
39271,4458.785
39272,10276.81
39273,17473.992
39274,10982.513
39275,10043.359
39276,6451.325
39277,8952.366
39278,12056.209
39279,9136.795
39280,11128.6875
39281,6930.8804
39282,6873.8667
39283,7760.339
39284,7996.7046
39285,7205.8257
39286,7487.7905
39287,6898.5566
39288,6470.5957
39289,9108.96
39290,10038.829
39291,7521.7056
39292,8847.179
39293,10158.203
39294,8217.539
39295,7094.4126
39296,13160.487
39297,10033.517
39298,7459.5195
39299,5236.505
39300,15191.993
39301,8346.325
39302,7556.1846
39303,11504.025
39304,11236.43
39305,10214.396
39306,8319.065
39307,10283.202
39308,12532.987
39309,18792.184
39310,7711.8096
39311,7235.8613
39312,7254.734
39313,9483.068
39314,7646.4985
39315,11489.233
39316,12000.397
39317,8230.207
39318,5759.7285
39319,7795.2573
39320,15964.196
39321,6734.7573
39322,10779.835
39323,5521.8516
39324,9377.261
39325,11565.865
39326,9978.1
39327,11392.805
39328,8668.637
39329,6014.8057
39330,8321.168
39331,10169.506
39332,12030.308
39333,10174.018
39334,10982.9
39335,8731.519
39336,6055.1577
39337,13917.546
39338,6340.124
39339,12926.777
39340,8196.756
39341,5978.2227
39342,9948.461
39343,8463.315
39344,10076.039
39345,12364.087
39346,6046.8525
39347,6349.238
39348,10574.36
39349,11277.636
39350,14711.415
39351,7491.441
39352,8644.132
39353,8404.304
39354,9090.699
39355,7297.491
39356,14335.039
39357,11935.153
39358,18416.777
39359,6673.3584
39360,8361.863
39361,11417.748
39362,14214.728
39363,7589.6562
39364,14670.6
39365,9116.695
39366,8034.2344
39367,7619.605
39368,6916.0483
39369,7558.2173
39370,8720.698
39371,6640.7725
39372,7222.56
39373,12134.18
39374,8986.32
39375,31100.186
39376,9153.071
39377,0.0
39378,0.0
39379,0.0
39380,0.0
39381,0.0
39382,0.0
39383,0.0
39384,0.0
39385,0.0
39386,0.0
39387,0.0
39388,0.0
39389,0.0
39390,0.0
39391,0.0
39392,0.0
39393,0.0
39394,0.0
39395,0.0
39396,0.0
39397,0.0
39398,0.0
39399,0.0
39400,0.0
39401,0.0
39402,0.0
39403,0.0
39404,0.0
39405,0.0
39406,0.0
39407,0.0
39408,0.0
39409,0.0
39410,0.0
39411,0.0
39412,0.0
39413,0.0
39414,0.0
39415,0.0
39416,0.0
39417,0.0
39418,0.0
39419,0.0
39420,0.0
39421,0.0
39422,0.0
39423,0.0
39424,0.0063212984
39425,0.0
39426,0.0
39427,0.0
39428,0.0
39429,0.0
39430,0.0
39431,0.0
39432,0.0
39433,0.0
39434,0.0
39435,0.0
39436,0.0
39437,0.0
39438,0.0
39439,0.0
39440,0.0
39441,0.0
39442,0.0
39443,0.0
39444,0.0
39445,0.0
39446,0.0
39447,0.0
39448,0.0
39449,0.0
39450,0.0
39451,0.0
39452,0.0
39453,0.0
39454,0.0
39455,0.0
39456,0.0
39457,0.0
39458,0.0
39459,0.0
39460,0.0
39461,0.0
39462,0.0
39463,0.0
39464,0.0
39465,0.0
39466,0.0
39467,0.0
39468,4300.3774
39469,0.0
39470,0.0
39471,0.0
39472,0.0
39473,0.0
39474,0.0
39475,0.0
39476,0.0
39477,0.0
39478,0.0
39479,0.0
39480,0.0
39481,0.0
39482,0.0
39483,0.0
39484,0.0
39485,0.0
39486,0.0
39487,0.0
39488,0.0
39489,0.0
39490,0.0
39491,0.0
39492,0.0
39493,0.0
39494,0.0
39495,0.0
39496,0.0
39497,0.0
39498,0.0
39499,0.0
39500,0.0
39501,0.0
39502,0.0
39503,0.0
39504,0.0
39505,0.0
39506,0.0
39507,0.0
39508,0.0
39509,0.0
39510,0.0
39511,0.0
39512,0.0
39513,0.0
39514,0.0
39515,0.0
39516,0.0
39517,0.0
39518,0.0
39519,0.0
39520,0.0
39521,0.0
39522,0.0
39523,0.0
39524,0.0
39525,0.0
39526,0.0
39527,0.0
39528,0.0
39529,0.0
39530,0.0
39531,0.0
39532,0.0
39533,0.0
39534,0.0
39535,0.0
39536,3604.2776
39537,0.0
39538,0.0
39539,0.0028703797
39540,0.0
39541,0.0
39542,0.0
39543,0.0
39544,0.0
39545,0.0
39546,0.0
39547,0.0
39548,0.0
39549,0.0
39550,0.0
39551,0.0
39552,0.0
39553,0.0
39554,0.0
39555,0.0
39556,0.0
39557,0.0
39558,0.0
39559,0.0
39560,0.0
39561,0.0
39562,0.0
39563,0.0
39564,0.0
39565,0.0
39566,0.0
39567,0.0
39568,0.0
39569,0.0
39570,0.022501994
39571,0.0
39572,0.0
39573,0.0
39574,0.0
39575,0.0
39576,0.0
39577,12276.921
39578,26029.088
39579,0.0
39580,0.0
39581,0.0
39582,0.0
39583,0.004438206
39584,0.0
39585,0.0
39586,6348.069
39587,0.0
39588,0.0
39589,0.0
39590,0.0
39591,0.0
39592,0.0
39593,0.0
39594,0.0
39595,0.0
39596,0.0
39597,0.0
39598,0.0
39599,0.0
39600,0.0
39601,0.0
39602,0.0
39603,0.0
39604,0.0
39605,5004.246
39606,0.0
39607,0.0
39608,0.0
39609,0.0
39610,0.0
39611,0.0
39612,0.0
39613,0.0
39614,0.0
39615,4786.7
39616,0.0
39617,0.0
39618,0.0
39619,0.0
39620,0.0
39621,0.0
39622,0.0
39623,0.0
39624,0.0
39625,0.0
39626,0.0
39627,0.0
39628,0.0
39629,0.0
39630,0.0002365392
39631,0.0
39632,0.0
39633,9658.336
39634,0.008397355
39635,0.0
39636,0.0
39637,0.0
39638,0.0
39639,0.0
39640,0.0
39641,0.0
39642,0.0
39643,0.0
39644,0.0
39645,0.0
39646,0.0
39647,0.0
39648,0.0
39649,0.0
39650,7161.563
39651,0.0
39652,0.0
39653,0.0
39654,0.0
39655,0.0
39656,0.003204223
39657,0.0
39658,0.0
39659,0.0
39660,0.0
39661,0.0
39662,0.0
39663,0.0
39664,0.0011326524
39665,0.0
39666,0.0
39667,0.0
39668,0.0
39669,0.030686697
39670,0.02697151
39671,0.0
39672,0.0
39673,0.0016407107
39674,0.0
39675,0.0
39676,0.0
39677,0.0
39678,0.0
39679,0.0
39680,0.0
39681,0.0
39682,0.0
39683,0.0
39684,0.0
39685,0.0
39686,0.0
39687,0.0
39688,0.0
39689,0.0
39690,0.0
39691,0.0
39692,0.0
39693,0.0
39694,0.0
39695,0.0
39696,0.0
39697,0.0
39698,0.0075999554
39699,0.0
39700,0.0
39701,0.0
39702,0.0
39703,0.0
39704,0.0001192164
39705,0.0
39706,0.0
39707,0.0
39708,0.0
39709,0.0
39710,0.0
39711,0.0
39712,2623.4517
39713,0.0
39714,0.0
39715,0.0
39716,0.0
39717,0.0
39718,0.0
39719,0.0
39720,0.0
39721,0.0
39722,0.0
39723,0.0
39724,0.0
39725,0.0
39726,6077.701
39727,0.0
39728,0.0015141495
39729,0.0
39730,0.0
39731,0.0
39732,0.0
39733,0.0
39734,0.0
39735,0.0
39736,0.0
39737,0.0
39738,0.0
39739,0.0
39740,0.0
39741,0.0
39742,0.0
39743,0.0
39744,0.0
39745,0.0
39746,0.0
39747,0.0
39748,0.0
39749,0.0
39750,0.0
39751,0.0
39752,0.0
39753,0.0
39754,0.0
39755,0.0
39756,0.0
39757,0.0
39758,0.0
39759,0.0
39760,0.0
39761,0.0
39762,0.0
39763,0.0
39764,0.0
39765,0.0
39766,0.0
39767,0.0
39768,0.0
39769,7233.522
39770,0.0
39771,0.0
39772,0.0
39773,0.0
39774,0.0
39775,0.0
39776,0.0
39777,0.0
39778,0.0
39779,3366.7358
39780,0.0
39781,0.0
39782,0.0
39783,4758.6475
39784,0.0
39785,0.0
39786,0.0
39787,0.0
39788,0.0
39789,0.0
39790,0.0
39791,0.0
39792,0.0
39793,0.0
39794,0.0
39795,0.0
39796,0.0
39797,0.0
39798,0.0
39799,0.0
39800,0.0
39801,0.0
39802,0.0
39803,0.0
39804,0.006657251
39805,0.0
39806,0.0
39807,0.0
39808,0.0
39809,0.0
39810,17951.018
39811,0.0
39812,0.0
39813,0.0
39814,0.0
39815,0.0
39816,0.0
39817,0.0
39818,0.0
39819,0.0
39820,0.0
39821,0.0
39822,0.0
39823,0.0
39824,7113.934
39825,0.0
39826,0.0
39827,0.0
39828,0.0
39829,0.0
39830,0.0
39831,0.0
39832,0.0
39833,0.0
39834,0.0
39835,0.0
39836,0.0
39837,0.0
39838,0.0
39839,0.0
39840,0.0
39841,0.0
39842,0.0
39843,0.0
39844,0.0
39845,0.0
39846,0.0
39847,0.0
39848,0.0
39849,0.0
39850,0.0
39851,0.0
39852,0.0
39853,0.0
39854,0.0
39855,0.0
39856,0.0
39857,0.0
39858,0.0
39859,0.0
39860,0.0
39861,0.0
39862,0.0
39863,0.0
39864,0.0
39865,0.0
39866,0.0
39867,0.0
39868,0.0
39869,0.0
39870,0.0
39871,0.0
39872,0.0
39873,0.0
39874,0.0017262081
39875,0.0
39876,0.0
39877,0.0
39878,0.0
39879,0.0
39880,0.0
39881,0.0
39882,0.0034812344
39883,0.0
39884,0.0
39885,0.0
39886,0.0
39887,0.0
39888,0.0
39889,0.0
39890,0.0
39891,0.0
39892,0.0
39893,0.0
39894,0.0
39895,0.0
39896,0.0
39897,0.0
39898,0.0
39899,9374.444
39900,0.0
39901,0.0
39902,0.0
39903,0.0
39904,0.0
39905,0.0
39906,0.0
39907,0.0
39908,0.0
39909,0.0
39910,0.0
39911,0.0
39912,0.0
39913,0.0
39914,0.0
39915,0.0
39916,0.0
39917,0.0
39918,0.0
39919,0.0
39920,0.0
39921,0.0
39922,0.0
39923,0.0
39924,0.0
39925,0.0
39926,0.0
39927,0.0
39928,0.0
39929,0.0
39930,0.0
39931,0.029721903
39932,0.0
39933,0.0
39934,0.0
39935,0.0
39936,0.0
39937,0.0
39938,0.0
39939,0.0
39940,0.0
39941,0.0
39942,0.0
39943,4254.427
39944,13410.351
39945,0.0
39946,0.0
39947,0.0
39948,0.0
39949,0.0
39950,0.0
39951,0.0
39952,0.0
39953,0.0
39954,0.0
39955,0.0
39956,0.0
39957,0.0
39958,0.0
39959,0.0
39960,0.0
39961,0.0
39962,0.0
39963,0.0
39964,0.0
39965,0.0
39966,0.0
39967,0.0
39968,0.0
39969,0.0
39970,0.0
39971,0.0
39972,10716.023
39973,0.0022374352
39974,0.0
39975,0.0
39976,0.0
39977,0.0
39978,0.0
39979,0.0
39980,0.0
39981,0.0
39982,0.0
39983,0.0
39984,0.0
39985,0.0
39986,0.0
39987,0.0
39988,0.0
39989,0.0
39990,0.0
39991,0.0
39992,0.0
39993,0.0
39994,0.0
39995,0.0
39996,0.0
39997,0.0
39998,0.0
39999,0.0
40000,0.0
40001,0.0
40002,0.0
40003,0.0
40004,0.0
40005,0.0
40006,0.016579673
40007,0.0
40008,0.0
40009,0.0
40010,0.0
40011,0.0
40012,0.0
40013,0.0
40014,0.0
40015,0.0
40016,0.0
40017,0.0
40018,0.0
40019,0.0
40020,0.0
40021,0.0
40022,0.0
40023,0.0201016
40024,0.0
40025,0.0
40026,0.0
40027,0.0
40028,0.0
40029,0.0
40030,0.0
40031,0.0
40032,0.0
40033,0.0
40034,0.0
40035,0.0
40036,0.0
40037,0.0
40038,0.0
40039,0.0
40040,0.0
40041,0.0
40042,4142.2866
40043,0.0
40044,0.0
40045,0.0
40046,2899.5752
40047,0.0
40048,0.0
40049,0.00087776536
40050,0.0
40051,0.0
40052,0.0
40053,0.0
40054,0.0
40055,0.0
40056,0.0
40057,0.0
40058,0.0
40059,0.0
40060,0.0
40061,0.0
40062,0.0
40063,0.0
40064,0.0
40065,0.0
40066,0.0
40067,0.0
40068,0.0
40069,0.0
40070,0.0
40071,0.0
40072,0.0
40073,0.0
40074,0.0
40075,0.0
40076,0.0
40077,0.0
40078,0.0
40079,0.0
40080,0.0
40081,0.0
40082,0.0
40083,0.0
40084,0.0
40085,0.0
40086,0.0
40087,0.0
40088,0.0
40089,0.0017997706
40090,0.0
40091,0.0
40092,0.0
40093,0.0
40094,0.0
40095,0.0
40096,0.0
40097,3379.62
40098,0.0
40099,0.0
40100,0.0
40101,0.0
40102,0.0
40103,0.0
40104,0.0
40105,0.0
40106,0.0
40107,0.0
40108,0.0
40109,0.0
40110,0.0
40111,0.0
40112,9583.413
40113,0.0
40114,0.0
40115,0.0
40116,0.0
40117,0.0
40118,0.0
40119,0.0
40120,0.0
40121,0.0
40122,0.0
40123,0.0009083102
40124,0.0
40125,0.0
40126,0.0
40127,0.0
40128,0.0
40129,0.0
40130,0.0
40131,0.0
40132,0.0
40133,0.0
40134,0.0
40135,0.0
40136,0.0017176103
40137,0.0
40138,0.0
40139,0.0
40140,0.0
40141,0.0
40142,0.0
40143,0.0
40144,0.0
40145,0.0
40146,0.0
40147,0.0
40148,0.0
40149,0.0
40150,0.0
40151,0.0
40152,0.0
40153,0.0
40154,0.0
40155,0.0
40156,0.019027658
40157,0.0
40158,0.0
40159,0.0
40160,0.0
40161,0.0
40162,0.0
40163,0.0
40164,0.0
40165,0.0
40166,0.0
40167,0.0
40168,0.0
40169,0.0
40170,0.0
40171,0.0
40172,0.0
40173,0.0
40174,0.0
40175,0.0
40176,4820.037
40177,0.0
40178,0.0
40179,0.0
40180,0.0
40181,0.0
40182,0.0
40183,0.0
40184,0.0
40185,0.0
40186,0.0
40187,0.0
40188,0.0
40189,0.0
40190,0.0
40191,0.0
40192,0.0
40193,0.0
40194,0.0
40195,0.0
40196,0.0
40197,0.0
40198,0.0
40199,0.0
40200,0.0
40201,0.0
40202,0.0
40203,0.0
40204,0.0
40205,0.0
40206,0.0
40207,0.0
40208,0.0
40209,0.0
40210,0.0
40211,0.0
40212,0.000960334
40213,0.0
40214,0.007488494
40215,0.0
40216,0.0
40217,10660.954
40218,6486.4766
40219,0.0
40220,0.0
40221,0.0
40222,0.0
40223,0.0
40224,0.0
40225,0.0
40226,0.0
40227,0.0
40228,0.0
40229,0.0
40230,0.0
40231,0.07120965
40232,0.0
40233,4177.173
40234,4394.796
40235,7336.8677
40236,3408.9497
40237,6148.5693
40238,4902.224
40239,5833.162
40240,6097.3213
40241,4184.2954
40242,3417.2131
40243,5896.6777
40244,6441.985
40245,4656.4272
40246,7406.2915
40247,6223.2007
40248,3735.2107
40249,4495.457
40250,8209.627
40251,10507.955
40252,7535.931
40253,6951.6626
40254,2757.7673
40255,5547.779
40256,2405.2625
40257,7569.089
40258,9672.127
40259,10671.106
40260,5608.535
40261,2407.4172
40262,3772.772
40263,6002.283
40264,8551.639
40265,4506.3965
40266,5500.4463
40267,5153.407
40268,5461.586
40269,2248.3127
40270,7611.3896
40271,4204.1357
40272,6963.5415
40273,6399.867
40274,3458.169
40275,8309.652
40276,6480.4717
40277,4642.466
40278,3869.4185
40279,7271.09
40280,9524.983
40281,6418.8613
40282,6627.029
40283,7720.612
40284,9345.858
40285,6247.091
40286,6452.525
40287,2481.4917
40288,3168.6504
40289,4001.3987
40290,6045.722
40291,8396.765
40292,7655.504
40293,4217.849
40294,8077.339
40295,8333.726
40296,6175.135
40297,2527.4446
40298,12002.974
40299,2846.4111
40300,5576.3374
40301,7155.916
40302,4155.113
40303,5592.1836
40304,3128.7336
40305,5925.7373
40306,5310.9536
40307,5882.8687
40308,8191.6133
40309,6668.529
40310,5139.206
40311,3376.533
40312,7242.911
40313,13129.759
40314,5508.0483
40315,3767.7693
40316,6425.937
40317,5751.8994
40318,5971.7314
40319,8878.489
40320,2073.5723
40321,7303.807
40322,4892.0312
40323,6314.625
40324,8613.869
40325,2768.973
40326,4063.2295
40327,5116.6475
40328,7793.109
40329,7681.242
40330,5142.928
40331,4351.878
40332,7487.605
40333,6044.8223
40334,4456.0
40335,6929.6113
40336,5183.47
40337,6640.829
40338,5227.343
40339,3148.4531
40340,5515.025
40341,6215.086
40342,6913.542
40343,7367.843
40344,7611.266
40345,4662.8057
40346,7938.1675
40347,3024.289
40348,3341.0632
40349,7822.7114
40350,6719.435
40351,8175.2227
40352,7812.034
40353,7085.0195
40354,5300.2246
40355,6550.097
40356,7267.574
40357,5229.916
40358,2933.1982
40359,4595.582
40360,5068.5957
40361,4920.18
40362,2825.8372
40363,5842.695
40364,7257.094
40365,5985.72
40366,5501.144
40367,2705.8608
40368,5767.1826
40369,6454.2363
40370,3706.0327
40371,5172.599
40372,3691.7002
40373,5440.923
40374,3523.0764
40375,4390.8027
40376,4481.1104
40377,7300.666
40378,7763.6406
40379,7198.7915
40380,14107.289
40381,3904.61
40382,5029.868
40383,9775.776
40384,5380.375
40385,7650.664
40386,6509.986
40387,5245.899
40388,6678.714
40389,5385.217
40390,5269.4346
40391,8554.967
40392,5944.9404
40393,2547.5427
40394,3418.8435
40395,7772.4575
40396,9133.127
40397,5685.8687
40398,6216.912
40399,4265.716
40400,2211.6482
40401,1781.511
40402,3317.048
40403,5771.982
40404,7274.1836
40405,5408.2476
40406,4268.048
40407,7750.959
40408,7537.9653
40409,6943.657
40410,4637.779
40411,8945.452
40412,8735.342
40413,3851.2493
40414,5562.5464
40415,4533.8013
40416,6023.1133
40417,3393.8096
40418,4546.018
40419,4003.8958
40420,9213.27
40421,5982.1646
40422,7280.6733
40423,7037.282
40424,4867.339
40425,7516.95
40426,19933.393
40427,8077.886
40428,3620.8953
40429,2956.3708
40430,6504.338
40431,7053.316
40432,4914.2236
40433,9938.342
40434,19789.262
40435,4673.8936
40436,2939.6736
40437,9976.977
40438,2941.8127
40439,5572.785
40440,3747.6812
40441,5713.9062
40442,5264.1997
40443,6679.4336
40444,5227.7563
40445,5372.8667
40446,9146.474
40447,6080.577
40448,5971.7485
40449,7745.114
40450,5253.7856
40451,5663.7354
40452,9880.33
40453,4926.445
40454,5958.9634
40455,4574.9507
40456,3982.6973
40457,5605.107
40458,4784.176
40459,5448.677
40460,8355.955
40461,8447.371
40462,7426.204
40463,4387.9805
40464,3604.563
40465,4032.936
40466,4554.929
40467,6532.9575
40468,3300.9995
40469,7494.6143
40470,5241.2124
40471,7776.054
40472,6084.1978
40473,4592.0415
40474,3246.77
40475,3047.7288
40476,9955.295
40477,6013.4116
40478,5900.802
40479,14758.719
40480,7280.521
40481,4023.207
40482,5516.845
40483,2620.5413
40484,5023.7593
40485,3283.6062
40486,4087.2964
40487,8534.625
40488,5075.204
40489,9776.635
40490,12346.788
40491,5968.3887
40492,5806.5493
40493,4060.614
40494,5049.6357
40495,4469.047
40496,10257.714
40497,6465.2466
40498,7869.3335
40499,3418.3706
40500,5962.767
40501,5462.024
40502,8545.312
40503,6700.018
40504,5059.249
40505,6318.1616
40506,5723.561
40507,8342.362
40508,7100.6743
40509,6632.5493
40510,8984.032
40511,6822.1943
40512,8892.643
40513,3482.551
40514,5394.4194
40515,4775.34
40516,8806.565
40517,6742.8047
40518,7105.769
40519,6131.6436
40520,8395.604
40521,4900.4707
40522,6542.7856
40523,5849.102
40524,3298.6323
40525,14286.545
40526,20267.871
40527,7233.1562
40528,6214.2324
40529,7784.8555
40530,8489.761
40531,8575.383
40532,2669.8574
40533,4459.402
40534,5531.2983
40535,8528.538
40536,2487.7593
40537,4165.149
40538,5416.0166
40539,5287.913
40540,5434.818
40541,3269.0227
40542,2577.8916
40543,7263.7354
40544,3624.8662
40545,4866.828
40546,5583.986
40547,5072.3975
40548,8948.602
40549,9953.6045
40550,5516.519
40551,7120.003
40552,5979.7056
40553,10006.958
40554,4715.4863
40555,2897.8318
40556,5243.3525
40557,10419.852
40558,3908.139
40559,6794.621
40560,2324.2217
40561,3336.3655
40562,6763.352
40563,6585.8936
40564,5544.9165
40565,8937.658
40566,9026.814
40567,8735.741
40568,5040.545
40569,10681.533
40570,1841.0156
40571,4279.871
40572,5905.5767
40573,4502.4697
40574,8893.262
40575,2580.4075
40576,4983.302
40577,6436.469
40578,9504.574
40579,10521.053
40580,5199.2964
40581,2523.6206
40582,10770.493
40583,8569.373
40584,4317.217
40585,5744.344
40586,8727.646
40587,5867.4746
40588,4755.6616
40589,3458.8982
40590,7899.0293
40591,5037.6514
40592,12573.167
40593,6742.811
40594,11244.749
40595,6783.9946
40596,4900.756
40597,1945.5427
40598,5542.283
40599,6372.657
40600,5510.96
40601,7592.668
40602,5676.218
40603,2547.3992
40604,6679.975
40605,3289.2305
40606,8753.215
40607,6554.091
40608,7352.679
40609,8017.6304
40610,5088.4375
40611,7518.6426
40612,7544.6045
40613,5527.5693
40614,6896.833
40615,3427.1638
40616,9376.206
40617,6183.5693
40618,3046.0952
40619,4874.192
40620,7362.7075
40621,5882.285
40622,4446.027
40623,5610.333
40624,5248.6665
40625,5769.334
40626,5724.298
40627,8565.148
40628,3974.7422
40629,3812.696
40630,5874.189
40631,5559.9365
40632,3061.9856
40633,4659.3506
40634,8802.703
40635,6892.6636
40636,10587.167
40637,8012.0044
40638,7350.239
40639,8732.459
40640,4345.954
40641,10485.29
40642,9252.447
40643,7161.4126
40644,5933.9443
40645,6359.7476
40646,5218.7485
40647,2304.9136
40648,13079.951
40649,6715.68
40650,5201.0127
40651,5351.916
40652,1683.2943
40653,9523.121
40654,5892.7812
40655,4536.8213
40656,3819.0515
40657,5094.8438
40658,5089.554
40659,5068.286
40660,8764.802
40661,5378.3843
40662,4478.675
40663,2698.954
40664,2380.037
40665,4865.0044
40666,14374.372
40667,3166.523
40668,5791.311
40669,5191.1494
40670,3642.666
40671,3350.1912
40672,5652.8496
40673,2339.7393
40674,9792.294
40675,6155.411
40676,2598.9187
40677,8593.125
40678,2601.9207
40679,3880.0635
40680,10397.346
40681,7364.161
40682,8523.009
40683,2362.3032
40684,4325.548
40685,4494.3765
40686,3915.9382
40687,16914.76
40688,10912.774
40689,5576.917
40690,3076.0742
40691,5877.35
40692,4537.0117
40693,2447.9155
40694,7396.5
40695,4395.8735
40696,6157.9775
40697,6234.632
40698,4864.1504
40699,5133.988
40700,6226.205
40701,6427.69
40702,7018.553
40703,2591.8828
40704,6129.6553
40705,6404.9053
40706,8508.737
40707,6596.789
40708,7339.6743
40709,2249.76
40710,9082.345
40711,4989.066
40712,3090.3867
40713,4623.6924
40714,4755.5166
40715,4457.6455
40716,7198.86
40717,4080.7437
40718,6003.119
40719,4694.568
40720,7033.4707
40721,7892.387
40722,5794.162
40723,7918.0156
40724,6662.826
40725,2283.8716
40726,11330.508
40727,3591.6504
40728,3182.0364
40729,5834.3306
40730,10067.144
40731,9378.844
40732,4289.1196
40733,4512.974
40734,6611.63
40735,6467.9175
40736,4803.0786
40737,7977.2026
40738,3023.6255
40739,4192.53
40740,4209.1235
40741,3840.3389
40742,3310.1853
40743,7165.0884
40744,5643.0283
40745,6134.358
40746,5925.511
40747,7794.752
40748,7372.89
40749,5193.9976
40750,5653.9062
40751,6165.665
40752,7085.5264
40753,5969.0435
40754,1714.7369
40755,7404.808
40756,6296.017
40757,6113.668
40758,4859.5083
40759,3137.0063
40760,8997.486
40761,3027.7993
40762,8506.312
40763,5627.317
40764,4007.6863
40765,7538.4688
40766,4094.8086
40767,4645.5845
40768,8525.83
40769,2683.2327
40770,7505.187
40771,8426.643
40772,6863.954
40773,2800.3591
40774,5156.928
40775,3078.2876
40776,2000.6946
40777,5316.458
40778,6024.7163
40779,6213.8174
40780,4680.4697
40781,5305.1816
40782,5275.3687
40783,7827.637
40784,5472.918
40785,5933.271
40786,3885.0933
40787,3953.9016
40788,5507.3706
40789,5401.772
40790,7151.6787
40791,6151.0737
40792,7807.781
40793,5850.1675
40794,5331.754
40795,3172.4434
40796,5674.729
40797,10654.184
40798,6614.1465
40799,8606.766
40800,13779.524
40801,2988.5872
40802,5096.7925
40803,3915.083
40804,8620.478
40805,9938.892
40806,7834.8154
40807,7187.8823
40808,7059.8916
40809,8115.8354
40810,6264.652
40811,4887.661
40812,2482.0515
40813,4806.0757
40814,2841.9014
40815,2807.1438
40816,7051.3047
40817,18102.295
40818,5838.333
40819,3581.513
40820,4617.3633
40821,4090.1865
40822,5303.891
40823,2258.8376
40824,6609.253
40825,6939.4067
40826,3977.7576
40827,11816.621
40828,10113.463
40829,3139.8716
40830,5015.9644
40831,3656.2954
40832,3876.4639
40833,4283.6777
40834,8481.125
40835,3844.0298
40836,4536.419
40837,4748.93
40838,5317.5483
40839,4734.5063
40840,7151.113
40841,3727.0745
40842,7865.649
40843,6965.6006
40844,4889.7876
40845,3515.8245
40846,3287.2104
40847,5224.023
40848,4939.9453
40849,8951.709
40850,4158.5825
40851,3913.918
40852,5644.2344
40853,4817.0405
40854,6058.1445
40855,4403.8438
40856,5466.1357
40857,9967.209
40858,7118.7803
40859,5923.6294
40860,3265.675
40861,5305.394
40862,8369.244
40863,3747.1555
40864,4911.1445
40865,4943.9097
40866,12186.963
40867,6368.4824
40868,4297.298
40869,4390.3755
40870,4804.9663
40871,6970.1533
40872,5034.889
40873,10692.052
40874,6191.1704
40875,4877.9316
40876,3979.4656
40877,2405.7983
40878,3476.7356
40879,24909.697
40880,1877.0497
40881,4948.7554
40882,6761.262
40883,6409.4155
40884,5832.995
40885,8014.3735
40886,5106.2036
40887,5577.305
40888,3094.7
40889,8453.376
40890,4342.2036
40891,6111.435
40892,9155.402
40893,4558.2324
40894,8490.53
40895,6459.5264
40896,3761.5564
40897,6364.663
40898,7222.9185
40899,2759.9465
40900,7907.178
40901,6473.8857
40902,5728.2524
40903,9965.46
40904,7195.057
40905,6481.2134
40906,4171.2876
40907,3961.0178
40908,5248.4814
40909,3619.3032
40910,6951.318
40911,2079.2246
40912,5473.0957
40913,2858.6626
40914,5900.8804
40915,5087.8647
40916,4691.9893
40917,5837.18
40918,7770.842
40919,5876.1616
40920,6583.2935
40921,5581.3022
40922,6000.0166
40923,9999.85
40924,6684.1113
40925,3518.7437
40926,6322.1465
40927,5422.328
40928,3686.8647
40929,12174.996
40930,5827.612
40931,4981.1533
40932,9768.171
40933,6148.827
40934,2162.407
40935,7996.7275
40936,7794.93
40937,6195.997
40938,7157.2266
40939,7898.9995
40940,7584.3447
40941,4672.146
40942,4030.2131
40943,3510.844
40944,6363.716
40945,7551.595
40946,2408.6096
40947,8107.1006
40948,6733.3765
40949,4212.5537
40950,6862.56
40951,4680.6797
40952,6064.076
40953,5675.6655
40954,5727.6626
40955,4840.291
40956,3972.43
40957,5798.0815
40958,7085.7227
40959,8225.357
40960,5100.698
40961,4277.4546
40962,6205.194
40963,6481.0835
40964,6133.4688
40965,3058.6428
40966,2826.1443
40967,7825.6294
40968,7348.29
40969,3940.0913
40970,7078.13
40971,6666.1187
40972,5153.1123
40973,4893.007
40974,1240.5323
40975,6322.7856
40976,5636.057
40977,4835.999
40978,8039.754
40979,6449.3257
40980,3424.9902
40981,5731.9966
40982,3237.825
40983,1313.1732
40984,5516.398
40985,12429.257
40986,5469.5728
40987,4286.5596
40988,2808.3386
40989,4561.5903
40990,7084.6143
40991,4970.792
40992,9482.092
40993,3415.7793
40994,4253.798
40995,3834.3394
40996,5496.256
40997,3351.2651
40998,2371.3833
40999,4407.3525
41000,3839.35
41001,6740.5605
41002,4211.421
41003,4786.312
41004,4752.6914
41005,7020.2134
41006,4738.446
41007,3920.9656
41008,8387.624
41009,6099.456
41010,6241.641
41011,1826.0144
41012,6118.5103
41013,5547.4136
41014,5032.316
41015,8035.79
41016,8422.359
41017,5885.804
41018,6110.8174
41019,6658.728
41020,8331.571
41021,12184.976
41022,3016.2214
41023,3637.0479
41024,4939.804
41025,5245.5835
41026,5818.109
41027,7751.802
41028,7071.922
41029,6630.6836
41030,2307.8567
41031,6250.25
41032,9014.967
41033,3184.1953
41034,6192.582
41035,2858.9106
41036,6485.8022
41037,7263.6865
41038,5184.9043
41039,5623.5073
41040,3911.3687
41041,5042.031
41042,6040.4937
41043,5394.491
41044,8225.757
41045,5591.528
41046,8459.377
41047,5178.2417
41048,3258.073
41049,8490.951
41050,2718.017
41051,8814.565
41052,6200.6616
41053,4793.659
41054,6532.0415
41055,4344.802
41056,4844.647
41057,7731.68
41058,2617.7737
41059,2578.9492
41060,6196.086
41061,6716.846
41062,11458.549
41063,5677.0894
41064,5891.539
41065,3406.7812
41066,6010.8257
41067,2938.9192
41068,10337.011
41069,7104.319
41070,14265.454
41071,5501.2646
41072,4971.2095
41073,9210.976
41074,9610.525
41075,2824.8843
41076,8509.622
41077,6849.2
41078,5741.512
41079,5802.2974
41080,4772.6396
41081,3269.375
41082,5452.1704
41083,4182.9746
41084,2582.7683
41085,8096.8154
41086,5445.076
41087,23227.803
41088,6641.444
